x_utm,y_utm,lon,lat,height_m,crown_radius_m,bucket
551203.38,4162696.09,-122.4198622,37.6099346,50.4,14.0,tall
551238.38,4162710.09,-122.4194646,37.6100588,50.3,7.6,tall
551260.38,4162712.09,-122.4192153,37.6100756,49.6,8.2,tall
551267.38,4162725.09,-122.419135,37.6101924,49.1,7.5,tall
551293.38,4162743.09,-122.4188392,37.6103532,49.1,14.0,tall
551224.38,4162724.09,-122.4196223,37.6101858,48.9,7.9,tall
551234.38,4162694.09,-122.4195111,37.6099148,48.8,13.7,tall
551237.38,4162703.09,-122.4194765,37.6099958,48.6,4.7,tall
551246.38,4162696.09,-122.419375,37.6099322,48.2,7.2,tall
551274.38,4162749.09,-122.419054,37.6104083,48.2,10.8,tall
551276.38,4162734.09,-122.4190324,37.610273,48.2,4.7,tall
551201.38,4163067.09,-122.4198588,37.6132785,48.1,14.0,tall
551243.38,4162703.09,-122.4194085,37.6099955,48.1,7.4,tall
551194.38,4162698.09,-122.419964,37.6099531,47.8,8.5,tall
551206.38,4162708.09,-122.4198273,37.6100426,47.7,9.1,tall
551947.38,4162050.09,-122.4114789,37.6040704,47.3,14.0,tall
551275.38,4162742.09,-122.4190432,37.6103452,47.2,6.0,tall
551331.38,4162733.09,-122.4184094,37.6102609,47.1,14.0,tall
551241.38,4162719.09,-122.41943,37.6101398,47.0,4.3,tall
551255.38,4162726.09,-122.4192709,37.6102021,46.9,8.6,tall
551214.38,4162706.09,-122.4197368,37.6100241,46.9,4.2,tall
551212.38,4162713.09,-122.419759,37.6100873,46.9,8.7,tall
551248.38,4162711.09,-122.4193513,37.6100673,46.7,5.0,tall
551284.38,4162723.09,-122.4189426,37.6101734,46.5,8.7,tall
551297.38,4162707.09,-122.4187964,37.6100285,46.3,14.0,tall
551270.38,4162710.09,-122.4191021,37.610057,46.2,10.3,tall
551225.38,4162743.09,-122.4196096,37.610357,46.2,7.2,tall
551232.38,4162726.09,-122.4195315,37.6102034,46.1,10.7,tall
551328.38,4162717.09,-122.4184445,37.6101169,46.1,14.0,tall
551275.38,4162721.09,-122.4190447,37.6101559,46.0,5.6,tall
551262.38,4162736.09,-122.4191909,37.6102918,45.9,11.8,tall
551287.38,4162732.09,-122.418908,37.6102544,45.7,5.2,tall
551229.38,4162707.09,-122.4195668,37.6100323,45.7,4.5,tall
551253.38,4162734.09,-122.419293,37.6102743,45.6,4.3,tall
551286.38,4162750.09,-122.418918,37.6104167,45.6,7.3,tall
551217.38,4162690.09,-122.419704,37.6098797,45.6,10.6,tall
551318.38,4162717.09,-122.4185578,37.6101175,45.5,3.8,tall
551314.38,4162726.09,-122.4186025,37.6101988,45.5,12.3,tall
551196.38,4162998.09,-122.4199203,37.6126569,45.4,14.0,tall
551221.38,4162701.09,-122.4196579,37.6099787,45.1,6.9,tall
551271.38,4162763.09,-122.4190871,37.6105347,44.5,7.1,tall
551190.38,4162716.09,-122.420008,37.6101156,44.4,8.6,tall
551221.38,4162751.09,-122.4196544,37.6104293,44.1,10.6,tall
551302.38,4162697.09,-122.4187405,37.6099381,44.1,13.4,tall
551215.38,4162746.09,-122.4197227,37.6103846,43.7,5.0,tall
551259.38,4162770.09,-122.4192225,37.6105984,43.3,10.5,tall
551943.38,4162061.09,-122.4115234,37.6041698,43.1,8.2,tall
551940.38,4162066.09,-122.411557,37.604215,43.0,9.7,tall
551246.38,4162758.09,-122.4193706,37.610491,43.0,9.3,tall
551952.38,4162154.09,-122.4114148,37.6050075,42.9,14.0,tall
551254.38,4162761.09,-122.4192798,37.6105176,42.9,7.0,tall
551626.38,4162241.09,-122.4151019,37.60581,42.9,12.5,tall
551207.38,4162737.09,-122.419814,37.6103039,42.8,7.7,tall
551190.38,4162684.09,-122.4200103,37.6098272,42.6,7.7,tall
552735.38,4161140.09,-122.4026175,37.5958237,42.4,14.0,tall
551342.38,4162713.09,-122.4182862,37.6100801,42.1,14.0,tall
551952.38,4162147.09,-122.4114153,37.6049444,42.0,5.4,tall
551947.38,4162143.09,-122.4114723,37.6049086,42.0,14.0,tall
551869.38,4161191.09,-122.4124234,37.5963326,41.9,14.0,tall
551361.38,4163115.09,-122.4180427,37.6137022,41.8,11.9,tall
551271.38,4162773.09,-122.4190863,37.6106248,41.8,8.2,tall
551235.38,4162748.09,-122.419496,37.6104015,41.3,6.2,tall
551197.38,4162745.09,-122.4199267,37.6103766,41.0,12.4,tall
551842.38,4161188.09,-122.4127294,37.5963071,40.8,8.5,tall
551619.38,4162234.09,-122.4151817,37.6057473,40.5,14.0,tall
552294.38,4161736.09,-122.4075703,37.6012207,40.5,14.0,tall
551855.38,4161186.09,-122.4125823,37.5962884,40.4,8.8,tall
552750.38,4161145.09,-122.4024472,37.5958679,40.1,12.7,tall
552723.38,4161131.09,-122.4027541,37.5957433,40.0,9.9,tall
551190.38,4163082.09,-122.4199824,37.6134143,40.0,1.3,tall
551408.38,4162643.09,-122.4175433,37.6094455,40.0,10.3,tall
551494.38,4162620.09,-122.4165706,37.6092333,40.0,13.0,tall
551418.38,4162638.09,-122.4174304,37.6093998,39.9,14.0,tall
551405.38,4162638.09,-122.4175777,37.6094006,39.8,11.0,tall
551584.38,4162302.09,-122.4155734,37.6063622,39.8,11.8,tall
551665.38,4162019.09,-122.4146757,37.6038069,39.7,9.5,tall
551618.38,4162241.09,-122.4151925,37.6058105,39.6,7.7,tall
551633.38,4162251.09,-122.4150219,37.6058997,39.6,10.7,tall
551367.38,4163138.09,-122.4179731,37.6139092,39.5,11.1,tall
552759.38,4161154.09,-122.4023446,37.5959485,39.5,8.3,tall
551364.38,4163133.09,-122.4180074,37.6138643,39.5,10.2,tall
551857.38,4161174.09,-122.4125605,37.5961801,39.3,11.0,tall
551491.38,4162443.09,-122.4166171,37.6076382,39.2,13.0,tall
551344.38,4163138.09,-122.4182337,37.6139105,39.1,11.9,tall
551841.38,4161197.09,-122.4127401,37.5963883,39.1,10.3,tall
551613.38,4162265.09,-122.4152475,37.606027,39.0,10.2,tall
551847.38,4161176.09,-122.4126737,37.5961987,39.0,12.1,tall
551496.38,4162628.09,-122.4165474,37.6093053,38.9,7.7,tall
551386.38,4163140.09,-122.4177577,37.6139262,38.9,7.5,tall
551952.38,4162200.09,-122.4114116,37.6054221,38.8,8.8,tall
551950.38,4162188.09,-122.4114351,37.6053141,38.7,14.0,tall
552377.38,4161884.09,-122.4066194,37.6025499,38.6,14.0,tall
551395.38,4163141.09,-122.4176556,37.6139347,38.6,10.1,tall
551575.38,4162302.09,-122.4156754,37.6063627,38.5,14.0,tall
551659.38,4162027.09,-122.4147431,37.6038794,38.4,11.5,tall
552368.38,4161888.09,-122.4067211,37.6025864,38.3,7.7,tall
552321.38,4161726.09,-122.4072651,37.601129,38.2,13.1,tall
551888.38,4161290.09,-122.4122012,37.5972239,38.2,14.0,tall
552368.38,4161882.09,-122.4067215,37.6025324,38.1,8.9,tall
551498.38,4162444.09,-122.4165377,37.6076468,38.0,13.7,tall
551207.38,4163014.09,-122.4197946,37.6128005,37.9,14.0,tall
551295.38,4162722.09,-122.418818,37.6101638,37.8,3.0,tall
551203.38,4162758.09,-122.4198578,37.6104934,37.8,11.7,tall
551675.38,4162026.09,-122.414562,37.6038694,37.7,9.6,tall
551591.38,4162285.09,-122.4154953,37.6062085,37.7,11.7,tall
551209.38,4162761.09,-122.4197896,37.6105201,37.6,6.7,tall
551617.38,4162256.09,-122.4152028,37.6059457,37.6,5.3,tall
551455.38,4162617.09,-122.4170127,37.6092085,37.4,7.2,tall
551498.38,4162374.09,-122.4165426,37.6070159,37.3,14.0,tall
552747.38,4161117.09,-122.4024832,37.5956157,37.3,14.0,tall
551345.38,4163120.09,-122.4182236,37.6137482,37.2,14.0,tall
551891.38,4162188.09,-122.4121035,37.6053174,37.2,14.0,tall
551680.38,4162039.09,-122.4145044,37.6039863,37.0,6.8,tall
551615.38,4162251.09,-122.4152258,37.6059008,37.0,3.4,tall
552212.38,4161673.09,-122.4085037,37.6006575,36.9,14.0,tall
551469.38,4162617.09,-122.4168541,37.6092077,36.7,8.0,tall
552748.38,4161201.09,-122.4024658,37.5963728,36.7,14.0,tall
551604.38,4162276.09,-122.4153486,37.6061267,36.6,7.0,tall
552307.38,4161716.09,-122.4074244,37.6010397,36.6,7.8,tall
552769.38,4161154.09,-122.4022314,37.595948,36.6,14.0,tall
551567.38,4162284.09,-122.4157673,37.6062009,36.4,14.0,tall
551630.38,4162225.09,-122.4150577,37.6056656,36.3,6.1,tall
551572.38,4162283.09,-122.4157107,37.6061916,36.3,8.7,tall
552291.38,4161928.09,-122.4075905,37.6029513,36.2,14.0,tall
552309.38,4161914.09,-122.4073876,37.6028241,36.2,12.5,tall
551682.38,4162021.09,-122.414483,37.603824,36.2,4.9,tall
552324.38,4161923.09,-122.4072171,37.6029044,36.2,10.9,tall
551662.38,4162045.09,-122.4147079,37.6040414,36.1,10.1,tall
552253.38,4161425.09,-122.4080569,37.59842,36.0,12.7,tall
551489.38,4162435.09,-122.4166403,37.6075662,36.0,7.8,tall
551978.38,4162252.09,-122.4111133,37.6058893,35.9,13.8,tall
551450.38,4162570.09,-122.4170726,37.6087852,35.9,12.4,tall
551807.38,4161412.09,-122.4131101,37.598328,35.8,14.0,tall
551629.38,4162218.09,-122.4150695,37.6056025,35.8,9.8,tall
552519.38,4161421.09,-122.405044,37.5983688,35.7,10.4,tall
551441.38,4162616.09,-122.4171714,37.6092003,35.6,9.9,tall
551380.38,4162621.09,-122.4178621,37.6092487,35.6,14.0,tall
551497.38,4162398.09,-122.4165523,37.6072323,35.6,6.7,tall
551608.38,4162250.09,-122.4153052,37.6058921,35.5,10.4,tall
551497.38,4162391.09,-122.4165527,37.6071692,35.4,11.7,tall
551434.38,4162592.09,-122.4172523,37.6089843,35.2,13.1,tall
552329.38,4161912.09,-122.4071612,37.602805,35.2,8.7,tall
551579.38,4162278.09,-122.4156317,37.6061461,35.2,7.4,tall
551440.38,4162605.09,-122.4171835,37.6091012,35.2,9.0,tall
551896.38,4162197.09,-122.4120462,37.6053982,35.2,13.1,tall
551752.38,4162029.09,-122.4136894,37.6038922,35.1,11.2,tall
551498.38,4162408.09,-122.4165402,37.6073224,35.0,13.5,tall
551423.38,4162598.09,-122.4173765,37.609039,35.0,8.8,tall
551758.38,4162031.09,-122.4136213,37.6039098,34.9,6.8,tall
552835.38,4162434.09,-122.4013913,37.6074808,34.9,14.0,tall
552493.38,4161918.09,-122.4053029,37.6028497,34.9,12.8,tall
552781.38,4162372.09,-122.4020076,37.6069251,34.8,7.4,tall
551509.38,4162365.09,-122.4164186,37.6069342,34.8,14.0,tall
552785.38,4162380.09,-122.4019617,37.606997,34.8,7.7,tall
552736.38,4161152.09,-122.4026053,37.5959318,34.7,8.5,tall
552513.38,4161420.09,-122.4051121,37.5983601,34.7,6.7,tall
552501.38,4161424.09,-122.4052477,37.5983968,34.7,8.1,tall
551502.38,4162437.09,-122.4164929,37.6075835,34.7,7.9,tall
551231.38,4162768.09,-122.4195399,37.610582,34.5,9.8,tall
551977.38,4161725.09,-122.4111621,37.6011395,34.5,11.4,tall
551454.38,4162598.09,-122.4170253,37.6090373,34.4,11.4,tall
551716.38,4162098.09,-122.4140924,37.6045161,34.4,9.4,tall
551829.38,4161202.09,-122.4128757,37.596434,34.4,9.7,tall
551447.38,4162597.09,-122.4171047,37.6090287,34.3,6.6,tall
551686.38,4162049.09,-122.4144357,37.6040761,34.3,14.0,tall
551997.38,4162258.09,-122.4108977,37.6059423,34.3,13.6,tall
551389.38,4163127.09,-122.4177246,37.6138088,34.2,9.2,tall
551516.38,4162356.09,-122.41634,37.6068527,34.2,13.7,tall
551305.38,4162770.09,-122.4187014,37.6105959,34.2,6.7,tall
551707.38,4162094.09,-122.4141946,37.6044805,34.2,12.1,tall
551496.38,4162418.09,-122.4165622,37.6074126,34.1,13.3,tall
551190.38,4163037.09,-122.4199856,37.6130088,34.0,8.3,tall
551438.38,4162572.09,-122.4172084,37.6088039,34.0,10.3,tall
551955.38,4161730.09,-122.411411,37.6011858,33.9,11.6,tall
551596.38,4162259.09,-122.4154405,37.6059739,33.7,4.4,tall
551893.38,4161212.09,-122.41215,37.5965206,33.7,7.5,tall
551590.38,4162264.09,-122.4155081,37.6060193,33.7,10.2,tall
551830.38,4161191.09,-122.4128652,37.5963348,33.5,14.0,tall
552774.38,4161163.09,-122.4021741,37.5960288,33.5,10.2,tall
551688.38,4162033.09,-122.4144142,37.6039318,33.4,7.0,tall
551691.38,4162039.09,-122.4143798,37.6039857,33.4,8.3,tall
551414.38,4162655.09,-122.4174745,37.6095533,33.3,9.7,tall
551462.38,4162569.09,-122.4169367,37.6087755,33.2,8.8,tall
552497.38,4161402.09,-122.4052946,37.5981988,33.2,7.4,tall
551706.38,4162073.09,-122.4142074,37.6042913,33.2,6.8,tall
551216.38,4161718.09,-122.4197833,37.6011191,33.1,14.0,tall
552524.38,4162226.09,-122.4049296,37.6056239,33.1,14.0,tall
551262.38,4161102.09,-122.4193054,37.5955645,33.1,10.9,tall
552242.38,4161412.09,-122.4081825,37.5983034,33.0,14.0,tall
551697.38,4162053.09,-122.4143108,37.6041116,33.0,8.8,tall
551885.38,4161211.09,-122.4122407,37.596512,32.9,9.4,tall
551885.38,4161219.09,-122.4122402,37.5965841,32.9,8.6,tall
551700.38,4162032.09,-122.4142783,37.6039221,32.7,5.0,tall
552798.38,4162380.09,-122.4018144,37.6069963,32.7,11.0,tall
552705.38,4161362.09,-122.4029413,37.5978263,32.6,13.9,tall
553073.38,4161564.09,-122.3987581,37.5996258,32.6,14.0,tall
552733.38,4161197.09,-122.402636,37.5963376,32.6,14.0,tall
552771.38,4162380.09,-122.4021203,37.6069978,32.5,14.0,tall
551723.38,4162075.09,-122.4140147,37.6043084,32.5,6.4,tall
551525.38,4162360.09,-122.4162377,37.6068882,32.4,6.2,tall
552791.38,4162345.09,-122.4018962,37.6066812,32.3,8.3,tall
551994.38,4162822.09,-122.4108915,37.6110258,32.2,14.0,tall
551712.38,4162080.09,-122.414139,37.6043541,32.1,6.7,tall
552763.38,4162358.09,-122.4022125,37.6068,32.1,8.6,tall
551726.38,4162069.09,-122.4139812,37.6042541,32.0,8.6,tall
552769.38,4161132.09,-122.4022329,37.5957497,32.0,9.4,tall
552509.38,4161439.09,-122.405156,37.5985316,32.0,11.9,tall
552504.38,4161409.09,-122.4052148,37.5982615,32.0,9.0,tall
551697.38,4162120.09,-122.4143061,37.6047154,31.9,14.0,tall
552769.38,4162357.09,-122.4021446,37.6067906,31.9,7.1,tall
551632.38,4161238.09,-122.4151047,37.5967696,31.8,11.0,tall
552447.38,4161460.09,-122.4058568,37.5987244,31.7,14.0,tall
551711.38,4162066.09,-122.4141513,37.6042279,31.7,9.4,tall
551461.38,4162562.09,-122.4169486,37.6087124,31.6,8.7,tall
551611.38,4161234.09,-122.4153428,37.5967347,31.5,13.9,tall
551439.38,4162563.09,-122.4171977,37.6087227,31.5,7.5,tall
551428.38,4162625.09,-122.417318,37.6092821,31.5,3.8,tall
551284.38,4162775.09,-122.4189389,37.6106421,31.5,6.4,tall
552912.38,4163099.09,-122.4004709,37.6134701,31.5,10.3,tall
553021.38,4163119.09,-122.3992344,37.613644,31.5,14.0,tall
551557.38,4162295.09,-122.4158798,37.6063006,31.4,8.7,tall
552489.38,4161395.09,-122.4053857,37.5981361,31.4,11.8,tall
552752.38,4161213.09,-122.4024197,37.5964807,31.4,12.5,tall
551811.38,4161944.09,-122.4130271,37.6031227,31.4,10.3,tall
551894.38,4161251.09,-122.412136,37.596872,31.3,13.2,tall
551892.38,4161204.09,-122.4121619,37.5964485,31.3,5.5,tall
551432.38,4162580.09,-122.4172759,37.6088763,31.2,5.1,tall
551904.38,4161210.09,-122.4120256,37.5965019,31.2,12.4,tall
552796.38,4162353.09,-122.401839,37.606753,31.1,11.5,tall
551746.38,4162073.09,-122.4137543,37.6042891,31.1,9.0,tall
552928.38,4163090.09,-122.4002902,37.613388,31.0,7.3,tall
552916.38,4163091.09,-122.4004261,37.6133977,31.0,12.0,tall
552722.38,4161114.09,-122.4027666,37.5955901,31.0,8.6,tall
551221.38,4162771.09,-122.419653,37.6106096,31.0,5.9,tall
551695.38,4162066.09,-122.4143326,37.6042288,31.0,9.9,tall
551798.38,4161952.09,-122.4131738,37.6031956,30.9,14.0,tall
552922.38,4163098.09,-122.4003576,37.6134605,30.9,7.7,tall
552849.38,4162445.09,-122.4012319,37.6075792,30.9,10.2,tall
551394.38,4163013.09,-122.4176759,37.6127811,30.8,13.9,tall
551259.38,4161110.09,-122.4193388,37.5956368,30.8,8.6,tall
551706.38,4162058.09,-122.4142085,37.6041561,30.8,5.1,tall
551513.38,4163091.09,-122.4163222,37.6134774,30.7,14.0,tall
552149.38,4161103.09,-122.409258,37.5955237,30.6,14.0,tall
552987.38,4163130.09,-122.3996189,37.6137451,30.6,9.5,tall
552744.38,4161181.09,-122.4025126,37.5961927,30.6,12.5,tall
551555.38,4162321.09,-122.4159006,37.606535,30.6,12.7,tall
552530.38,4162242.09,-122.4048605,37.6057678,30.6,6.4,tall
551766.38,4162036.09,-122.4135303,37.6039545,30.5,7.4,tall
551389.38,4163019.09,-122.4177322,37.6128354,30.5,12.1,tall
551836.38,4162689.09,-122.4126911,37.609836,30.5,14.0,tall
552915.38,4163114.09,-122.4004358,37.6136051,30.4,11.7,tall
551908.38,4161221.09,-122.4119795,37.5966008,30.4,7.2,tall
552891.38,4163135.09,-122.4007062,37.6137957,30.3,14.0,tall
551948.38,4161739.09,-122.4114896,37.6012673,30.3,14.0,tall
552503.38,4161395.09,-122.4052272,37.5981353,30.2,12.0,tall
551854.38,4161157.09,-122.4125957,37.596027,30.0,10.6,tall
552918.38,4161510.09,-122.4005178,37.599148,30.0,12.1,tall
551763.38,4162078.09,-122.4135614,37.6043332,30.0,13.2,tall
552326.38,4161955.09,-122.4071921,37.6031927,30.0,11.3,tall
551904.38,4161230.09,-122.4120242,37.5966822,29.9,9.2,tall
552987.38,4163123.09,-122.3996194,37.613682,29.9,12.2,tall
552926.38,4163080.09,-122.4003136,37.613298,29.9,10.9,tall
551411.38,4163141.09,-122.4174743,37.6139338,29.8,1.6,tall
552194.38,4161676.09,-122.4087074,37.6006856,29.8,11.7,tall
552328.38,4161947.09,-122.40717,37.6031205,29.8,12.1,tall
551423.38,4163141.09,-122.4173384,37.6139331,29.8,6.5,tall
552798.38,4162343.09,-122.4018171,37.6066628,29.8,8.3,tall
552780.38,4162352.09,-122.4020203,37.6067449,29.7,8.0,tall
551282.38,4163091.09,-122.4189394,37.6134903,29.6,14.0,tall
551249.38,4161116.09,-122.4194517,37.5956914,29.5,13.8,tall
552170.38,4161747.09,-122.4089742,37.6013269,29.4,7.7,tall
551310.38,4162754.09,-122.4186458,37.6104514,29.4,6.3,tall
551897.38,4161260.09,-122.4121013,37.596953,29.3,6.4,tall
551737.38,4162502.09,-122.4138259,37.6081562,29.3,14.0,tall
551789.38,4161406.09,-122.4133144,37.598275,29.2,8.7,tall
552529.38,4161422.09,-122.4049307,37.5983772,29.2,10.2,tall
551803.38,4162119.09,-122.4131053,37.6047005,29.2,14.0,tall
551896.38,4161242.09,-122.4121139,37.5967908,29.2,7.7,tall
552099.38,4161288.09,-122.4098112,37.5971939,29.1,14.0,tall
551900.38,4161285.09,-122.4120656,37.5971781,29.1,11.3,tall
551911.38,4161257.09,-122.411943,37.5969251,29.0,11.3,tall
552941.38,4163068.09,-122.4001445,37.613189,29.0,10.0,tall
551812.38,4161218.09,-122.4130671,37.5965792,28.9,8.9,tall
552141.38,4161894.09,-122.4092922,37.6026534,28.8,10.0,tall
552014.38,4161628.09,-122.4107499,37.6002631,28.8,13.6,tall
551193.38,4161114.09,-122.4200861,37.5956765,28.7,10.4,tall
551244.38,4161266.09,-122.4194978,37.5970437,28.7,14.0,tall
551875.38,4161372.09,-122.4123426,37.5979637,28.5,12.3,tall
551904.38,4161259.09,-122.4120221,37.5969436,28.5,4.5,tall
551549.38,4162309.09,-122.4159694,37.6064272,28.4,9.9,tall
551775.38,4162042.09,-122.413428,37.604008,28.4,9.3,tall
552933.38,4163071.09,-122.400235,37.6132165,28.4,6.3,tall
552908.38,4162145.09,-122.4005852,37.6048719,28.4,13.7,tall
552779.38,4161179.09,-122.4021163,37.5961727,28.3,8.9,tall
551804.38,4162614.09,-122.4130589,37.6091619,28.3,12.3,tall
552760.38,4161201.09,-122.4023299,37.5963721,28.3,7.5,tall
551516.38,4163054.09,-122.4162908,37.6131438,28.3,14.0,tall
551976.38,4162307.09,-122.4111321,37.6063851,28.2,8.6,tall
552942.38,4163141.09,-122.4001279,37.6138469,28.1,11.0,tall
551971.38,4162307.09,-122.4111887,37.6063854,28.1,13.1,tall
552120.38,4161518.09,-122.4095569,37.5992657,28.1,14.0,tall
551966.38,4162312.09,-122.411245,37.6064308,28.0,7.7,tall
552725.38,4161163.09,-122.4027291,37.5960316,27.9,10.7,tall
551819.38,4161937.09,-122.4129369,37.6030592,27.9,12.2,tall
551825.38,4161419.09,-122.4129057,37.5983901,27.8,8.7,tall
552861.38,4162447.09,-122.4010958,37.6075965,27.8,9.7,tall
551240.38,4162548.09,-122.4194533,37.6085986,27.8,14.0,tall
551507.38,4162424.09,-122.4164371,37.6074661,27.8,7.0,tall
551707.38,4162502.09,-122.4141658,37.6081579,27.7,10.9,tall
551820.38,4161206.09,-122.4129774,37.5964706,27.7,5.9,tall
551506.38,4162406.09,-122.4164497,37.6073039,27.6,3.9,tall
551753.38,4162480.09,-122.4136462,37.607957,27.6,14.0,tall
551776.38,4161228.09,-122.4134742,37.5966714,27.6,12.7,tall
551339.38,4161298.09,-122.4184194,37.5973268,27.5,7.7,tall
551623.38,4161219.09,-122.415208,37.5965988,27.5,9.1,tall
551920.38,4162213.09,-122.4117732,37.6055411,27.5,13.7,tall
552553.38,4162245.09,-122.4045997,37.6057935,27.3,6.8,tall
551305.38,4162805.09,-122.4186989,37.6109113,27.3,9.6,tall
552738.38,4161164.09,-122.4025818,37.5960399,27.3,6.0,tall
553098.38,4161557.09,-122.3984754,37.5995613,27.2,9.0,tall
551190.38,4161106.09,-122.4201207,37.5956046,27.2,6.1,tall
551335.38,4161291.09,-122.4184652,37.5972639,27.2,8.9,tall
551800.38,4161962.09,-122.4131504,37.6032856,27.1,5.9,tall
552693.38,4161366.09,-122.403077,37.5978631,27.1,13.3,tall
551725.38,4162091.09,-122.4139909,37.6044525,27.1,7.3,tall
551558.38,4161754.09,-122.4159066,37.6014245,27.0,12.5,tall
551432.38,4161661.09,-122.4173405,37.6005933,27.0,12.3,tall
552899.38,4163117.09,-122.4006169,37.613633,27.0,12.7,tall
551792.38,4161225.09,-122.4132932,37.5966434,26.9,6.5,tall
551791.38,4162042.09,-122.4132467,37.6040071,26.9,9.0,tall
551879.38,4161335.09,-122.4122999,37.59763,26.9,11.0,tall
551838.38,4161881.09,-122.4127257,37.6025534,26.8,11.5,tall
551861.38,4161163.09,-122.412516,37.5960807,26.8,5.0,tall
551297.38,4162802.09,-122.4187897,37.6108847,26.8,14.0,tall
551192.38,4161127.09,-122.4200966,37.5957937,26.8,5.0,tall
551687.38,4162081.09,-122.4144221,37.6043645,26.7,6.8,tall
551805.38,4161215.09,-122.4131467,37.5965526,26.7,10.4,tall
551687.38,4162088.09,-122.4144216,37.6044276,26.7,6.8,tall
551694.38,4161810.09,-122.414362,37.6019216,26.7,14.0,tall
551801.38,4162008.09,-122.4131358,37.6037001,26.7,11.0,tall
551988.38,4162871.09,-122.410956,37.6114678,26.6,11.5,tall
552080.38,4162891.09,-122.4099123,37.6116429,26.6,7.9,tall
553213.38,4162019.09,-122.3971391,37.6037186,26.5,8.0,tall
551576.38,4161317.09,-122.4157335,37.5974848,26.5,10.7,tall
552868.38,4163011.09,-122.4009757,37.6126794,26.5,12.3,tall
551890.38,4161374.09,-122.4121725,37.5979808,26.5,14.0,tall
551823.38,4161885.09,-122.4128953,37.6025903,26.4,8.8,tall
551786.38,4161229.09,-122.4133609,37.5966798,26.4,4.3,tall
553061.38,4161621.09,-122.3988899,37.6001402,26.4,8.7,tall
552541.38,4162239.09,-122.4047361,37.6057401,26.3,6.8,tall
551678.38,4161257.09,-122.4145823,37.5969383,26.3,12.1,tall
552550.38,4162238.09,-122.4046342,37.6057306,26.3,7.6,tall
552987.38,4163140.09,-122.3996181,37.6138353,26.2,8.3,tall
551768.38,4162214.09,-122.4134951,37.6055587,26.0,13.2,tall
551765.38,4161236.09,-122.4135983,37.5967441,26.0,11.1,tall
552208.38,4162530.09,-122.4084878,37.6083819,26.0,8.8,tall
552876.38,4161491.09,-122.400995,37.5989792,26.0,10.9,tall
551810.38,4161970.09,-122.4130366,37.6033571,26.0,14.0,tall
551708.38,4162006.09,-122.4141895,37.6036873,25.9,8.3,tall
551850.38,4161762.09,-122.4125982,37.6014802,25.9,9.9,tall
551697.38,4162131.09,-122.4143053,37.6048146,25.9,9.4,tall
551902.38,4161268.09,-122.4120441,37.5970248,25.9,8.2,tall
551895.38,4161684.09,-122.4120939,37.6007746,25.8,14.0,tall
551242.38,4162924.09,-122.4194043,37.6119874,25.8,14.0,tall
552486.38,4161412.09,-122.4054185,37.5982895,25.6,8.4,tall
551534.38,4162340.09,-122.4161372,37.6067075,25.6,10.1,tall
551793.38,4162029.09,-122.413225,37.6038898,25.6,8.6,tall
552362.38,4161981.09,-122.4067824,37.603425,25.6,6.9,tall
551680.38,4162096.09,-122.4145004,37.6045001,25.5,14.0,tall
552253.38,4161539.09,-122.4080488,37.5994474,25.5,9.3,tall
553136.38,4161561.09,-122.3980447,37.5995951,25.5,12.0,tall
551898.38,4161695.09,-122.4120592,37.6008736,25.4,5.7,tall
552288.38,4161377.09,-122.4076639,37.5979853,25.4,11.9,tall
552220.38,4162517.09,-122.4083528,37.6082641,25.4,11.7,tall
552369.38,4161142.09,-122.4067632,37.5958627,25.3,10.0,tall
551810.38,4161911.09,-122.4130407,37.6028254,25.3,9.6,tall
552988.38,4162222.09,-122.3996733,37.6055613,25.3,8.0,tall
552792.38,4161184.09,-122.4019687,37.596217,25.3,9.3,tall
551363.38,4162575.09,-122.4180579,37.6088351,25.2,14.0,tall
551870.38,4161755.09,-122.4123721,37.6014159,25.2,13.9,tall
553153.38,4163083.09,-122.3977415,37.6133119,25.2,6.2,tall
551778.38,4161214.09,-122.4134526,37.5965451,25.2,8.5,tall
552974.38,4161582.09,-122.3998783,37.5997938,25.2,13.3,tall
552471.38,4161289.09,-122.4055972,37.5971818,25.1,8.0,tall
551273.38,4161102.09,-122.4191808,37.5955639,25.1,2.8,tall
552169.38,4161492.09,-122.4090037,37.5990286,25.1,12.9,tall
552816.38,4162867.09,-122.4015753,37.6113846,25.1,8.8,tall
553226.38,4162924.09,-122.396926,37.6118747,25.1,6.1,tall
552223.38,4161327.09,-122.4084038,37.5975384,25.0,9.2,tall
552177.38,4162278.09,-122.408857,37.6061124,25.0,14.0,tall
551222.38,4163031.09,-122.4196234,37.6129529,25.0,11.6,tall
552114.38,4161957.09,-122.4095936,37.6032228,25.0,9.5,tall
552394.38,4161147.09,-122.4064796,37.5959063,25.0,6.3,tall
553128.38,4163066.09,-122.398026,37.6131602,24.8,6.6,tall
551955.38,4161616.09,-122.4114191,37.6001583,24.8,11.6,tall
551562.38,4161299.09,-122.4158933,37.5973233,24.8,10.4,tall
551857.38,4161827.09,-122.4125143,37.6020656,24.8,14.0,tall
551473.38,4163130.09,-122.4167726,37.6138312,24.8,11.6,tall
551447.38,4161680.09,-122.4171692,37.6007637,24.8,13.8,tall
551568.38,4161309.09,-122.4158246,37.5974131,24.8,12.3,tall
551876.38,4161400.09,-122.4123293,37.598216,24.8,12.5,tall
551825.38,4161895.09,-122.4128719,37.6026803,24.7,5.9,tall
551268.38,4163042.09,-122.4191015,37.6130495,24.7,14.0,tall
552386.38,4161149.09,-122.4065701,37.5959248,24.7,14.0,tall
552952.38,4163139.09,-122.4000148,37.6138283,24.7,4.9,tall
552013.38,4163108.09,-122.4106559,37.6136025,24.7,10.8,tall
551225.38,4161281.09,-122.419712,37.5971799,24.7,14.0,tall
552004.38,4162101.09,-122.4108295,37.6045269,24.6,13.9,tall
552569.38,4162248.09,-122.4044182,37.6058197,24.6,13.2,tall
551579.38,4161763.09,-122.415668,37.6015044,24.6,12.0,tall
552183.38,4161305.09,-122.4088584,37.5973424,24.6,5.6,tall
551496.38,4162461.09,-122.4165591,37.6078002,24.6,10.4,tall
552891.38,4161493.09,-122.4008249,37.5989964,24.6,10.7,tall
553166.38,4161652.09,-122.3976982,37.6004136,24.6,9.5,tall
551622.38,4161288.09,-122.4152144,37.5972208,24.5,9.7,tall
552699.38,4161376.09,-122.4030083,37.5979529,24.5,7.3,tall
552131.38,4162565.09,-122.4093577,37.6087017,24.5,8.4,tall
551806.38,4162437.09,-122.4130488,37.6075664,24.5,7.2,tall
551558.38,4161391.09,-122.4159321,37.5981527,24.4,14.0,tall
551512.38,4161431.09,-122.4164504,37.5985158,24.4,14.0,tall
551551.38,4161390.09,-122.4160115,37.5981441,24.4,8.8,tall
552572.38,4161324.09,-122.4044506,37.5974915,24.3,11.6,tall
551703.38,4161943.09,-122.4142506,37.6031198,24.3,14.0,tall
552791.38,4161173.09,-122.4019808,37.5961179,24.3,6.1,tall
552798.38,4161202.09,-122.4018994,37.5963789,24.3,7.0,tall
552522.38,4162596.09,-122.4049257,37.6089589,24.2,10.6,tall
551529.38,4162370.09,-122.4161917,37.6069781,24.1,8.5,tall
551212.38,4161292.09,-122.4198585,37.5972798,24.1,14.0,tall
552867.38,4161489.09,-122.4010971,37.5989617,24.1,6.1,tall
553094.38,4161473.09,-122.3985268,37.5988044,24.1,7.4,tall
551284.38,4162817.09,-122.418936,37.6110207,24.1,9.0,tall
551892.38,4161438.09,-122.4121453,37.5985576,24.1,10.1,tall
551492.38,4163130.09,-122.4165574,37.6138301,24.1,13.3,tall
551307.38,4161263.09,-122.4187844,37.5970131,24.0,8.5,tall
551737.38,4161907.09,-122.413868,37.6027934,23.9,14.0,tall
552748.38,4161170.09,-122.4024681,37.5960934,23.8,5.8,tall
552054.38,4162921.09,-122.4102047,37.6119147,23.8,12.1,tall
552223.38,4162491.09,-122.4083207,37.6080295,23.8,7.6,tall
551464.38,4161861.09,-122.4169639,37.6023941,23.8,11.5,tall
551812.38,4161903.09,-122.4130186,37.6027531,23.8,8.8,tall
551201.38,4161824.09,-122.4199459,37.6020753,23.7,14.0,tall
553171.38,4161659.09,-122.3976411,37.6004764,23.7,6.1,tall
552373.38,4161975.09,-122.4066582,37.6033703,23.6,8.3,tall
551817.38,4161914.09,-122.4129612,37.602852,23.6,7.1,tall
552814.38,4161319.09,-122.4017097,37.5974325,23.6,10.5,tall
551785.38,4162025.09,-122.4133159,37.6038542,23.5,11.5,tall
551330.38,4163022.09,-122.4184004,37.6128658,23.5,14.0,tall
551682.38,4161808.09,-122.4144981,37.6019042,23.5,13.6,tall
551554.38,4163107.09,-122.4158565,37.6136193,23.4,13.9,tall
551637.38,4161300.09,-122.4150437,37.5973281,23.4,12.7,tall
552279.38,4161994.09,-122.4077218,37.6035469,23.4,9.1,tall
551228.38,4162945.09,-122.4195615,37.6121774,23.4,14.0,tall
551613.38,4161296.09,-122.4153158,37.5972934,23.4,11.2,tall
551647.38,4161281.09,-122.4149317,37.5971563,23.3,13.6,tall
552133.38,4161823.09,-122.4093879,37.602014,23.3,7.6,tall
551892.38,4162069.09,-122.4121006,37.6042448,23.3,6.7,tall
552815.38,4161329.09,-122.4016977,37.5975226,23.3,5.3,tall
552384.38,4161868.09,-122.4065413,37.6024053,23.3,6.7,tall
551438.38,4161720.09,-122.4172683,37.6011247,23.2,14.0,tall
551915.38,4162197.09,-122.411831,37.6053972,23.2,5.7,tall
551725.38,4161968.09,-122.4139996,37.6033439,23.2,12.0,tall
552821.38,4161330.09,-122.4016296,37.5975313,23.2,8.0,tall
551351.38,4161696.09,-122.4182556,37.6009133,23.2,5.5,tall
553073.38,4162964.09,-122.3986565,37.612244,23.2,11.0,tall
551719.38,4162045.09,-122.4140621,37.6040382,23.2,5.0,tall
552253.38,4162511.09,-122.4079794,37.6082081,23.2,9.8,tall
551445.38,4161673.09,-122.4171924,37.6007007,23.2,5.9,tall
551811.38,4161755.09,-122.4130405,37.6014193,23.2,11.3,tall
551493.38,4161855.09,-122.4166358,37.6023384,23.1,11.5,tall
551860.38,4161142.09,-122.4125288,37.5958915,23.1,14.0,tall
551702.38,4161998.09,-122.4142581,37.6036156,23.1,9.4,tall
551888.38,4161340.09,-122.4121976,37.5976745,23.1,10.7,tall
552436.38,4161589.09,-122.4059722,37.5998877,23.1,10.0,tall
552191.38,4162021.09,-122.4087168,37.6037952,23.1,9.3,tall
552807.38,4161330.09,-122.4017882,37.5975321,23.0,8.3,tall
551772.38,4162026.09,-122.4134631,37.603864,23.0,5.9,tall
552199.38,4162303.09,-122.408606,37.6063365,23.0,7.9,tall
552011.38,4161887.09,-122.4107654,37.6025977,23.0,8.6,tall
552130.38,4162553.09,-122.4093699,37.6085936,22.9,6.6,tall
552587.38,4162162.09,-122.4042205,37.6050435,22.9,9.1,tall
552069.38,4161562.09,-122.4101315,37.5996652,22.9,10.7,tall
551480.38,4162469.09,-122.4167399,37.6078732,22.9,11.4,tall
552497.38,4162218.09,-122.4052361,37.6055534,22.9,9.7,tall
552901.38,4162613.09,-122.4006307,37.6090904,22.8,14.0,tall
552349.38,4162894.09,-122.4068644,37.6116546,22.8,3.9,tall
552230.38,4162656.09,-122.4082296,37.6095163,22.8,10.5,tall
551883.38,4162379.09,-122.4121806,37.6070393,22.8,14.0,tall
551761.38,4162802.09,-122.4135328,37.6108587,22.8,7.5,tall
551645.38,4162585.09,-122.4148623,37.6089094,22.8,10.1,tall
551850.38,4161731.09,-122.4126004,37.6012008,22.8,14.0,tall
551611.38,4161303.09,-122.415338,37.5973566,22.8,7.7,tall
552006.38,4161877.09,-122.4108228,37.6025078,22.8,6.0,tall
551373.38,4162663.09,-122.4179385,37.6096277,22.7,14.0,tall
551583.38,4161369.09,-122.4156505,37.597953,22.7,9.0,tall
552956.38,4163128.09,-122.3999702,37.6137289,22.7,8.7,tall
551763.38,4161213.09,-122.4136225,37.5965369,22.7,8.1,tall
551496.38,4161868.09,-122.4166009,37.6024554,22.7,10.2,tall
552996.38,4162229.09,-122.3995822,37.6056239,22.7,7.5,tall
552472.38,4161948.09,-122.4055387,37.6031213,22.7,7.0,tall
551519.38,4162426.09,-122.416301,37.6074834,22.6,7.8,tall
551493.38,4161787.09,-122.4166406,37.6017255,22.6,6.7,tall
552232.38,4161334.09,-122.4083013,37.597601,22.6,9.6,tall
551903.38,4161333.09,-122.4120282,37.5976106,22.6,12.2,tall
551760.38,4161195.09,-122.4136578,37.5963748,22.6,9.1,tall
551390.38,4161234.09,-122.4178462,37.5967471,22.6,12.0,tall
551714.38,4161821.09,-122.4141346,37.6020196,22.6,9.8,tall
551713.38,4161816.09,-122.4141463,37.6019746,22.6,6.7,tall
552026.38,4162887.09,-122.4105244,37.6116099,22.5,14.0,tall
552207.38,4162538.09,-122.4084986,37.6084541,22.5,6.7,tall
551946.38,4161699.09,-122.4115151,37.6009069,22.5,9.4,tall
552979.38,4161718.09,-122.3998118,37.6010192,22.5,11.9,tall
551562.38,4161809.09,-122.4158574,37.60192,22.5,14.0,tall
551621.38,4161350.09,-122.4152214,37.5977797,22.4,9.2,tall
551720.38,4162464.09,-122.4140212,37.6078146,22.4,14.0,tall
551715.38,4162462.09,-122.414078,37.6077969,22.4,11.2,tall
551454.38,4161695.09,-122.4170889,37.6008985,22.4,7.5,tall
551402.38,4161221.09,-122.4177112,37.5966292,22.4,7.3,tall
551299.38,4161234.09,-122.418877,37.5967522,22.4,11.1,tall
551498.38,4161791.09,-122.4165837,37.6017613,22.4,12.0,tall
552235.38,4161343.09,-122.4082667,37.5976819,22.4,3.7,tall
552857.38,4161482.09,-122.4012109,37.5988992,22.4,14.0,tall
551610.38,4161270.09,-122.4153516,37.5970592,22.4,7.9,tall
552918.38,4161386.09,-122.4005268,37.5980304,22.4,10.8,tall
551867.38,4161396.09,-122.4124315,37.5981804,22.4,5.5,tall
552260.38,4162505.09,-122.4079005,37.6081536,22.4,7.4,tall
551575.38,4161177.09,-122.4157547,37.596223,22.4,14.0,tall
551751.38,4161213.09,-122.4137585,37.5965376,22.4,7.0,tall
551798.38,4161753.09,-122.4131879,37.601402,22.4,10.6,tall
552283.38,4162062.09,-122.4076716,37.6041595,22.4,7.7,tall
551875.38,4162372.09,-122.4122717,37.6069767,22.3,6.4,tall
551602.38,4161268.09,-122.4154424,37.5970417,22.3,10.1,tall
552783.38,4161190.09,-122.4020702,37.5962716,22.3,8.6,tall
552324.38,4161485.09,-122.4072484,37.5989567,22.2,13.6,tall
551802.38,4162641.09,-122.4130797,37.6094053,22.2,11.8,tall
552886.38,4162384.09,-122.4008172,37.6070273,22.2,8.2,tall
552569.38,4161311.09,-122.4044856,37.5973745,22.2,8.6,tall
552016.38,4162104.09,-122.4106934,37.6045532,22.2,6.5,tall
552032.38,4161863.09,-122.4105292,37.6023802,22.1,7.9,tall
551823.38,4161874.09,-122.4128961,37.6024911,22.1,10.1,tall
551460.38,4162832.09,-122.4169409,37.611146,22.1,7.9,tall
552361.38,4161124.09,-122.4068551,37.5957009,22.0,5.4,tall
552131.38,4162544.09,-122.4093592,37.6085125,22.0,7.3,tall
552207.38,4162515.09,-122.4085002,37.6082468,22.0,8.2,tall
551942.38,4161925.09,-122.4115444,37.6029441,22.0,9.7,tall
551561.38,4161784.09,-122.4158705,37.6016947,22.0,9.9,tall
551773.38,4161243.09,-122.4135072,37.5968067,22.0,6.3,tall
552231.38,4161656.09,-122.4082897,37.6005032,22.0,11.1,tall
551228.38,4162667.09,-122.4195809,37.6096718,22.0,7.3,tall
551673.38,4161132.09,-122.4146477,37.5958119,21.9,14.0,tall
551346.38,4161688.09,-122.4183128,37.6008415,21.9,6.7,tall
553017.38,4161745.09,-122.3993794,37.6012604,21.9,9.3,tall
551972.38,4162796.09,-122.4111426,37.6107927,21.9,12.2,tall
553026.38,4162464.09,-122.3992253,37.6077402,21.8,4.8,tall
552190.38,4162009.09,-122.4087289,37.6036871,21.8,9.2,tall
551423.38,4162683.09,-122.4173706,37.6098051,21.8,8.0,tall
551434.38,4163137.09,-122.417214,37.6138964,21.8,7.7,tall
551978.38,4161750.09,-122.411149,37.6013648,21.8,12.4,tall
551536.38,4161659.09,-122.4161625,37.6005695,21.8,6.8,tall
552989.38,4161730.09,-122.3996976,37.6011268,21.8,9.9,tall
552353.38,4161118.09,-122.4069461,37.5956473,21.8,13.6,tall
551313.38,4163079.09,-122.418589,37.6133804,21.8,14.0,tall
553003.38,4162497.09,-122.3994835,37.608039,21.8,6.7,tall
551630.38,4162362.09,-122.415048,37.6069004,21.7,10.2,tall
551636.38,4162591.09,-122.4149639,37.608964,21.7,11.1,tall
551775.38,4161980.09,-122.4134323,37.6034492,21.7,14.0,tall
553142.38,4163075.09,-122.3978667,37.6132405,21.7,7.2,tall
552444.38,4161974.09,-122.405854,37.6033572,21.7,8.1,tall
552564.38,4161346.09,-122.4045397,37.5976902,21.6,8.7,tall
552889.38,4163024.09,-122.4007369,37.6127954,21.6,11.4,tall
552069.38,4162900.09,-122.4100363,37.6117246,21.6,8.8,tall
551858.38,4162175.09,-122.4124783,37.6052021,21.6,4.7,tall
551747.38,4161226.09,-122.4138029,37.596655,21.6,6.6,tall
552055.38,4161806.09,-122.4102727,37.6018651,21.6,14.0,tall
552218.38,4161754.09,-122.4084299,37.6013872,21.5,9.8,tall
551625.38,4161273.09,-122.4151815,37.5970854,21.5,10.6,tall
553169.38,4162439.09,-122.397607,37.6075066,21.5,9.0,tall
551458.38,4162634.09,-122.4169775,37.6093615,21.5,8.4,tall
552608.38,4162190.09,-122.4039806,37.6052947,21.5,7.5,tall
552768.38,4162513.09,-122.4021447,37.6081967,21.5,10.0,tall
552200.38,4162521.09,-122.4085791,37.6083012,21.5,9.6,tall
551410.38,4161219.09,-122.4176207,37.5966108,21.5,8.7,tall
551397.38,4162040.09,-122.4177103,37.6040112,21.4,6.6,tall
552331.38,4161901.09,-122.4071393,37.6027057,21.4,8.4,tall
551898.38,4161802.09,-122.4120516,37.601838,21.4,8.6,tall
551959.38,4161845.09,-122.4113575,37.6022221,21.4,14.0,tall
551850.38,4161795.09,-122.4125958,37.6017776,21.4,14.0,tall
551875.38,4162062.09,-122.4122937,37.6041827,21.4,9.9,tall
552545.38,4161935.09,-122.4047126,37.603,21.4,11.7,tall
551817.38,4162675.09,-122.4129073,37.6097109,21.4,10.7,tall
552337.38,4161105.09,-122.4071283,37.595531,21.4,8.6,tall
552171.38,4161296.09,-122.408995,37.5972619,21.4,5.2,tall
553008.38,4162234.09,-122.3994459,37.6056683,21.4,8.6,tall
551836.38,4162766.09,-122.4126856,37.61053,21.3,13.1,tall
551787.38,4161387.09,-122.4133384,37.5981038,21.3,13.6,tall
551914.38,4161729.09,-122.4118755,37.6011791,21.3,7.1,tall
552603.38,4162125.09,-122.4040419,37.6047091,21.3,10.9,tall
551424.38,4163131.09,-122.4173277,37.6138429,21.3,9.6,tall
551827.38,4161750.09,-122.4128596,37.6013733,21.2,10.7,tall
551394.38,4161225.09,-122.4178016,37.5966657,21.2,4.5,tall
552587.38,4162153.09,-122.4042211,37.6049624,21.2,7.5,tall
551360.38,4161349.09,-122.418178,37.5977853,21.2,8.3,tall
552169.38,4162328.09,-122.4089441,37.6065635,21.2,6.9,tall
551812.38,4161738.09,-122.4130303,37.601266,21.2,9.7,tall
551327.38,4161805.09,-122.4185198,37.6018971,21.2,10.2,tall
552458.38,4162888.09,-122.4056298,37.6115943,21.2,3.7,tall
552933.38,4162572.09,-122.4002711,37.608719,21.2,12.9,tall
552204.38,4162591.09,-122.4085288,37.6089319,21.1,8.3,tall
552207.38,4161315.09,-122.4085859,37.5974311,21.1,7.7,tall
552173.38,4162082.09,-122.4089163,37.6043461,21.1,5.7,tall
551593.38,4163137.09,-122.4154125,37.6138875,21.1,11.3,tall
552139.38,4161272.09,-122.4093592,37.5970474,21.1,6.3,tall
553086.38,4161471.09,-122.3986176,37.5987868,21.0,6.7,tall
552070.38,4162252.09,-122.4100711,37.6058841,21.0,6.9,tall
552819.38,4162858.09,-122.401542,37.6113033,21.0,4.2,tall
551912.38,4161737.09,-122.4118976,37.6012513,21.0,14.0,tall
552214.38,4162487.09,-122.4084229,37.607994,21.0,9.5,tall
552532.38,4161933.09,-122.40486,37.6029827,20.9,11.1,tall
552233.38,4162684.09,-122.4081936,37.6097685,20.9,9.3,tall
552794.38,4161292.09,-122.4019382,37.5971903,20.9,10.8,tall
551640.38,4161322.09,-122.4150081,37.5975262,20.9,11.4,tall
551867.38,4162038.09,-122.412386,37.6039668,20.9,7.7,tall
551501.38,4161781.09,-122.4165504,37.601671,20.9,7.1,tall
551686.38,4161366.09,-122.414484,37.5979202,20.9,9.7,tall
552156.38,4161752.09,-122.4091324,37.6013727,20.9,8.0,tall
551985.38,4162154.09,-122.411041,37.6050056,20.9,9.0,tall
551688.38,4163119.09,-122.4143374,37.61372,20.9,6.7,tall
552195.38,4161314.09,-122.4087219,37.5974228,20.9,6.6,tall
553020.38,4161753.09,-122.3993448,37.6013323,20.8,13.6,tall
551391.38,4161323.09,-122.4178287,37.5975492,20.8,12.1,tall
553215.38,4163111.09,-122.397037,37.6135607,20.8,7.5,tall
551650.38,4162082.09,-122.4148412,37.6043756,20.8,10.6,tall
551242.38,4161242.09,-122.4195221,37.5968274,20.8,11.1,tall
551729.38,4162278.09,-122.4139324,37.6061377,20.8,10.6,tall
553160.38,4161669.09,-122.3977649,37.6005672,20.7,7.8,tall
551874.38,4161712.09,-122.4123298,37.6010282,20.7,10.7,tall
553005.38,4161740.09,-122.3995157,37.601216,20.7,8.9,tall
552965.38,4161251.09,-122.4000042,37.596811,20.7,7.8,tall
551584.38,4161827.09,-122.4156069,37.602081,20.7,12.5,tall
551949.38,4161709.09,-122.4114804,37.6009969,20.7,8.9,tall
552519.38,4162189.09,-122.4049889,37.6052908,20.7,13.7,tall
553192.38,4162643.09,-122.3973316,37.609344,20.6,11.6,tall
551944.38,4161707.09,-122.4115372,37.6009791,20.6,6.4,tall
552042.38,4161721.09,-122.410426,37.6010998,20.6,11.2,tall
552864.38,4161307.09,-122.4011442,37.5973215,20.6,12.3,tall
552264.38,4162068.09,-122.4078864,37.6042147,20.6,11.6,tall
551803.38,4161722.09,-122.4131334,37.6011223,20.6,14.0,tall
552979.38,4163002.09,-122.3997188,37.6125919,20.6,7.0,tall
551378.38,4162648.09,-122.4178829,37.6094922,20.6,14.0,tall
552965.38,4162461.09,-122.3999166,37.6077167,20.6,5.1,tall
551754.38,4161222.09,-122.4137239,37.5966185,20.6,4.4,tall
551531.38,4161335.09,-122.4162419,37.5976495,20.6,7.8,tall
552464.38,4161956.09,-122.4056287,37.6031939,20.6,9.5,tall
552165.38,4161317.09,-122.4090615,37.5974515,20.5,11.5,tall
551609.38,4161279.09,-122.4153623,37.5971404,20.5,6.3,tall
551686.38,4162006.09,-122.4144387,37.6036886,20.5,6.2,tall
553059.38,4161824.09,-122.3988978,37.60197,20.5,8.8,tall
551924.38,4161711.09,-122.4117635,37.6010163,20.5,9.8,tall
551773.38,4161990.09,-122.4134543,37.6035395,20.5,10.0,tall
551646.38,4161321.09,-122.4149402,37.5975169,20.5,7.7,tall
552888.38,4162134.09,-122.4008126,37.6047739,20.4,7.3,tall
551534.38,4161834.09,-122.4161728,37.6021469,20.4,10.5,tall
552171.38,4161317.09,-122.4089935,37.5974512,20.4,4.7,tall
552168.38,4162085.09,-122.4089727,37.6043734,20.4,5.5,tall
551567.38,4163122.09,-122.4157082,37.6137538,20.4,12.5,tall
552815.38,4162315.09,-122.4016265,37.6064094,20.4,11.8,tall
551895.38,4161166.09,-122.4121307,37.5961058,20.4,12.5,tall
551660.38,4161157.09,-122.4147932,37.596038,20.4,8.4,tall
552256.38,4161358.09,-122.4080277,37.5978159,20.4,5.9,tall
552032.38,4162882.09,-122.4104567,37.6115645,20.4,7.9,tall
551358.38,4161707.09,-122.4181755,37.601012,20.3,7.2,tall
551200.38,4161182.09,-122.4200021,37.596289,20.3,8.6,tall
552125.38,4161867.09,-122.4094754,37.602411,20.3,8.8,tall
551989.38,4161747.09,-122.4110246,37.6013371,20.3,9.1,tall
552538.38,4161448.09,-122.4048269,37.598611,20.3,11.5,tall
551790.38,4161424.09,-122.4133018,37.5984371,20.3,10.5,tall
552866.38,4162642.09,-122.4010251,37.6093538,20.3,9.2,tall
551808.38,4161770.09,-122.4130734,37.6015546,20.3,5.2,tall
551257.38,4162902.09,-122.4192359,37.6117883,20.3,7.8,tall
551752.38,4162507.09,-122.4136556,37.6082004,20.3,12.1,tall
551981.38,4162175.09,-122.4110848,37.6051951,20.2,8.1,tall
551992.38,4161568.09,-122.4110033,37.5997236,20.2,11.4,tall
552161.38,4161506.09,-122.4090933,37.5991552,20.2,8.5,tall
552243.38,4161349.09,-122.4081756,37.5977355,20.2,5.6,tall
553097.38,4161752.09,-122.3984726,37.6013189,20.2,11.0,tall
552989.38,4162441.09,-122.3996461,37.6075351,20.2,3.5,tall
552087.38,4162653.09,-122.4098499,37.6094974,20.2,8.4,tall
553079.38,4161182.09,-122.3987178,37.5961825,20.2,12.7,tall
551608.38,4162723.09,-122.4152718,37.6101553,20.2,9.3,tall
552211.38,4162627.09,-122.4084469,37.609256,20.2,4.5,tall
551298.38,4161834.09,-122.4188463,37.6021601,20.1,7.8,tall
552387.38,4161966.09,-122.4065003,37.6032884,20.1,10.0,tall
551993.38,4162170.09,-122.4109492,37.6051494,20.1,6.5,tall
552586.38,4162563.09,-122.404203,37.6086578,20.1,10.4,tall
552146.38,4161758.09,-122.4092453,37.6014274,20.1,10.9,tall
551811.38,4162649.09,-122.4129771,37.6094769,20.1,14.0,tall
551716.38,4162038.09,-122.4140966,37.6039753,20.1,5.5,tall
552052.38,4161608.09,-122.4103208,37.6000807,20.1,12.7,tall
551508.38,4161864.09,-122.4164652,37.6024187,20.1,9.0,tall
552050.38,4161121.09,-122.4103781,37.5956915,20.0,9.4,tall
551751.38,4162527.09,-122.4136655,37.6083807,20.0,10.2,tall
551694.38,4161147.09,-122.4144088,37.5959459,20.0,13.1,tall
551301.38,4161827.09,-122.4188128,37.6020968,20.0,7.3,tall
551854.38,4162168.09,-122.4125241,37.6051392,20.0,7.0,tall
552206.38,4161322.09,-122.4085967,37.5974943,20.0,5.9,tall
551470.38,4162443.09,-122.416855,37.6076394,20.0,8.0,tall
551663.38,4161149.09,-122.4147598,37.5959657,20.0,6.0,tall
551627.38,4162194.09,-122.4150939,37.6053863,20.0,14.0,tall
551831.38,4161156.09,-122.4128563,37.5960193,20.0,7.9,tall
551630.38,4161280.09,-122.4151244,37.5971482,20.0,6.5,tall
553225.38,4161121.09,-122.3970685,37.5956243,20.0,7.3,tall
551880.38,4161706.09,-122.4122623,37.6009737,20.0,9.9,tall
553195.38,4162635.09,-122.3972982,37.6092717,20.0,13.5,tall
552080.38,4162147.09,-122.4099653,37.6049372,20.0,5.7,tall
551219.38,4162967.09,-122.4196619,37.6123762,20.0,11.9,tall
551569.38,4161386.09,-122.4158079,37.5981071,19.9,5.8,tall
552008.38,4161707.09,-122.4108122,37.6009755,19.9,8.7,tall
553024.38,4162473.09,-122.3992473,37.6078215,19.9,5.3,tall
552651.38,4163075.09,-122.4034297,37.6132687,19.9,6.1,tall
551801.38,4161768.09,-122.4131528,37.601537,19.9,5.2,tall
551751.38,4162544.09,-122.4136643,37.6085339,19.9,14.0,tall
551404.38,4161583.09,-122.4176631,37.5998919,19.9,10.5,tall
551230.38,4162579.09,-122.4195645,37.6088786,19.9,8.3,tall
552098.38,4162160.09,-122.4097604,37.6050533,19.9,6.9,tall
552593.38,4162149.09,-122.4041535,37.604926,19.8,4.8,tall
552520.38,4161393.09,-122.4050347,37.5981163,19.8,7.1,tall
551905.38,4161735.09,-122.411977,37.6012337,19.8,7.2,tall
552842.38,4162336.09,-122.4013191,37.6065972,19.8,12.2,tall
552029.38,4162129.09,-122.4105443,37.6047778,19.8,6.5,tall
551215.38,4161741.09,-122.4197931,37.6013265,19.8,13.7,tall
552180.38,4162327.09,-122.4088195,37.6065539,19.8,5.7,tall
551966.38,4162076.09,-122.4112618,37.6043037,19.8,5.8,tall
551880.38,4161414.09,-122.412283,37.5983419,19.8,5.9,tall
551408.38,4162028.09,-122.4175865,37.6039024,19.8,8.0,tall
552159.38,4161287.09,-122.4091316,37.5971815,19.8,11.9,tall
551855.38,4162301.09,-122.4125033,37.6063379,19.8,11.2,tall
552663.38,4162769.09,-122.4033158,37.6105101,19.7,10.7,tall
551605.38,4161311.09,-122.4154054,37.5974291,19.7,11.5,tall
553229.38,4161148.09,-122.3970212,37.5958674,19.7,5.3,tall
553193.38,4163122.09,-122.3972855,37.6136611,19.7,6.7,tall
551722.38,4161379.09,-122.4140752,37.5980354,19.7,6.6,tall
552185.38,4162331.09,-122.4087626,37.6065896,19.7,5.3,tall
551646.38,4161333.09,-122.4149394,37.597625,19.7,7.6,tall
551891.38,4161708.09,-122.4121375,37.6009911,19.7,7.8,tall
552873.38,4161325.09,-122.401041,37.5974832,19.7,11.1,tall
551967.38,4162164.09,-122.4112442,37.6050968,19.6,4.9,tall
553044.38,4161590.09,-122.3990847,37.5998618,19.6,8.7,tall
551740.38,4161197.09,-122.4138842,37.596394,19.6,14.0,tall
551540.38,4161326.09,-122.4161406,37.5975679,19.6,8.8,tall
551894.38,4161672.09,-122.4121061,37.6006665,19.6,11.1,tall
552091.38,4162183.09,-122.4098381,37.605261,19.6,6.7,tall
552058.38,4162214.09,-122.4102097,37.6055423,19.6,6.2,tall
552077.38,4162224.09,-122.4099938,37.6056313,19.6,6.3,tall
551776.38,4161188.09,-122.4134771,37.5963108,19.6,14.0,tall
551996.38,4162019.09,-122.410926,37.6037883,19.6,7.3,tall
553038.38,4161832.09,-122.3991352,37.6020433,19.6,10.5,tall
552595.38,4162144.09,-122.4041312,37.6048808,19.6,5.5,tall
551422.38,4161206.09,-122.4174857,37.5964929,19.5,11.5,tall
551759.38,4162590.09,-122.4135704,37.6089481,19.5,10.0,tall
551217.38,4161264.09,-122.4198038,37.5970271,19.5,10.0,tall
552211.38,4162556.09,-122.408452,37.6086161,19.5,7.3,tall
551602.38,4161260.09,-122.415443,37.5969696,19.5,4.7,tall
551981.38,4161870.09,-122.4111065,37.6024462,19.5,9.9,tall
552155.38,4162319.09,-122.4091033,37.6064832,19.5,6.7,tall
551666.38,4161161.09,-122.414725,37.5960737,19.5,6.5,tall
551651.38,4162340.09,-122.4148117,37.6067009,19.5,14.0,tall
552232.38,4161766.09,-122.4082705,37.6014946,19.5,11.3,tall
552263.38,4161535.09,-122.4079358,37.5994108,19.4,10.5,tall
551208.38,4161809.09,-122.4198676,37.6019397,19.4,9.8,tall
552905.38,4161385.09,-122.4006741,37.5980222,19.4,9.5,tall
553077.38,4161487.09,-122.3987184,37.5989316,19.4,9.2,tall
552384.38,4161789.09,-122.4065469,37.6016932,19.4,10.6,tall
553178.38,4163138.09,-122.3974542,37.6138062,19.4,5.0,tall
551873.38,4161783.09,-122.4123361,37.6016681,19.4,9.6,tall
552178.38,4161312.09,-122.4089146,37.5974057,19.4,8.0,tall
552877.38,4162649.09,-122.4009,37.6094162,19.4,12.5,tall
552263.38,4161357.09,-122.4079485,37.5978065,19.4,10.1,tall
552399.38,4161951.09,-122.4063654,37.6031525,19.4,7.5,tall
551831.38,4161149.09,-122.4128568,37.5959562,19.4,6.6,tall
551733.38,4161925.09,-122.413912,37.6029559,19.4,7.4,tall
551225.38,4161251.09,-122.4197141,37.5969095,19.3,9.3,tall
551753.38,4162585.09,-122.4136388,37.6089033,19.3,7.4,tall
553186.38,4163127.09,-122.3973644,37.6137066,19.3,9.0,tall
552902.38,4161487.09,-122.4007007,37.5989417,19.3,6.6,tall
552422.38,4161170.09,-122.4061608,37.596112,19.3,14.0,tall
553222.38,4163110.09,-122.3969578,37.6135513,19.3,8.8,tall
552065.38,4162920.09,-122.4100802,37.6119051,19.3,9.4,tall
551636.38,4162198.09,-122.4149916,37.6054219,19.3,12.7,tall
551277.38,4161245.09,-122.4191255,37.5968525,19.3,8.3,tall
551810.38,4162249.09,-122.4130168,37.6058718,19.3,8.4,tall
552285.38,4161363.09,-122.4076989,37.5978593,19.2,10.3,tall
551907.38,4161700.09,-122.4119568,37.6009181,19.2,5.5,tall
551644.38,4161699.09,-122.4149362,37.6009239,19.2,11.4,tall
552172.38,4161810.09,-122.408947,37.6018946,19.2,11.4,tall
552659.38,4162762.09,-122.4033616,37.6104472,19.2,8.4,tall
552336.38,4161484.09,-122.4071125,37.598947,19.2,13.6,tall
552286.38,4162042.09,-122.407639,37.6039791,19.2,9.6,tall
551413.38,4161314.09,-122.4175801,37.5974668,19.2,6.9,tall
553056.38,4161833.09,-122.3989312,37.6020513,19.2,6.5,tall
552939.38,4162506.09,-122.4002079,37.6081238,19.2,4.6,tall
552009.38,4163073.09,-122.4107037,37.6132873,19.1,5.4,tall
551999.38,4163068.09,-122.4108174,37.6132428,19.1,5.2,tall
552289.38,4162049.09,-122.4076045,37.604042,19.1,5.6,tall
551412.38,4163124.09,-122.4174642,37.6137805,19.1,10.4,tall
551834.38,4161925.09,-122.4127679,37.6029502,19.1,9.4,tall
552055.38,4162243.09,-122.4102416,37.6058038,19.1,6.4,tall
552029.38,4162194.09,-122.4105397,37.6053637,19.1,6.4,tall
552181.38,4162384.09,-122.4088041,37.6070675,19.1,4.7,tall
553048.38,4161839.09,-122.3990214,37.6021058,19.1,7.0,tall
552321.38,4161779.09,-122.4072613,37.6016067,19.1,9.8,tall
551634.38,4162186.09,-122.4150151,37.6053138,19.1,14.0,tall
552645.38,4163070.09,-122.4034981,37.613224,19.1,5.0,tall
553087.38,4161865.09,-122.3985777,37.6023379,19.1,11.5,tall
552152.38,4161282.09,-122.4092112,37.5971368,19.1,7.5,tall
551236.38,4163013.09,-122.4194661,37.6127899,19.1,14.0,tall
552114.38,4161744.09,-122.4096088,37.601303,19.0,11.5,tall
552258.38,4161490.09,-122.4079957,37.5990055,19.0,14.0,tall
553015.38,4162457.09,-122.3993504,37.6076778,19.0,4.3,tall
552313.38,4162606.09,-122.4072928,37.6090609,19.0,3.6,tall
552208.38,4162402.09,-122.408497,37.6072282,19.0,8.3,tall
551755.38,4161205.09,-122.4137137,37.5964652,19.0,4.3,tall
551516.38,4161827.09,-122.4163772,37.6020848,19.0,14.0,tall
551973.38,4162171.09,-122.4111757,37.6051595,19.0,5.5,tall
551570.38,4161326.09,-122.4158008,37.5975662,19.0,8.0,tall
552078.38,4162173.09,-122.4099861,37.6051716,19.0,6.4,tall
552060.38,4161127.09,-122.4102644,37.595745,19.0,7.8,tall
552769.38,4162600.09,-122.4021271,37.6089808,18.9,6.6,tall
552005.38,4162833.09,-122.4107661,37.6111244,18.9,9.5,tall
553169.38,4163138.09,-122.3975562,37.6138067,18.9,9.9,tall
552637.38,4161129.09,-122.4037284,37.5957302,18.9,8.7,tall
552166.38,4161305.09,-122.409051,37.5973433,18.9,6.1,tall
552254.38,4161350.09,-122.408051,37.5977439,18.9,4.1,tall
552132.38,4161267.09,-122.4094389,37.5970028,18.9,5.3,tall
551969.38,4162086.09,-122.4112271,37.6043937,18.9,6.0,tall
552748.38,4161595.09,-122.4024374,37.5999239,18.9,3.1,tall
552308.38,4162890.09,-122.4073292,37.6116209,18.9,4.4,tall
552042.38,4162144.09,-122.410396,37.6049123,18.9,6.8,tall
552029.38,4162797.09,-122.4104968,37.6107985,18.9,8.8,tall
553201.38,4163119.09,-122.397195,37.6136336,18.9,6.6,tall
552809.38,4161125.09,-122.4017804,37.5956843,18.9,11.8,tall
552862.38,4161317.09,-122.4011661,37.5974117,18.9,11.0,tall
552100.38,4161750.09,-122.409767,37.6013579,18.8,7.4,tall
551249.38,4163022.09,-122.4193182,37.6128703,18.8,5.6,tall
551656.38,4161300.09,-122.4148284,37.597327,18.8,11.0,tall
553016.38,4161809.09,-122.399386,37.6018373,18.8,10.2,tall
553209.38,4163115.09,-122.3971047,37.6135971,18.8,5.8,tall
552175.38,4162380.09,-122.4088724,37.6070318,18.8,10.2,tall
551663.38,4161139.09,-122.4147605,37.5958756,18.8,6.0,tall
552533.38,4161501.09,-122.4048797,37.599089,18.8,9.5,tall
551975.38,4161148.09,-122.4112257,37.5959391,18.8,10.2,tall
552777.38,4161313.09,-122.4021293,37.5973806,18.8,7.7,tall
551462.38,4162732.09,-122.4169253,37.6102446,18.8,13.6,tall
551986.38,4162782.09,-122.410985,37.6106658,18.8,9.3,tall
553019.38,4162478.09,-122.3993036,37.6078668,18.8,3.8,tall
551201.38,4161102.09,-122.4199964,37.5955679,18.8,7.5,tall
551767.38,4161881.09,-122.41353,37.6025574,18.7,7.6,tall
551932.38,4161734.09,-122.4116712,37.6012232,18.7,8.2,tall
551513.38,4161783.09,-122.4164143,37.6016884,18.7,7.8,tall
553201.38,4163057.09,-122.3971995,37.6130748,18.7,6.4,tall
551564.38,4161377.09,-122.4158652,37.5980262,18.7,8.8,tall
552682.38,4161608.09,-122.4031842,37.6000449,18.7,3.1,tall
552111.38,4161251.09,-122.4096779,37.5968597,18.7,8.3,tall
551989.38,4163141.09,-122.4109255,37.6139013,18.6,8.3,tall
552509.38,4162198.09,-122.4051016,37.6053724,18.6,10.7,tall
551694.38,4162009.09,-122.4143479,37.6037152,18.6,4.8,tall
551284.38,4161244.09,-122.4190462,37.5968431,18.6,7.1,tall
552153.38,4162367.09,-122.4091226,37.6069159,18.6,7.6,tall
551899.38,4161703.09,-122.4120473,37.6009456,18.6,4.9,tall
551246.38,4162895.09,-122.419361,37.6117258,18.6,12.1,tall
551528.38,4161780.09,-122.4162446,37.6016605,18.6,8.2,tall
551405.38,4161307.09,-122.4176712,37.5974042,18.6,10.6,tall
552853.38,4162644.09,-122.4011722,37.6093725,18.6,4.6,tall
552845.38,4162640.09,-122.4012631,37.6093369,18.6,6.1,tall
553000.38,4161373.09,-122.3995989,37.5979085,18.6,14.0,tall
552001.38,4161172.09,-122.4109295,37.5961539,18.6,13.4,tall
551967.38,4162786.09,-122.4112,37.6107029,18.6,12.8,tall
551932.38,4161713.09,-122.4116727,37.6010339,18.5,5.3,tall
551235.38,4162911.09,-122.4194845,37.6118706,18.5,8.1,tall
551519.38,4161777.09,-122.4163467,37.601634,18.5,8.1,tall
552850.38,4162639.09,-122.4012066,37.6093276,18.5,7.1,tall
552436.38,4161458.09,-122.4059816,37.598707,18.5,8.4,tall
551292.38,4163026.09,-122.4188307,37.6129039,18.5,14.0,tall
551935.38,4161723.09,-122.411638,37.6011239,18.5,5.2,tall
551306.38,4161248.09,-122.4187968,37.596878,18.5,5.7,tall
551547.38,4161175.09,-122.416072,37.5962065,18.5,11.3,tall
551754.38,4162496.09,-122.4136337,37.6081011,18.5,6.5,tall
551614.38,4162400.09,-122.4152266,37.6072437,18.4,13.8,tall
551991.38,4162917.09,-122.4109188,37.6118822,18.4,6.1,tall
551294.38,4163079.09,-122.4188043,37.6133815,18.4,5.6,tall
552063.38,4161709.09,-122.410189,37.6009904,18.4,10.7,tall
551598.38,4162194.09,-122.4154224,37.605388,18.4,14.0,tall
552591.38,4162177.09,-122.4041741,37.6051785,18.4,6.6,tall
551243.38,4163018.09,-122.4193864,37.6128346,18.4,3.8,tall
551751.38,4161901.09,-122.4137098,37.6027385,18.4,11.7,tall
551848.38,4162151.09,-122.4125932,37.6049863,18.4,5.5,tall
552505.38,4161615.09,-122.4051887,37.6001181,18.4,7.3,tall
552009.38,4162183.09,-122.410767,37.6052657,18.4,6.5,tall
552188.38,4162340.09,-122.408728,37.6066706,18.4,6.0,tall
551917.38,4161701.09,-122.4118435,37.6009266,18.4,7.9,tall
551403.38,4162208.09,-122.4176305,37.6055251,18.4,3.2,tall
552194.38,4162392.09,-122.4086563,37.6071389,18.4,6.3,tall
552830.38,4161731.09,-122.4014987,37.601145,18.3,5.5,tall
551949.38,4162411.09,-122.4114306,37.607324,18.3,9.1,tall
551742.38,4162537.09,-122.4137668,37.6084713,18.3,10.3,tall
551588.38,4161286.09,-122.4155997,37.5972047,18.3,5.9,tall
553036.38,4161252.09,-122.3991998,37.5968159,18.3,12.4,tall
552146.38,4162361.09,-122.4092023,37.6068622,18.3,8.4,tall
552188.38,4162389.09,-122.4087245,37.6071122,18.3,5.8,tall
551541.38,4161140.09,-122.4161424,37.5958914,18.3,11.6,tall
551890.38,4161422.09,-122.4121691,37.5984135,18.3,9.3,tall
553088.38,4162776.09,-122.3985002,37.6105487,18.3,4.9,tall
551377.38,4161454.09,-122.417978,37.5987307,18.3,6.5,tall
552060.38,4162229.09,-122.410186,37.6056774,18.3,11.1,tall
551538.38,4161467.09,-122.4161533,37.5988388,18.3,5.0,tall
551746.38,4161202.09,-122.4138159,37.5964387,18.3,6.4,tall
552668.38,4161534.09,-122.4033481,37.5993787,18.3,3.1,tall
552216.38,4162409.09,-122.4084058,37.6072909,18.2,7.1,tall
551762.38,4162065.09,-122.4135736,37.6042161,18.2,6.9,tall
551721.38,4162382.09,-122.4140157,37.6070755,18.2,11.5,tall
551632.38,4162622.09,-122.415007,37.6092436,18.2,10.2,tall
551779.38,4162607.09,-122.4133426,37.6091002,18.2,13.4,tall
552222.38,4162335.09,-122.4083431,37.6066236,18.2,7.7,tall
551890.38,4161410.09,-122.41217,37.5983053,18.2,12.8,tall
552145.38,4162583.09,-122.4091978,37.6088632,18.2,11.1,tall
551978.38,4161707.09,-122.411152,37.6009772,18.2,9.6,tall
552294.38,4162541.09,-122.4075127,37.6084762,18.2,3.4,tall
552093.38,4161752.09,-122.4098461,37.6013763,18.2,12.0,tall
551769.38,4161397.09,-122.4135416,37.598195,18.2,10.1,tall
551303.38,4162578.09,-122.4187375,37.6088655,18.2,12.8,tall
552155.38,4161399.09,-122.4091689,37.5981912,18.2,12.7,tall
552110.38,4161497.09,-122.4096717,37.599077,18.1,6.5,tall
551918.38,4161684.09,-122.4118334,37.6007733,18.1,13.5,tall
552069.38,4161732.09,-122.4101194,37.6011974,18.1,10.9,tall
551848.38,4162162.09,-122.4125925,37.6050855,18.1,5.6,tall
552843.38,4162703.09,-122.4012813,37.6099049,18.1,4.1,tall
553226.38,4161559.09,-122.3970253,37.5995719,18.1,5.9,tall
551457.38,4162357.09,-122.4170083,37.606865,18.1,14.0,tall
552509.38,4161980.09,-122.4051172,37.6034076,18.1,10.5,tall
551249.38,4161230.09,-122.4194437,37.5967189,18.1,11.7,tall
551903.38,4161714.09,-122.4120012,37.6010445,18.1,7.6,tall
552244.38,4161689.09,-122.40814,37.6007999,18.1,8.6,tall
552253.38,4161685.09,-122.4080384,37.6007633,18.1,8.5,tall
551727.38,4161213.09,-122.4140303,37.5965389,18.0,10.2,tall
551324.38,4161242.09,-122.4185933,37.5968229,18.0,8.8,tall
552832.38,4161192.09,-122.401515,37.5962868,18.0,8.4,tall
553225.38,4163137.09,-122.3969218,37.6137945,18.0,7.8,tall
551734.38,4162478.09,-122.4138616,37.60794,18.0,5.7,tall
551757.38,4161886.09,-122.4136429,37.602603,18.0,9.9,tall
553218.38,4163138.09,-122.397001,37.6138039,18.0,7.2,tall
552208.38,4162350.09,-122.4085007,37.6067596,18.0,6.4,tall
553119.38,4161344.09,-122.398253,37.5976403,18.0,13.2,tall
551259.38,4162919.09,-122.4192121,37.6119414,18.0,9.7,tall
551536.38,4161318.09,-122.4161865,37.597496,18.0,10.9,tall
552058.38,4162144.09,-122.4102147,37.6049114,18.0,6.3,tall
551901.38,4161309.09,-122.4120525,37.5973944,17.9,8.5,tall
552855.38,4162410.09,-122.4011665,37.6072634,17.9,4.9,tall
553036.38,4161586.09,-122.3991756,37.5998262,17.9,6.6,tall
551900.38,4163104.09,-122.4119365,37.6135728,17.9,6.4,tall
552841.38,4162629.09,-122.4013093,37.609238,17.9,14.0,tall
551683.38,4161166.09,-122.4145321,37.5961178,17.9,10.7,tall
551726.38,4161955.09,-122.4139892,37.6032267,17.9,9.6,tall
551742.38,4162488.09,-122.4137703,37.6080297,17.9,10.0,tall
551538.38,4162421.09,-122.4160861,37.6074373,17.9,12.3,tall
551906.38,4161323.09,-122.4119949,37.5975203,17.8,6.5,tall
551755.38,4162735.09,-122.4136055,37.6102552,17.8,9.6,tall
552193.38,4161305.09,-122.4087452,37.5973418,17.8,4.7,tall
551615.38,4162204.09,-122.4152291,37.6054771,17.8,9.4,tall
551492.38,4163090.09,-122.4165602,37.6134696,17.8,10.1,tall
552890.38,4162592.09,-122.4007568,37.6089017,17.8,10.4,tall
551801.38,4162344.09,-122.413112,37.6067285,17.8,8.3,tall
553061.38,4161900.09,-122.3988697,37.6026549,17.8,6.0,tall
551258.38,4163022.09,-122.4192162,37.6128698,17.8,5.2,tall
552867.38,4162619.09,-122.4010154,37.6091464,17.8,5.0,tall
552156.38,4161760.09,-122.4091319,37.6014448,17.8,4.5,tall
551894.38,4162859.09,-122.4120219,37.611365,17.8,8.7,tall
552298.38,4161373.09,-122.4075509,37.5979487,17.8,8.2,tall
551731.38,4161822.09,-122.413942,37.6020276,17.8,9.3,tall
552884.38,4162592.09,-122.4008248,37.6089021,17.8,7.5,tall
551300.38,4161255.09,-122.4188642,37.5969414,17.8,6.4,tall
552261.38,4161689.09,-122.4079475,37.6007989,17.8,11.6,tall
552120.38,4162343.09,-122.4094981,37.6067015,17.8,10.3,tall
552047.38,4162839.09,-122.4102899,37.6111761,17.8,7.2,tall
551729.38,4161943.09,-122.4139561,37.6031183,17.8,7.9,tall
551202.38,4161785.09,-122.4199373,37.6017238,17.8,7.5,tall
553111.38,4161885.09,-122.3983043,37.6025168,17.8,9.2,tall
551611.38,4162191.09,-122.4152753,37.6053602,17.8,8.0,tall
553002.38,4162448.09,-122.3994983,37.6075974,17.8,3.9,tall
551345.38,4163018.09,-122.4182308,37.6128289,17.7,6.4,tall
552865.38,4162624.09,-122.4010377,37.6091916,17.7,7.3,tall
551574.38,4161353.09,-122.4157536,37.5978093,17.7,8.8,tall
551594.38,4162202.09,-122.4154672,37.6054603,17.7,10.1,tall
552434.38,4161175.09,-122.4060245,37.5961564,17.7,10.4,tall
551414.38,4161326.09,-122.4175679,37.5975749,17.7,7.5,tall
551594.38,4161282.09,-122.415532,37.5971683,17.7,5.9,tall
552042.38,4161864.09,-122.4104159,37.6023886,17.7,5.4,tall
551769.38,4162578.09,-122.413458,37.6088394,17.7,14.0,tall
551754.38,4162556.09,-122.4136295,37.6086419,17.7,9.5,tall
552082.38,4161169.09,-122.4100122,37.5961223,17.7,4.4,tall
552026.38,4161972.09,-122.4105895,37.603363,17.6,5.3,tall
552307.38,4162569.09,-122.4073634,37.6087278,17.6,3.0,tall
551555.38,4162405.09,-122.4158947,37.6072921,17.6,14.0,tall
552884.38,4162641.09,-122.4008212,37.6093437,17.6,8.8,tall
552880.38,4162636.09,-122.4008669,37.6092989,17.6,9.9,tall
552550.38,4161111.09,-122.4047151,37.5955729,17.6,8.9,tall
553206.38,4162154.09,-122.3972086,37.6049358,17.6,6.1,tall
551807.38,4161154.09,-122.4131283,37.5960027,17.6,9.1,tall
551868.38,4161888.09,-122.4123853,37.6026148,17.6,11.3,tall
552016.38,4162862.09,-122.4106394,37.6113851,17.6,14.0,tall
551231.38,4162960.09,-122.4195264,37.6123125,17.6,8.7,tall
552000.38,4162892.09,-122.4108186,37.6116564,17.6,7.3,tall
552977.38,4162245.09,-122.3997963,37.6057692,17.6,6.5,tall
552919.38,4161735.09,-122.4004902,37.6011759,17.6,12.3,tall
551694.38,4161167.09,-122.4144074,37.5961262,17.6,12.4,tall
551423.38,4163115.09,-122.4173402,37.6136988,17.6,10.6,tall
552038.38,4161970.09,-122.4104537,37.6033442,17.5,5.0,tall
551907.38,4161317.09,-122.411984,37.5974661,17.5,7.9,tall
552895.38,4162583.09,-122.4007008,37.6088203,17.5,7.8,tall
551322.38,4161258.09,-122.4186148,37.5969672,17.5,7.7,tall
552246.38,4162035.09,-122.4080927,37.6039183,17.5,12.1,tall
552047.38,4162130.09,-122.4103403,37.6047858,17.5,6.6,tall
552787.38,4162961.09,-122.4018971,37.6122334,17.5,11.0,tall
551780.38,4161742.09,-122.4133925,37.6013038,17.5,9.3,tall
552057.38,4162127.09,-122.4102272,37.6047582,17.5,8.5,tall
551787.38,4162622.09,-122.413251,37.6092349,17.5,11.9,tall
553126.38,4161744.09,-122.3981447,37.6012451,17.5,11.3,tall
552052.38,4162133.09,-122.4102835,37.6048126,17.5,5.9,tall
551992.38,4162336.09,-122.4109488,37.6066456,17.5,12.8,tall
552863.38,4162676.09,-122.4010566,37.6096604,17.5,3.7,tall
552913.38,4162475.09,-122.4005047,37.6078459,17.4,5.5,tall
553056.38,4161844.09,-122.3989304,37.6021504,17.4,3.8,tall
551271.38,4163069.09,-122.4190656,37.6132927,17.4,12.8,tall
552846.38,4162351.09,-122.4012727,37.6067321,17.4,8.1,tall
551716.38,4161139.09,-122.4141602,37.5958726,17.4,10.0,tall
551842.38,4162159.09,-122.4126606,37.6050588,17.4,6.6,tall
553203.38,4163138.09,-122.397171,37.6138048,17.4,8.3,tall
551833.38,4161894.09,-122.4127814,37.6026708,17.4,5.5,tall
551910.38,4162310.09,-122.4118796,37.6064159,17.4,8.7,tall
551992.38,4162182.09,-122.4109597,37.6052576,17.4,6.1,tall
553136.38,4161108.09,-122.3980776,37.5955122,17.4,7.7,tall
551553.38,4162411.09,-122.4159169,37.6073463,17.4,6.0,tall
551537.38,4161807.09,-122.4161407,37.6019033,17.4,13.3,tall
552132.38,4161261.09,-122.4094393,37.5969487,17.4,8.8,tall
552143.38,4162219.09,-122.4092464,37.6055825,17.4,14.0,tall
551878.38,4161633.09,-122.4122901,37.6003159,17.4,14.0,tall
553114.38,4161732.09,-122.3982815,37.6011376,17.4,6.5,tall
552347.38,4161455.09,-122.40699,37.598685,17.4,10.9,tall
552428.38,4161454.09,-122.4060725,37.5986714,17.4,3.5,tall
552823.38,4161243.09,-122.4016133,37.596747,17.4,12.1,tall
551323.38,4163053.09,-122.4184776,37.6131456,17.4,14.0,tall
553229.38,4161108.09,-122.3970241,37.5955069,17.4,9.1,tall
553081.38,4161259.09,-122.3986896,37.5968764,17.4,13.1,tall
551200.38,4161749.09,-122.4199624,37.6013994,17.4,6.8,tall
552467.38,4161899.09,-122.4055988,37.6026799,17.4,9.2,tall
552521.38,4161380.09,-122.4050243,37.5979991,17.4,7.3,tall
551357.38,4163025.09,-122.4180943,37.6128913,17.4,10.3,tall
551337.38,4163099.09,-122.4183157,37.6135594,17.4,11.5,tall
552024.38,4161704.09,-122.4106312,37.6009476,17.4,9.5,tall
551372.38,4161246.09,-122.4180493,37.5968563,17.3,9.6,tall
551632.38,4161248.09,-122.415104,37.5968597,17.3,12.4,tall
551864.38,4161604.09,-122.4124508,37.6000553,17.3,11.8,tall
551393.38,4162566.09,-122.4177187,37.6087523,17.3,14.0,tall
551475.38,4162827.09,-122.4167713,37.6111001,17.3,6.1,tall
552306.38,4161449.09,-122.4074549,37.5986333,17.3,7.3,tall
551701.38,4162456.09,-122.414237,37.6077436,17.3,13.1,tall
552826.38,4161278.09,-122.4015767,37.5970623,17.3,9.4,tall
551370.38,4163091.09,-122.4179424,37.6134854,17.3,14.0,tall
552920.38,4162578.09,-122.4004179,37.6087738,17.3,7.7,tall
552039.38,4162235.09,-122.4104235,37.6057326,17.3,6.2,tall
551718.38,4161149.09,-122.4141368,37.5959626,17.3,14.0,tall
552104.38,4162332.09,-122.4096802,37.6066032,17.2,6.8,tall
551464.38,4162741.09,-122.416902,37.6103256,17.2,6.5,tall
552733.38,4161521.09,-122.4026127,37.5992578,17.2,2.9,tall
552030.38,4161558.09,-122.4105736,37.5996313,17.2,9.2,tall
552089.38,4161735.09,-122.4098926,37.6012233,17.2,10.0,tall
552804.38,4162310.09,-122.4017515,37.606365,17.2,12.1,tall
552550.38,4161443.09,-122.4046913,37.5985653,17.2,9.4,tall
551480.38,4163101.09,-122.4166954,37.6135694,17.2,8.1,tall
551659.38,4162091.09,-122.4147386,37.6044562,17.2,5.8,tall
551927.38,4161613.09,-122.4117365,37.6001329,17.2,10.2,tall
551213.38,4161837.09,-122.419809,37.6021918,17.2,9.9,tall
551787.38,4161579.09,-122.4133248,37.5998343,17.2,10.7,tall
551862.38,4163117.09,-122.4123661,37.6136921,17.2,9.2,tall
551466.38,4161808.09,-122.416945,37.6019163,17.2,5.9,tall
551655.38,4161145.09,-122.4148507,37.5959301,17.2,7.5,tall
552047.38,4162295.09,-122.4103286,37.606273,17.2,6.6,tall
552600.38,4162171.09,-122.4040726,37.6051239,17.2,5.4,tall
551938.38,4161873.09,-122.4115934,37.6024756,17.2,10.2,tall
553068.38,4161733.09,-122.3988025,37.6011493,17.2,8.0,tall
551787.38,4161451.09,-122.4133338,37.5986807,17.2,11.7,tall
551418.38,4163016.09,-122.4174038,37.6128068,17.1,9.5,tall
551946.38,4161799.09,-122.411508,37.6018082,17.1,6.5,tall
552163.38,4161767.09,-122.4090521,37.6015075,17.1,11.4,tall
551979.38,4162088.09,-122.4111137,37.6044111,17.1,5.7,tall
551209.38,4161182.09,-122.4199002,37.5962885,17.1,6.9,tall
552027.38,4162282.09,-122.4105561,37.6061569,17.1,8.7,tall
551364.38,4163098.09,-122.4180099,37.6135488,17.1,9.7,tall
551201.38,4162966.09,-122.4198659,37.6123682,17.1,9.8,tall
551789.38,4161201.09,-122.4133289,37.5964273,17.1,9.7,tall
551221.38,4161794.09,-122.4197214,37.6018038,17.1,9.5,tall
552047.38,4161974.09,-122.4103514,37.6033798,17.1,7.4,tall
552314.38,4162638.09,-122.4072792,37.6093493,17.1,5.6,tall
551261.38,4163014.09,-122.4191828,37.6127975,17.1,7.3,tall
551824.38,4161738.09,-122.4128944,37.6012653,17.1,4.7,tall
552960.38,4163119.09,-122.3999256,37.6136476,17.1,9.1,tall
551210.38,4161170.09,-122.4198897,37.5961803,17.1,8.2,tall
552432.38,4161670.09,-122.4060117,37.600618,17.1,9.8,tall
552869.38,4162609.09,-122.4009935,37.6090562,17.1,10.7,tall
551789.38,4161992.09,-122.4132729,37.6035566,17.1,7.4,tall
551595.38,4162212.09,-122.4154551,37.6055504,17.1,8.7,tall
551496.38,4161330.09,-122.4166388,37.5976064,17.1,13.3,tall
552906.38,4162464.09,-122.4005848,37.6077471,17.1,13.3,tall
551495.38,4162476.09,-122.4165694,37.6079354,17.0,9.6,tall
551946.38,4161886.09,-122.4115018,37.6025924,17.0,10.2,tall
552977.38,4161660.09,-122.3998386,37.6004966,17.0,14.0,tall
551776.38,4161705.09,-122.4134405,37.6009706,17.0,14.0,tall
551838.38,4162150.09,-122.4127066,37.6049779,17.0,4.4,tall
551215.38,4161774.09,-122.4197908,37.6016239,17.0,11.1,tall
551971.38,4161519.09,-122.4112447,37.5992832,17.0,11.9,tall
551858.38,4161698.09,-122.4125121,37.6009029,17.0,12.1,tall
552652.38,4162235.09,-122.4034789,37.6056977,17.0,10.5,tall
552369.38,4161480.09,-122.406739,37.5989091,17.0,10.9,tall
552262.38,4161568.09,-122.4079448,37.5997083,17.0,13.0,tall
551521.38,4161817.09,-122.4163213,37.6019944,17.0,6.6,tall
551877.38,4161428.09,-122.412316,37.5984683,17.0,7.6,tall
551936.38,4161878.09,-122.4116157,37.6025208,17.0,4.2,tall
553120.38,4161733.09,-122.3982134,37.6011463,17.0,6.8,tall
552094.38,4162328.09,-122.4097938,37.6065677,16.9,6.2,tall
551894.38,4162312.09,-122.4120607,37.6064348,16.9,12.7,tall
551535.38,4162397.09,-122.4161218,37.6072211,16.9,11.1,tall
553130.38,4161102.09,-122.398146,37.5954585,16.9,5.8,tall
551579.38,4161264.09,-122.4157032,37.5970069,16.9,14.0,tall
551926.38,4161872.09,-122.4117294,37.6024673,16.9,7.1,tall
551643.38,4162629.09,-122.4148819,37.6093061,16.9,12.5,tall
551794.38,4162631.09,-122.413171,37.6093156,16.9,6.4,tall
552850.38,4161864.09,-122.4012626,37.6023426,16.9,5.0,tall
552045.38,4161966.09,-122.4103746,37.6033078,16.9,5.0,tall
552984.38,4162245.09,-122.399717,37.6057688,16.9,7.3,tall
551227.38,4161703.09,-122.4196598,37.6009833,16.9,7.7,tall
551386.38,4161460.09,-122.4178757,37.5987843,16.9,7.7,tall
551426.38,4162851.09,-122.4173248,37.6113192,16.9,10.1,tall
552154.38,4161383.09,-122.4091814,37.598047,16.9,12.1,tall
553217.38,4163065.09,-122.3970177,37.613146,16.9,13.5,tall
553175.38,4161627.09,-122.3975981,37.6001877,16.8,10.5,tall
551351.38,4162685.09,-122.4181862,37.6098272,16.8,9.0,tall
551738.38,4161937.09,-122.4138545,37.6030637,16.8,5.2,tall
551566.38,4161242.09,-122.415852,37.5968093,16.8,14.0,tall
551664.38,4161269.09,-122.41474,37.5970472,16.8,5.1,tall
552242.38,4162291.09,-122.4081197,37.6062259,16.8,7.3,tall
552267.38,4162183.09,-122.4078442,37.605251,16.8,7.9,tall
551546.38,4161342.09,-122.4160715,37.5977118,16.8,8.5,tall
552867.38,4162670.09,-122.4010117,37.6096061,16.8,5.0,tall
552218.38,4161767.09,-122.408429,37.6015044,16.8,8.0,tall
551908.38,4161678.09,-122.4119471,37.6007198,16.8,7.2,tall
552419.38,4161450.09,-122.4061747,37.5986358,16.8,6.2,tall
552688.38,4162214.09,-122.4030725,37.6055064,16.8,7.5,tall
551684.38,4161132.09,-122.4145231,37.5958113,16.8,8.0,tall
552080.38,4162163.09,-122.4099641,37.6050814,16.7,6.1,tall
552880.38,4162582.09,-122.4008708,37.6088122,16.7,14.0,tall
551983.38,4162097.09,-122.4110677,37.604492,16.7,6.0,tall
553073.38,4161881.09,-122.3987351,37.6024829,16.7,5.4,tall
553217.38,4161441.09,-122.3971358,37.5985089,16.7,12.4,tall
551191.38,4161792.09,-122.4200614,37.6017875,16.7,10.2,tall
551657.38,4161268.09,-122.4148194,37.5970386,16.7,8.7,tall
552594.38,4161566.09,-122.404184,37.5996714,16.7,6.4,tall
552056.38,4162303.09,-122.410226,37.6063446,16.7,7.9,tall
552034.38,4162905.09,-122.4104325,37.6117717,16.7,6.5,tall
552008.38,4162818.09,-122.4107332,37.610989,16.7,6.1,tall
551210.38,4162944.09,-122.4197655,37.6121694,16.7,8.0,tall
552364.38,4162826.09,-122.4066993,37.6110409,16.7,3.4,tall
552004.38,4161568.09,-122.4108674,37.5997229,16.7,5.6,tall
551945.38,4161899.09,-122.4115122,37.6027096,16.7,11.7,tall
551216.38,4162947.09,-122.4196973,37.6121961,16.7,7.0,tall
553037.38,4162922.09,-122.3990674,37.6118676,16.7,14.0,tall
551779.38,4161391.09,-122.4134287,37.5981403,16.7,9.2,tall
551786.38,4162001.09,-122.4133062,37.6036379,16.7,7.6,tall
552548.38,4161102.09,-122.4047384,37.5954919,16.7,7.2,tall
551863.38,4161812.09,-122.4124473,37.6019301,16.7,9.2,tall
551668.38,4161454.09,-122.4146816,37.5987144,16.6,6.9,tall
552044.38,4162885.09,-122.4103206,37.6115908,16.6,8.4,tall
551743.38,4161325.09,-122.4138412,37.5975475,16.6,13.0,tall
552015.38,4161739.09,-122.4107306,37.6012635,16.6,8.1,tall
552275.38,4162183.09,-122.4077536,37.6052506,16.6,9.8,tall
551882.38,4162360.09,-122.4121932,37.6068681,16.6,11.5,tall
551833.38,4162149.09,-122.4127633,37.6049692,16.6,8.6,tall
553214.38,4163056.09,-122.3970523,37.6130651,16.6,8.4,tall
552873.38,4161745.09,-122.4010106,37.6012687,16.6,10.0,tall
551959.38,4161572.09,-122.4113769,37.5997615,16.5,11.5,tall
552155.38,4161377.09,-122.4091705,37.5979929,16.5,11.5,tall
551203.38,4161689.09,-122.4199326,37.6008585,16.5,14.0,tall
552348.38,4161446.09,-122.4069793,37.5986038,16.5,14.0,tall
552328.38,4161459.09,-122.4072049,37.5987221,16.5,8.2,tall
552074.38,4161887.09,-122.4100517,37.6025941,16.5,4.7,tall
551933.38,4162413.09,-122.4116117,37.607343,16.5,10.7,tall
551881.38,4161785.09,-122.4122453,37.6016857,16.5,6.9,tall
551311.38,4161825.09,-122.4186997,37.6020782,16.5,7.3,tall
552545.38,4161182.09,-122.4047667,37.5962132,16.5,7.6,tall
551700.38,4162407.09,-122.4142518,37.607302,16.5,10.7,tall
552165.38,4161479.09,-122.4090499,37.5989117,16.5,9.7,tall
553094.38,4161357.09,-122.3985352,37.5977589,16.5,8.2,tall
551276.38,4163062.09,-122.4190094,37.6132293,16.5,11.0,tall
551645.38,4161265.09,-122.4149555,37.5970122,16.5,11.8,tall
551488.38,4161369.09,-122.4167266,37.5979584,16.4,9.0,tall
553224.38,4162138.09,-122.3970058,37.6047906,16.4,5.1,tall
552058.38,4161519.09,-122.4102592,37.5992782,16.4,9.3,tall
551245.38,4161521.09,-122.4194686,37.5993419,16.4,10.1,tall
551605.38,4161374.09,-122.4154009,37.5979969,16.4,4.3,tall
551849.38,4162446.09,-122.412561,37.6076451,16.4,14.0,tall
551472.38,4162034.09,-122.4168611,37.6039529,16.4,5.7,tall
551261.38,4162889.09,-122.4191915,37.6116709,16.4,9.8,tall
551310.38,4163057.09,-122.4186246,37.6131823,16.4,9.0,tall
551421.38,4163052.09,-122.4173673,37.6131311,16.4,6.8,tall
551529.38,4161854.09,-122.416228,37.6023274,16.4,8.2,tall
551467.38,4161377.09,-122.416964,37.5980316,16.4,9.4,tall
552127.38,4162207.09,-122.4094285,37.6054753,16.4,12.9,tall
551781.38,4162211.09,-122.413348,37.6055309,16.4,11.9,tall
551854.38,4161617.09,-122.4125631,37.600173,16.4,7.4,tall
551868.38,4162401.09,-122.4123489,37.6072385,16.4,11.7,tall
551314.38,4161250.09,-122.418706,37.5968955,16.4,5.8,tall
551923.38,4161560.09,-122.4117855,37.5996554,16.4,9.8,tall
551389.38,4162575.09,-122.4177634,37.6088336,16.3,8.9,tall
552151.38,4162229.09,-122.4091551,37.6056722,16.3,6.7,tall
551868.38,4161611.09,-122.412405,37.6001182,16.3,6.2,tall
552667.38,4162022.09,-122.4033243,37.6037771,16.3,11.2,tall
552036.38,4162292.09,-122.4104534,37.6062466,16.3,5.4,tall
551667.38,4162423.09,-122.4146245,37.6074481,16.3,9.7,tall
552444.38,4162922.09,-122.405786,37.6119016,16.3,3.1,tall
551676.38,4161299.09,-122.414602,37.5973169,16.3,10.2,tall
551795.38,4161355.09,-122.41325,37.5978149,16.3,10.0,tall
552490.38,4162013.09,-122.4053301,37.6037061,16.3,10.4,tall
553187.38,4162172.09,-122.3974225,37.6050991,16.3,4.5,tall
552918.38,4162563.09,-122.4004417,37.6086387,16.3,11.1,tall
552794.38,4162399.09,-122.4018583,37.6071677,16.3,7.2,tall
551601.38,4161226.09,-122.4154567,37.5966632,16.2,6.9,tall
552370.38,4161470.09,-122.4067284,37.5988189,16.2,7.0,tall
551655.38,4161334.09,-122.4148374,37.5976335,16.2,8.3,tall
552315.38,4161461.09,-122.407352,37.5987409,16.2,8.3,tall
552152.38,4161500.09,-122.4091957,37.5991017,16.2,12.1,tall
551613.38,4161319.09,-122.4153142,37.5975007,16.2,8.3,tall
551911.38,4161851.09,-122.4119008,37.6022789,16.2,9.1,tall
552095.38,4161886.09,-122.4098139,37.6025839,16.2,6.7,tall
552041.38,4162863.09,-122.4103561,37.6113927,16.2,6.9,tall
551996.38,4162303.09,-122.4109058,37.606348,16.2,10.7,tall
552891.38,4162398.09,-122.4007595,37.6071531,16.2,9.1,tall
551455.38,4163054.09,-122.4169819,37.6131472,16.2,9.3,tall
552961.38,4161498.09,-122.4000316,37.5990374,16.2,10.6,tall
551979.38,4161573.09,-122.4111502,37.5997694,16.2,11.4,tall
552396.38,4162039.09,-122.4063931,37.6039458,16.2,8.9,tall
551937.38,4161799.09,-122.41161,37.6018087,16.2,9.7,tall
552439.38,4162818.09,-122.4058501,37.6109645,16.2,3.2,tall
553151.38,4163129.09,-122.3977608,37.6137267,16.2,10.2,tall
551522.38,4163121.09,-122.4162181,37.6137473,16.2,10.4,tall
551439.38,4163103.09,-122.4171598,37.6135897,16.2,12.1,tall
551265.38,4163117.09,-122.4191302,37.6137256,16.2,10.5,tall
551562.38,4161361.09,-122.4158889,37.5978821,16.2,6.2,tall
551736.38,4162465.09,-122.4138399,37.6078227,16.2,8.5,tall
551622.38,4161367.09,-122.4152089,37.5979328,16.2,7.7,tall
551862.38,4161931.09,-122.4124502,37.6030027,16.2,5.7,tall
552287.38,4162789.09,-122.4075743,37.6107118,16.2,3.1,tall
551313.38,4161236.09,-122.4187183,37.5967694,16.2,8.0,tall
552157.38,4162247.09,-122.4090858,37.6058341,16.2,14.0,tall
551595.38,4162410.09,-122.4154412,37.6073349,16.1,10.3,tall
552038.38,4162873.09,-122.4103894,37.611483,16.1,6.1,tall
552923.38,4163021.09,-122.4003519,37.6127664,16.1,9.6,tall
552036.38,4161962.09,-122.4104769,37.6032723,16.1,4.7,tall
552427.38,4161862.09,-122.4060546,37.6023487,16.1,8.5,tall
551211.38,4162987.09,-122.4197511,37.6125569,16.1,5.8,tall
552939.38,4161810.09,-122.4002582,37.6018507,16.1,4.6,tall
552950.38,4161493.09,-122.4001566,37.598993,16.1,8.1,tall
552761.38,4161281.09,-122.4023128,37.5970931,16.1,11.9,tall
551483.38,4163086.09,-122.4166624,37.613434,16.1,12.3,tall
553013.38,4161597.09,-122.3994354,37.5999267,16.1,8.5,tall
551350.38,4163094.09,-122.4181688,37.6135136,16.1,6.4,tall
551707.38,4161375.09,-122.4142454,37.5980002,16.1,9.9,tall
552977.38,4161389.09,-122.3998583,37.5980541,16.1,10.8,tall
552913.38,4162595.09,-122.400496,37.6089274,16.1,8.6,tall
553199.38,4162160.09,-122.3972874,37.6049903,16.1,4.5,tall
552316.38,4161444.09,-122.4073419,37.5985876,16.1,11.4,tall
551528.38,4162394.09,-122.4162013,37.6071945,16.1,5.9,tall
553093.38,4161900.09,-122.3985072,37.602653,16.1,10.6,tall
553135.38,4161488.09,-122.3980613,37.5989372,16.1,8.7,tall
552260.38,4162745.09,-122.4078834,37.6103167,16.1,3.4,tall
552121.38,4161260.09,-122.409564,37.5969403,16.1,8.6,tall
551895.38,4162368.09,-122.4120454,37.6069395,16.1,8.9,tall
552012.38,4162273.09,-122.4107267,37.6060767,16.1,5.5,tall
551904.38,4161551.09,-122.4120014,37.5995754,16.1,10.1,tall
552069.38,4162312.09,-122.4100781,37.6064249,16.0,10.0,tall
551457.38,4163070.09,-122.4169581,37.6132913,16.0,12.2,tall
551634.38,4161334.09,-122.4150753,37.5976347,16.0,6.1,tall
551521.38,4161789.09,-122.4163232,37.601742,16.0,5.5,tall
551673.38,4161292.09,-122.4146364,37.597254,16.0,5.2,tall
553166.38,4161856.09,-122.3976834,37.6022522,16.0,10.4,tall
551898.38,4162728.09,-122.4119859,37.610184,16.0,10.5,tall
552404.38,4161435.09,-122.4063457,37.5985015,16.0,6.5,tall
552550.38,4161125.09,-122.4047141,37.5956991,16.0,5.5,tall
551228.38,4161762.09,-122.4196443,37.601515,16.0,8.1,tall
552098.38,4161114.09,-122.4098349,37.5956257,16.0,10.0,tall
553122.38,4161871.09,-122.3981807,37.60239,16.0,9.1,tall
552265.38,4161462.09,-122.4079184,37.5987528,16.0,14.0,tall
552155.38,4162584.09,-122.4090844,37.6088716,15.9,12.0,tall
551786.38,4162262.09,-122.4132878,37.6059903,15.9,9.0,tall
553027.38,4161594.09,-122.399277,37.5998989,15.9,5.4,tall
551741.38,4161379.09,-122.41386,37.5980343,15.9,9.7,tall
553022.38,4161592.09,-122.3993338,37.5998811,15.9,13.1,tall
553193.38,4163085.09,-122.3972881,37.6133277,15.9,11.3,tall
551582.38,4161275.09,-122.4156685,37.5971059,15.9,6.7,tall
551240.38,4163025.09,-122.4194199,37.6128978,15.9,6.8,tall
551559.38,4161368.09,-122.4159224,37.5979454,15.9,3.6,tall
552014.38,4161757.09,-122.4107407,37.6014258,15.9,6.5,tall
552419.38,4161585.09,-122.4061651,37.5998526,15.9,9.4,tall
552102.38,4161496.09,-122.4097624,37.5990684,15.9,8.8,tall
552341.38,4162784.09,-122.4069629,37.6106636,15.9,3.2,tall
551421.38,4163045.09,-122.4173678,37.613068,15.9,12.0,tall
553090.38,4161231.09,-122.3985897,37.5966235,15.9,9.2,tall
551829.38,4162139.09,-122.4128093,37.6048793,15.9,10.4,tall
551885.38,4161162.09,-122.4122442,37.5960704,15.9,7.7,tall
551566.38,4161225.09,-122.4158532,37.5966561,15.9,11.5,tall
551542.38,4161771.09,-122.4160866,37.6015786,15.9,11.1,tall
552613.38,4161502.09,-122.4039734,37.5990934,15.9,6.0,tall
551664.38,4161292.09,-122.4147384,37.5972545,15.9,8.0,tall
553066.38,4161341.09,-122.3988536,37.5976163,15.9,8.3,tall
551934.38,4161623.09,-122.4116564,37.6002226,15.8,9.5,tall
551223.38,4161771.09,-122.4197003,37.6015964,15.8,7.2,tall
553196.38,4161514.09,-122.3973684,37.5991681,15.8,12.2,tall
552020.38,4162826.09,-122.4105967,37.6110604,15.8,9.1,tall
551600.38,4161216.09,-122.4154687,37.5965731,15.8,12.3,tall
553143.38,4161309.09,-122.3979837,37.5973234,15.8,7.3,tall
552434.38,4161864.09,-122.4059752,37.6023664,15.8,7.3,tall
553057.38,4161337.09,-122.3989558,37.5975808,15.8,5.7,tall
553040.38,4162522.09,-122.3990625,37.6082622,15.8,4.3,tall
551285.38,4163042.09,-122.4189089,37.6130485,15.8,7.8,tall
551743.38,4162814.09,-122.4137359,37.6109679,15.8,14.0,tall
552036.38,4162430.09,-122.4104436,37.6074904,15.8,14.0,tall
551535.38,4161771.09,-122.4161659,37.601579,15.8,6.0,tall
552882.38,4162400.09,-122.4008613,37.6071717,15.8,9.4,tall
551254.38,4163013.09,-122.4192621,37.6127889,15.8,5.8,tall
552897.38,4161758.09,-122.4007378,37.6013845,15.8,8.1,tall
551539.38,4163061.09,-122.4160297,37.6132056,15.8,5.1,tall
551984.38,4162916.09,-122.4109982,37.6118736,15.7,5.2,tall
553084.38,4161652.09,-122.3986271,37.6004183,15.7,8.5,tall
551556.38,4162423.09,-122.4158821,37.6074543,15.7,8.4,tall
551567.38,4161355.09,-122.4158327,37.5978278,15.7,6.4,tall
552667.38,4162249.09,-122.4033079,37.6058231,15.7,8.0,tall
551190.38,4161801.09,-122.4200721,37.6018686,15.7,4.8,tall
551200.38,4163088.09,-122.4198687,37.6134679,15.7,11.0,tall
553139.38,4161335.09,-122.3980271,37.597558,15.7,6.9,tall
552152.38,4161435.09,-122.4092003,37.5985158,15.7,8.3,tall
551223.38,4161785.09,-122.4196994,37.6017226,15.7,5.3,tall
552429.38,4161869.09,-122.4060314,37.6024117,15.7,7.9,tall
551757.38,4162005.09,-122.4136345,37.6036756,15.7,8.6,tall
551927.38,4162301.09,-122.4116876,37.6063338,15.7,8.1,tall
551274.38,4162260.09,-122.4190883,37.6060009,15.7,7.2,tall
551305.38,4162561.09,-122.418716,37.6087121,15.7,11.7,tall
551739.38,4161371.09,-122.4138832,37.5979623,15.7,9.6,tall
552007.38,4161562.09,-122.4108338,37.5996687,15.7,5.7,tall
552459.38,4161790.09,-122.4056973,37.601698,15.7,9.7,tall
553177.38,4161826.09,-122.397561,37.6019812,15.7,8.3,tall
553072.38,4161603.09,-122.3987666,37.5999774,15.7,9.7,tall
553194.38,4162165.09,-122.3973437,37.6050356,15.7,4.7,tall
551988.38,4161162.09,-122.4110775,37.5960645,15.6,5.4,tall
552034.38,4162843.09,-122.4104369,37.6112128,15.6,11.4,tall
553090.38,4161165.09,-122.3985945,37.5960286,15.6,9.1,tall
551364.38,4162689.09,-122.4180386,37.6098625,15.6,12.8,tall
552737.38,4162754.09,-122.4024785,37.6103706,15.6,6.6,tall
551259.38,4162676.09,-122.4192291,37.6097512,15.6,13.0,tall
552105.38,4161715.09,-122.4097128,37.6010421,15.6,5.8,tall
552239.38,4162484.09,-122.4081399,37.6079655,15.6,7.9,tall
552177.38,4161513.09,-122.4089116,37.5992174,15.6,8.1,tall
551192.38,4161760.09,-122.4200523,37.601499,15.6,6.1,tall
553163.38,4161465.09,-122.3977458,37.5987283,15.6,9.1,tall
552011.38,4161751.09,-122.4107751,37.6013719,15.6,8.3,tall
552463.38,4161469.09,-122.405675,37.5988046,15.6,4.3,tall
552091.38,4161866.09,-122.4098606,37.6024039,15.6,7.6,tall
553130.38,4161328.09,-122.3981295,37.5974954,15.6,6.5,tall
551658.38,4162167.09,-122.4147446,37.6051412,15.6,4.8,tall
551851.38,4161862.09,-122.4125797,37.6023814,15.6,8.6,tall
552138.38,4161743.09,-122.409337,37.6012926,15.6,10.0,tall
553167.38,4161442.09,-122.3977021,37.5985208,15.5,7.4,tall
552223.38,4161906.09,-122.4083624,37.6027569,15.5,9.7,tall
552103.38,4161529.09,-122.4097487,37.5993658,15.5,6.3,tall
552146.38,4161271.09,-122.40928,37.597038,15.5,4.7,tall
551586.38,4161348.09,-122.415618,37.5977636,15.5,6.3,tall
553089.38,4161241.09,-122.3986003,37.5967137,15.5,10.7,tall
552829.38,4162388.09,-122.4014626,37.6070666,15.5,6.5,tall
551462.38,4163100.09,-122.4168994,37.6135614,15.5,8.4,tall
551650.38,4162177.09,-122.4148345,37.6052318,15.5,5.6,tall
551215.38,4161762.09,-122.4197916,37.6015157,15.5,5.2,tall
551427.38,4163064.09,-122.4172985,37.6132389,15.5,14.0,tall
551764.38,4161862.09,-122.4135653,37.6023863,15.5,11.4,tall
551658.38,4162162.09,-122.4147449,37.6050962,15.5,12.0,tall
552360.38,4161783.09,-122.4068193,37.6016405,15.5,7.7,tall
552159.38,4162649.09,-122.4090345,37.6094572,15.5,7.6,tall
551230.38,4161156.09,-122.4196641,37.596053,15.5,7.8,tall
552541.38,4161111.09,-122.4048171,37.5955735,15.5,8.9,tall
552125.38,4162276.09,-122.4094463,37.6060973,15.5,10.3,tall
552001.38,4162793.09,-122.4108143,37.6107641,15.5,6.8,tall
552772.38,4162399.09,-122.4021076,37.607169,15.5,9.7,tall
552583.38,4161368.09,-122.4043229,37.5978874,15.5,11.2,tall
551576.38,4161222.09,-122.4157402,37.5966285,15.5,7.3,tall
552366.38,4161782.09,-122.4067514,37.6016312,15.5,3.5,tall
552010.38,4163094.09,-122.4106909,37.6134765,15.5,10.0,tall
551974.38,4162394.09,-122.4111486,37.6071694,15.5,11.9,tall
552899.38,4162654.09,-122.4006503,37.60946,15.4,6.6,tall
552484.38,4162225.09,-122.4053828,37.6056172,15.4,9.4,tall
552309.38,4161492.09,-122.4074178,37.5990206,15.4,7.6,tall
551236.38,4161769.09,-122.4195532,37.6015777,15.4,11.3,tall
552363.38,4162756.09,-122.4067156,37.61041,15.4,8.8,tall
552628.38,4161948.09,-122.4037714,37.6031124,15.4,9.3,tall
553099.38,4161664.09,-122.3984563,37.6005256,15.4,6.6,tall
551646.38,4162060.09,-122.4148881,37.6041775,15.4,6.3,tall
552070.38,4161881.09,-122.4100975,37.6025403,15.4,4.8,tall
552278.38,4161464.09,-122.407771,37.59877,15.4,9.9,tall
551521.38,4161359.09,-122.4163535,37.5978664,15.4,8.7,tall
552137.38,4161517.09,-122.4093644,37.5992557,15.4,4.1,tall
551749.38,4161371.09,-122.41377,37.5979617,15.4,7.3,tall
551683.38,4162184.09,-122.4144602,37.6052931,15.4,9.6,tall
551540.38,4161114.09,-122.4161556,37.5956571,15.4,8.0,tall
553177.38,4161867.09,-122.397558,37.6023507,15.4,7.1,tall
552130.38,4161521.09,-122.4094434,37.5992922,15.4,4.7,tall
551456.38,4161529.09,-122.4170779,37.5994022,15.4,8.2,tall
551577.38,4162213.09,-122.415659,37.6055604,15.4,5.9,tall
552847.38,4162376.09,-122.4012596,37.6069574,15.4,7.0,tall
551462.38,4161530.09,-122.4170098,37.5994109,15.4,10.7,tall
551535.38,4163121.09,-122.4160708,37.6137466,15.4,9.2,tall
551750.38,4161376.09,-122.4137583,37.5980068,15.4,8.8,tall
551277.38,4163018.09,-122.4190012,37.6128327,15.4,7.8,tall
551717.38,4161928.09,-122.4140931,37.6029838,15.3,12.8,tall
553118.38,4161387.09,-122.3982612,37.5980279,15.3,12.2,tall
551970.38,4161649.09,-122.4112468,37.6004549,15.3,10.4,tall
552365.38,4161787.09,-122.4067623,37.6016763,15.3,10.9,tall
553042.38,4161322.09,-122.3991268,37.5974464,15.3,12.4,tall
551283.38,4161780.09,-122.41902,37.6016742,15.3,5.6,tall
552336.38,4162120.09,-122.407067,37.6046793,15.3,8.6,tall
552607.38,4161420.09,-122.4040473,37.5983547,15.3,7.7,tall
551356.38,4161434.09,-122.4182173,37.5985516,15.3,9.3,tall
553153.38,4161296.09,-122.3978713,37.5972057,15.3,8.7,tall
551660.38,4161456.09,-122.4147721,37.5987329,15.3,9.5,tall
552050.38,4161870.09,-122.4103248,37.6024423,15.3,4.9,tall
552160.38,4161366.09,-122.4091146,37.5978935,15.3,8.8,tall
552570.38,4161358.09,-122.4044709,37.597798,15.3,9.6,tall
551576.38,4162193.09,-122.4156717,37.6053802,15.3,12.6,tall
552883.38,4162456.09,-122.4008459,37.6076764,15.3,8.7,tall
553025.38,4161535.09,-122.3993039,37.5993672,15.3,8.6,tall
551560.38,4161337.09,-122.4159133,37.5976659,15.3,7.2,tall
551574.38,4162198.09,-122.415694,37.6054254,15.3,9.6,tall
551649.38,4161360.09,-122.4149035,37.5978682,15.3,12.1,tall
551793.38,4162304.09,-122.4132055,37.6063684,15.3,9.5,tall
552137.38,4161511.09,-122.4093648,37.5992017,15.3,8.1,tall
553167.38,4161295.09,-122.3977128,37.5971959,15.3,5.7,tall
553079.38,4161649.09,-122.398684,37.6003916,15.2,10.1,tall
551796.38,4162261.09,-122.4131746,37.6059807,15.2,10.2,tall
553130.38,4161868.09,-122.3980903,37.6023625,15.2,6.7,tall
552833.38,4162246.09,-122.4014276,37.6057865,15.2,7.8,tall
551874.38,4161932.09,-122.4123142,37.603011,15.2,6.4,tall
553150.38,4161320.09,-122.3979036,37.5974222,15.2,6.7,tall
551684.38,4162177.09,-122.4144493,37.6052299,15.2,10.7,tall
551269.38,4163105.09,-122.4190857,37.6136172,15.2,8.1,tall
551896.38,4162614.09,-122.4120166,37.6091567,15.2,10.3,tall
551835.38,4162418.09,-122.4127216,37.6073936,15.2,14.0,tall
552928.38,4162903.09,-122.4003038,37.6117026,15.2,8.4,tall
551719.38,4161308.09,-122.4141142,37.5973956,15.2,14.0,tall
551252.38,4163078.09,-122.4192802,37.6133748,15.2,6.7,tall
553098.38,4161722.09,-122.3984634,37.6010484,15.2,8.3,tall
551307.38,4163031.09,-122.4186604,37.6129482,15.2,12.5,tall
551711.38,4161363.09,-122.414201,37.5978918,15.2,7.3,tall
551769.38,4162116.09,-122.4134907,37.6046753,15.2,9.1,tall
552477.38,4162193.09,-122.4054644,37.6053292,15.2,7.2,tall
551943.38,4161660.09,-122.4115519,37.6005556,15.2,13.9,tall
551783.38,4161783.09,-122.4133557,37.6016732,15.2,11.3,tall
551935.38,4162297.09,-122.4115973,37.6062973,15.2,11.7,tall
553068.38,4161888.09,-122.3987912,37.6025463,15.2,5.9,tall
552974.38,4161292.09,-122.3998993,37.59718,15.1,10.8,tall
551356.38,4162504.09,-122.4181422,37.6081956,15.1,10.3,tall
551543.38,4163042.09,-122.4159857,37.6130341,15.1,9.4,tall
551504.38,4161363.09,-122.4165458,37.5979034,15.1,9.9,tall
551689.38,4161356.09,-122.4144507,37.5978299,15.1,7.5,tall
551734.38,4162794.09,-122.4138392,37.6107881,15.1,9.1,tall
552083.38,4161232.09,-122.4099964,37.5966901,15.1,5.9,tall
553054.38,4161277.09,-122.3989941,37.5970402,15.1,8.8,tall
551779.38,4162197.09,-122.4133717,37.6054048,15.1,10.7,tall
552408.38,4161444.09,-122.4062998,37.5985824,15.1,4.1,tall
551435.38,4163115.09,-122.4172042,37.6136981,15.1,9.5,tall
552035.38,4162440.09,-122.4104542,37.6075805,15.1,12.2,tall
551352.38,4163035.09,-122.4181503,37.6129817,15.1,10.6,tall
551589.38,4161342.09,-122.4155844,37.5977094,15.1,6.9,tall
551194.38,4161769.09,-122.420029,37.60158,15.1,7.4,tall
551435.38,4163030.09,-122.4172102,37.612932,15.1,6.4,tall
551238.38,4163077.09,-122.4194389,37.6133666,15.1,8.6,tall
551198.38,4161757.09,-122.4199845,37.6014716,15.1,4.9,tall
551286.38,4161791.09,-122.4189853,37.6017732,15.0,5.3,tall
551590.38,4161379.09,-122.4155705,37.5980428,15.0,9.5,tall
551715.38,4161383.09,-122.4141543,37.5980718,15.0,6.0,tall
551672.38,4162449.09,-122.4145661,37.6076821,15.0,13.6,tall
552468.38,4161472.09,-122.4056181,37.5988313,15.0,3.1,tall
553161.38,4161302.09,-122.3977803,37.5972593,15.0,8.8,tall
552437.38,4161493.09,-122.4059678,37.5990224,15.0,12.3,tall
553178.38,4161778.09,-122.3975531,37.6015485,15.0,9.2,tall
552090.38,4162786.09,-122.4098065,37.6106959,15.0,5.7,tall
551522.38,4162759.09,-122.4162436,37.6104846,15.0,13.2,mid
552044.38,4162908.09,-122.4103189,37.6117981,15.0,9.6,mid
552113.38,4161198.09,-122.409659,37.5963819,15.0,10.8,mid
551796.38,4161161.09,-122.4132524,37.5960664,15.0,7.0,mid
553139.38,4161470.09,-122.3980173,37.5987748,15.0,7.5,mid
551584.38,4161338.09,-122.4156414,37.5976736,14.9,5.6,mid
551259.38,4163082.09,-122.4192006,37.6134105,14.9,7.8,mid
551789.38,4161702.09,-122.4132934,37.6009428,14.9,6.0,mid
551673.38,4161268.09,-122.4146381,37.5970377,14.9,6.7,mid
552610.38,4161931.09,-122.4039765,37.6029602,14.9,11.2,mid
551537.38,4162080.09,-122.4161215,37.6043639,14.9,8.5,mid
551884.38,4161537.09,-122.4122289,37.5994503,14.9,13.9,mid
551415.38,4163034.09,-122.4174365,37.6129692,14.9,9.9,mid
551769.38,4163131.09,-122.4134188,37.6138236,14.9,7.6,mid
551666.38,4161998.09,-122.4146659,37.6036176,14.9,4.7,mid
552719.38,4161655.09,-122.4027616,37.6004664,14.9,5.5,mid
551972.38,4161919.09,-122.411205,37.6028883,14.9,9.7,mid
551699.38,4161127.09,-122.4143536,37.5957654,14.9,10.7,mid
552998.38,4161356.09,-122.3996228,37.5977554,14.9,8.1,mid
553074.38,4161275.09,-122.3987677,37.597021,14.9,8.0,mid
553176.38,4161432.09,-122.3976009,37.5984301,14.9,6.9,mid
551813.38,4161168.09,-122.4130594,37.5961285,14.8,6.6,mid
552931.38,4163052.09,-122.400259,37.6130454,14.8,8.3,mid
552519.38,4161459.09,-122.4050413,37.5987112,14.8,8.4,mid
552910.38,4162642.09,-122.4005266,37.6093512,14.8,10.6,mid
553095.38,4161369.09,-122.398523,37.597867,14.8,8.3,mid
551678.38,4162655.09,-122.4144835,37.6095385,14.8,7.5,mid
551722.38,4161367.09,-122.4140761,37.5979272,14.8,6.5,mid
552879.38,4162950.09,-122.4008555,37.612129,14.8,8.3,mid
551774.38,4161330.09,-122.4134897,37.5975908,14.8,12.6,mid
553174.38,4161420.09,-122.3976244,37.5983221,14.8,9.7,mid
552284.38,4161496.09,-122.4077007,37.5990581,14.8,5.6,mid
551228.38,4161115.09,-122.4196896,37.5956836,14.8,4.7,mid
552400.38,4161159.09,-122.4064108,37.5960141,14.8,6.6,mid
551911.38,4161813.09,-122.4119035,37.6019364,14.8,9.5,mid
552093.38,4161712.09,-122.409849,37.6010158,14.8,7.1,mid
553182.38,4162439.09,-122.3974598,37.6075059,14.8,5.2,mid
551736.38,4162053.09,-122.413869,37.6041094,14.8,5.4,mid
551570.38,4162213.09,-122.4157383,37.6055608,14.8,13.0,mid
552365.38,4161440.09,-122.4067872,37.5985488,14.7,10.0,mid
552099.38,4161667.09,-122.4097842,37.6006098,14.7,8.4,mid
552313.38,4162619.09,-122.4072919,37.6091781,14.7,6.8,mid
553076.38,4162950.09,-122.3986236,37.6121177,14.7,7.6,mid
552391.38,4162047.09,-122.4064492,37.6040182,14.7,8.6,mid
551639.38,4162567.09,-122.4149316,37.6087475,14.7,12.5,mid
553191.38,4161785.09,-122.3974053,37.6016109,14.7,5.6,mid
551688.38,4161329.09,-122.4144639,37.5975866,14.7,12.8,mid
551319.38,4162513.09,-122.4185608,37.6082787,14.7,7.6,mid
552049.38,4162896.09,-122.4102631,37.6116897,14.7,4.3,mid
552149.38,4161471.09,-122.4092318,37.5988405,14.7,10.1,mid
553088.38,4161366.09,-122.3986025,37.5978404,14.7,7.4,mid
551692.38,4161347.09,-122.4144173,37.5977486,14.7,8.7,mid
551639.38,4162208.09,-122.4149569,37.6055118,14.7,6.2,mid
551841.38,4161907.09,-122.4126898,37.6027876,14.7,9.2,mid
552953.38,4161285.09,-122.4001376,37.5971181,14.7,9.1,mid
552001.38,4161557.09,-122.4109022,37.599624,14.7,13.0,mid
551837.38,4161576.09,-122.4127586,37.5998045,14.7,4.6,mid
553207.38,4163049.09,-122.3971321,37.6130024,14.7,8.5,mid
551254.38,4163096.09,-122.4192563,37.613537,14.7,8.5,mid
551962.38,4161904.09,-122.4113193,37.6027537,14.7,8.7,mid
552393.38,4162211.09,-122.4064148,37.6054962,14.7,8.0,mid
553049.38,4161347.09,-122.3990457,37.5976714,14.7,10.0,mid
552959.38,4163024.09,-122.3999438,37.6127914,14.6,14.0,mid
551895.38,4162354.09,-122.4120464,37.6068133,14.6,8.1,mid
553122.38,4161485.09,-122.3982088,37.598911,14.6,10.8,mid
551779.38,4162239.09,-122.4133687,37.6057834,14.6,9.8,mid
553192.38,4161505.09,-122.3974144,37.5990872,14.6,9.1,mid
551951.38,4163042.09,-122.4113631,37.6130111,14.6,10.9,mid
551191.38,4162349.09,-122.4200224,37.6068077,14.6,8.1,mid
551219.38,4162983.09,-122.4196608,37.6125204,14.6,7.8,mid
552517.38,4162248.09,-122.4050073,37.6058226,14.6,5.2,mid
551219.38,4163091.09,-122.4196532,37.6134938,14.6,8.9,mid
553142.38,4161480.09,-122.3979826,37.5988647,14.6,5.7,mid
551706.38,4161298.09,-122.4142622,37.5973062,14.6,14.0,mid
553105.38,4161216.09,-122.3984209,37.5964874,14.6,11.9,mid
551838.38,4162428.09,-122.4126869,37.6074835,14.6,7.4,mid
551690.38,4161156.09,-122.4144535,37.5960273,14.6,4.6,mid
551394.38,4162533.09,-122.4177097,37.6084548,14.6,11.5,mid
551514.38,4161322.09,-122.4164354,37.5975333,14.6,10.5,mid
551534.38,4161394.09,-122.4162038,37.5981811,14.6,7.0,mid
551785.38,4162097.09,-122.4133108,37.6045032,14.6,9.2,mid
553011.38,4161840.09,-122.3994404,37.602117,14.6,7.0,mid
551584.38,4161330.09,-122.4156419,37.5976015,14.6,6.3,mid
552994.38,4161568.09,-122.3996527,37.5996664,14.5,8.7,mid
552453.38,4162543.09,-122.4057112,37.6084851,14.5,9.1,mid
551194.38,4161711.09,-122.4200331,37.6010572,14.5,8.2,mid
552021.38,4162424.09,-122.410614,37.6074371,14.5,9.2,mid
552933.38,4161345.09,-122.4003599,37.59766,14.5,5.6,mid
552056.38,4161871.09,-122.4102568,37.6024509,14.5,5.0,mid
551396.38,4162584.09,-122.4176834,37.6089144,14.5,11.4,mid
551563.38,4161285.09,-122.415883,37.5971971,14.5,12.0,mid
551792.38,4161691.09,-122.4132602,37.6008435,14.5,7.8,mid
552932.38,4161352.09,-122.4003707,37.5977232,14.5,5.4,mid
553194.38,4161527.09,-122.3973901,37.5992853,14.5,7.1,mid
553152.38,4161469.09,-122.3978701,37.598765,14.5,6.9,mid
551885.38,4161148.09,-122.4122452,37.5959442,14.5,12.6,mid
552010.38,4162785.09,-122.4107129,37.6106914,14.5,8.7,mid
551246.38,4163046.09,-122.4193505,37.6130868,14.5,6.5,mid
551887.38,4162123.09,-122.4121534,37.6047318,14.5,4.7,mid
551456.38,4163046.09,-122.4169712,37.613075,14.5,5.8,mid
551896.38,4162100.09,-122.4120531,37.604524,14.5,4.4,mid
551551.38,4161320.09,-122.4160164,37.5975132,14.5,6.5,mid
553039.38,4161531.09,-122.3991456,37.5993303,14.5,8.0,mid
552931.38,4162444.09,-122.400303,37.6075654,14.5,11.8,mid
552420.38,4161863.09,-122.4061338,37.6023582,14.5,8.2,mid
551297.38,4163045.09,-122.4187727,37.6130749,14.5,8.0,mid
552962.38,4162411.09,-122.3999542,37.6072662,14.5,11.0,mid
552002.38,4161650.09,-122.4108842,37.6004621,14.5,10.1,mid
552131.38,4161105.09,-122.4094617,37.5955427,14.5,6.9,mid
551897.38,4162270.09,-122.4120297,37.6060561,14.5,11.8,mid
551536.38,4162257.09,-122.4161204,37.6059593,14.5,14.0,mid
551526.38,4162402.09,-122.4162234,37.6072667,14.4,5.4,mid
552408.38,4162635.09,-122.4062145,37.6093169,14.4,6.3,mid
552697.38,4161993.09,-122.4029865,37.603514,14.4,6.2,mid
552977.38,4162986.09,-122.3997426,37.6124478,14.4,14.0,mid
551543.38,4161373.09,-122.4161033,37.5979913,14.4,5.2,mid
553063.38,4161289.09,-122.3988913,37.5971478,14.4,6.8,mid
551519.38,4162390.09,-122.4163036,37.6071589,14.4,10.2,mid
551584.38,4161253.09,-122.4156473,37.5969075,14.4,6.7,mid
552083.38,4162789.09,-122.4098856,37.6107234,14.4,7.8,mid
553067.38,4161280.09,-122.3988467,37.5970665,14.4,4.7,mid
553218.38,4161551.09,-122.3971165,37.5995003,14.4,6.0,mid
551238.38,4163044.09,-122.4194412,37.6130692,14.4,6.0,mid
552342.38,4161747.09,-122.4070257,37.6013171,14.4,12.0,mid
552107.38,4161722.09,-122.4096896,37.6011051,14.4,9.2,mid
551905.38,4162111.09,-122.4119503,37.6046226,14.4,4.5,mid
552905.38,4163009.09,-122.4005567,37.6126593,14.4,12.3,mid
551473.38,4163091.09,-122.4167754,37.6134797,14.4,9.3,mid
551215.38,4162647.09,-122.4197296,37.6094923,14.4,5.4,mid
552587.38,4161857.09,-122.4042424,37.6022945,14.4,7.0,mid
552846.38,4162697.09,-122.4012477,37.6098506,14.4,3.4,mid
551806.38,4162334.09,-122.4130561,37.6066381,14.4,6.8,mid
551575.38,4163125.09,-122.4156173,37.6137804,14.4,7.4,mid
551581.38,4161296.09,-122.4156783,37.5972952,14.4,7.1,mid
552967.38,4163109.09,-122.399847,37.613557,14.4,9.4,mid
553041.38,4161863.09,-122.3990989,37.6023225,14.3,7.7,mid
553057.38,4161347.09,-122.3989551,37.5976709,14.3,5.0,mid
552388.38,4162170.09,-122.4064744,37.605127,14.3,8.7,mid
551467.38,4162352.09,-122.4168954,37.6068194,14.3,11.9,mid
551212.38,4162113.09,-122.419801,37.6046795,14.3,7.9,mid
552862.38,4162428.09,-122.4010859,37.6074252,14.3,7.5,mid
551317.38,4163019.09,-122.4185479,37.6128394,14.3,7.3,mid
551399.38,4161776.09,-122.4177062,37.6016317,14.3,7.8,mid
553141.38,4162361.09,-122.3979299,37.6068053,14.3,4.9,mid
552248.38,4162335.09,-122.4080486,37.6066221,14.3,6.2,mid
553155.38,4161442.09,-122.3978381,37.5985215,14.3,9.2,mid
552592.38,4161102.09,-122.40424,37.5954894,14.3,7.5,mid
552442.38,4161540.09,-122.4059078,37.5994457,14.3,8.4,mid
551258.38,4163104.09,-122.4192104,37.6136088,14.3,5.9,mid
551277.38,4162561.09,-122.4190332,37.6087137,14.3,12.2,mid
551697.38,4161371.09,-122.414359,37.5979647,14.3,4.5,mid
552851.38,4162366.09,-122.401215,37.606867,14.3,9.7,mid
553063.38,4161742.09,-122.3988585,37.6012307,14.3,5.3,mid
551807.38,4162326.09,-122.4130453,37.6065659,14.3,6.8,mid
551266.38,4161873.09,-122.4192061,37.6025133,14.3,8.3,mid
551917.38,4162296.09,-122.4118013,37.6062893,14.3,8.2,mid
551995.38,4162883.09,-122.4108759,37.6115756,14.3,9.3,mid
552429.38,4161797.09,-122.4060366,37.6017628,14.2,9.9,mid
551251.38,4163034.09,-122.4192947,37.6129783,14.2,5.0,mid
552995.38,4161588.09,-122.3996399,37.5998466,14.2,7.1,mid
553150.38,4161448.09,-122.3978943,37.5985759,14.2,5.0,mid
551375.38,4162502.09,-122.4179271,37.6081765,14.2,8.8,mid
551291.38,4161355.09,-122.4189592,37.5978432,14.2,8.9,mid
552960.38,4163141.09,-122.399924,37.6138458,14.2,2.7,mid
552041.38,4161201.09,-122.4104744,37.5964131,14.2,6.3,mid
552909.38,4162755.09,-122.4005297,37.6103698,14.2,9.2,mid
552079.38,4161880.09,-122.4099956,37.6025308,14.2,5.6,mid
551224.38,4161950.09,-122.4196765,37.6032097,14.2,7.8,mid
553050.38,4161627.09,-122.3990141,37.600195,14.2,8.3,mid
551985.38,4162771.09,-122.4109971,37.6105667,14.2,9.9,mid
552465.38,4162659.09,-122.405567,37.60953,14.2,4.8,mid
553030.38,4161478.09,-122.3992514,37.5988532,14.2,10.9,mid
552930.38,4161239.09,-122.4004015,37.5967048,14.2,4.1,mid
551284.38,4161369.09,-122.4190375,37.5979698,14.2,8.9,mid
551748.38,4162319.09,-122.4137142,37.6065062,14.2,9.5,mid
553030.38,4161613.09,-122.3992417,37.6000699,14.2,6.2,mid
551237.38,4163052.09,-122.419452,37.6131413,14.2,12.9,mid
551443.38,4162531.09,-122.4171547,37.608434,14.2,14.0,mid
553147.38,4162438.09,-122.3978563,37.6074989,14.2,4.0,mid
551320.38,4163104.09,-122.418508,37.6136054,14.2,9.6,mid
553109.38,4161223.09,-122.398375,37.5965503,14.2,9.1,mid
551655.38,4162562.09,-122.4147507,37.6087016,14.2,7.6,mid
552379.38,4161449.09,-122.4066279,37.5986291,14.2,6.2,mid
552552.38,4161132.09,-122.404691,37.5957621,14.2,4.8,mid
551581.38,4162338.09,-122.4156048,37.6066868,14.2,8.9,mid
552967.38,4163141.09,-122.3998447,37.6138454,14.2,6.2,mid
551677.38,4161278.09,-122.4145921,37.5971276,14.2,9.7,mid
552902.38,4162764.09,-122.4006084,37.6104513,14.2,10.9,mid
552105.38,4162546.09,-122.4096536,37.608532,14.2,10.4,mid
551922.38,4162441.09,-122.4117343,37.6075959,14.1,10.7,mid
551688.38,4161457.09,-122.4144549,37.5987403,14.1,8.9,mid
552369.38,4161452.09,-122.406741,37.5986567,14.1,7.4,mid
551687.38,4161313.09,-122.4144764,37.5974425,14.1,11.0,mid
552403.38,4161886.09,-122.4063248,37.6025664,14.1,7.2,mid
552048.38,4161640.09,-122.4103638,37.6003694,14.1,6.1,mid
551674.38,4162182.09,-122.4145623,37.6052755,14.1,10.2,mid
551617.38,4161334.09,-122.4152678,37.5976357,14.1,7.2,mid
551483.38,4161882.09,-122.4167472,37.6025823,14.1,9.8,mid
551782.38,4162361.09,-122.4133261,37.6068828,14.1,14.0,mid
552387.38,4162921.09,-122.4064319,37.6118958,14.1,3.0,mid
551670.38,4161277.09,-122.4146715,37.597119,14.1,4.6,mid
552111.38,4161117.09,-122.4096874,37.595652,14.1,9.1,mid
551209.38,4161752.09,-122.4198603,37.6014259,14.1,4.5,mid
552664.38,4162051.09,-122.4033562,37.6040387,14.1,8.2,mid
551795.38,4162321.09,-122.4131816,37.6065215,14.1,12.7,mid
552991.38,4161537.09,-122.3996889,37.5993872,14.1,7.8,mid
552457.38,4161465.09,-122.4057432,37.5987689,14.1,3.7,mid
551712.38,4162445.09,-122.4141132,37.6076438,14.1,7.1,mid
551240.38,4161729.09,-122.4195107,37.6012169,14.1,8.6,mid
551642.38,4161460.09,-122.4149757,37.5987699,14.1,10.2,mid
551893.38,4162276.09,-122.4120746,37.6061104,14.1,8.8,mid
551252.38,4163108.09,-122.4192781,37.6136452,14.1,10.1,mid
551280.38,4163123.09,-122.4189598,37.6137789,14.1,7.7,mid
553176.38,4163047.09,-122.3974835,37.6129861,14.1,4.1,mid
552714.38,4162047.09,-122.40279,37.6039997,14.1,6.7,mid
552820.38,4161169.09,-122.4016526,37.5960802,14.1,9.4,mid
553107.38,4161363.09,-122.3983875,37.5978122,14.1,5.7,mid
552293.38,4162820.09,-122.4075041,37.6109908,14.1,2.8,mid
552704.38,4162798.09,-122.4028492,37.6107691,14.1,9.3,mid
552873.38,4162758.09,-122.4009374,37.6103989,14.1,13.5,mid
552711.38,4162021.09,-122.4028259,37.6037656,14.1,9.7,mid
552912.38,4162404.09,-122.4005211,37.607206,14.1,8.7,mid
551882.38,4161691.09,-122.4122407,37.6008384,14.0,4.7,mid
553090.38,4161399.09,-122.3985775,37.5981377,14.0,7.6,mid
552882.38,4161241.09,-122.4009451,37.5967256,14.0,13.8,mid
551875.38,4161440.09,-122.4123378,37.5985765,14.0,8.0,mid
552208.38,4162939.09,-122.4084586,37.6120682,14.0,9.3,mid
551757.38,4161396.09,-122.4136776,37.5981866,14.0,6.4,mid
551474.38,4163026.09,-122.4167686,37.6128938,14.0,11.3,mid
552839.38,4162383.09,-122.4013497,37.6070209,14.0,8.8,mid
552316.38,4161799.09,-122.4073166,37.6017872,14.0,7.5,mid
551936.38,4162290.09,-122.4115864,37.6062342,14.0,7.4,mid
552150.38,4161517.09,-122.4092171,37.599255,14.0,7.9,mid
551744.38,4161358.09,-122.4138275,37.5978449,14.0,12.6,mid
551581.38,4161237.09,-122.4156825,37.5967634,14.0,6.7,mid
552105.38,4162645.09,-122.4096466,37.6094242,14.0,8.9,mid
552372.38,4161445.09,-122.4067075,37.5985934,14.0,9.1,mid
551265.38,4162905.09,-122.4191451,37.6118149,14.0,3.0,mid
553198.38,4162450.09,-122.3972777,37.6076041,14.0,5.8,mid
551784.38,4161761.09,-122.4133459,37.6014749,14.0,12.2,mid
551909.38,4162276.09,-122.4118933,37.6061095,14.0,8.1,mid
552462.38,4162641.09,-122.4056022,37.6093679,14.0,3.7,mid
552887.38,4162769.09,-122.400778,37.6104972,14.0,8.9,mid
551437.38,4163051.09,-122.4171861,37.6131212,14.0,7.5,mid
552968.38,4162230.09,-122.3998993,37.6056345,14.0,4.6,mid
553062.38,4162972.09,-122.3987806,37.6123168,14.0,11.6,mid
553141.38,4161461.09,-122.3979953,37.5986935,14.0,7.9,mid
551870.38,4162464.09,-122.4123218,37.6078062,13.9,7.8,mid
552411.38,4161885.09,-122.4062342,37.602557,13.9,6.7,mid
551450.38,4163092.09,-122.4170359,37.61349,13.9,8.1,mid
552868.38,4162409.09,-122.4010193,37.6072536,13.9,8.7,mid
552004.38,4161159.09,-122.4108965,37.5960366,13.9,11.3,mid
551881.38,4161647.09,-122.4122551,37.6004419,13.9,9.8,mid
553005.38,4161823.09,-122.3995096,37.6019641,13.9,10.4,mid
551405.38,4161769.09,-122.4176387,37.6015682,13.9,7.0,mid
551829.38,4161322.09,-122.4128672,37.5975156,13.9,10.4,mid
552475.38,4161478.09,-122.4055384,37.598885,13.9,3.1,mid
553185.38,4161877.09,-122.3974666,37.6024404,13.9,6.9,mid
551625.38,4161328.09,-122.4151776,37.5975812,13.9,7.4,mid
553078.38,4161358.09,-122.3987164,37.5977688,13.9,7.2,mid
551199.38,4161662.09,-122.4199798,37.6006153,13.9,6.4,mid
553059.38,4161296.09,-122.3989361,37.5972111,13.9,10.0,mid
551226.38,4163044.09,-122.4195772,37.6130698,13.9,7.2,mid
552818.38,4162400.09,-122.4015864,37.6071754,13.9,8.2,mid
551817.38,4162211.09,-122.4129402,37.6055289,13.9,6.8,mid
552920.38,4162741.09,-122.4004061,37.6102429,13.9,11.6,mid
551190.38,4161314.09,-122.4201061,37.5974793,13.9,7.5,mid
553102.38,4161237.09,-122.3984533,37.5966769,13.9,5.6,mid
552076.38,4161528.09,-122.4100546,37.5993583,13.9,10.7,mid
553078.38,4162943.09,-122.3986014,37.6120545,13.9,8.8,mid
551441.38,4162761.09,-122.4171612,37.6105072,13.9,6.2,mid
551772.38,4161742.09,-122.4134832,37.6013043,13.9,5.2,mid
552982.38,4161399.09,-122.3998009,37.5981439,13.9,7.1,mid
553102.38,4162405.09,-122.3983686,37.6072041,13.9,4.3,mid
553025.38,4161610.09,-122.3992985,37.6000432,13.9,4.7,mid
552345.38,4162834.09,-122.406914,37.6111141,13.9,7.7,mid
551786.38,4161679.09,-122.413329,37.6007357,13.9,10.5,mid
552486.38,4161870.09,-122.4053857,37.6024175,13.8,6.9,mid
552978.38,4162445.09,-122.3997705,37.6075718,13.8,2.9,mid
551238.38,4161790.09,-122.4195291,37.6017668,13.8,8.5,mid
551345.38,4162501.09,-122.4182671,37.6081691,13.8,9.7,mid
553030.38,4161787.09,-122.399229,37.6016382,13.8,6.2,mid
553132.38,4163087.09,-122.3979791,37.6133492,13.8,5.2,mid
552243.38,4161381.09,-122.4081734,37.5980239,13.8,7.1,mid
552318.38,4161102.09,-122.4073437,37.595505,13.8,8.8,mid
553183.38,4161840.09,-122.397492,37.602107,13.8,7.2,mid
551430.38,4162518.09,-122.4173029,37.6083176,13.8,8.6,mid
552102.38,4162806.09,-122.4096691,37.6108755,13.8,4.4,mid
553125.38,4162137.09,-122.3981274,37.6047873,13.8,6.3,mid
552517.38,4161369.09,-122.4050704,37.5979002,13.8,4.1,mid
553022.38,4161490.09,-122.3993412,37.5989618,13.8,10.5,mid
552675.38,4161152.09,-122.4032963,37.5959353,13.8,8.1,mid
552304.38,4161383.09,-122.4074822,37.5980385,13.8,4.4,mid
552004.38,4163120.09,-122.4107571,37.6137111,13.8,8.9,mid
552446.38,4161502.09,-122.4058652,37.599103,13.8,8.7,mid
553227.38,4162340.09,-122.3969571,37.606611,13.8,5.6,mid
552882.38,4162412.09,-122.4008604,37.6072798,13.8,8.5,mid
551896.38,4162107.09,-122.4120526,37.6045871,13.8,4.3,mid
553099.38,4161175.09,-122.3984918,37.5961182,13.8,6.7,mid
551481.38,4161592.09,-122.4167902,37.5999687,13.8,14.0,mid
553129.38,4163092.09,-122.3980128,37.6133944,13.8,3.4,mid
551361.38,4161408.09,-122.4181625,37.598317,13.8,8.2,mid
553135.38,4163082.09,-122.3979455,37.613304,13.8,3.5,mid
552648.38,4162358.09,-122.4035153,37.6068066,13.8,13.1,mid
551691.38,4161304.09,-122.4144317,37.5973611,13.7,6.5,mid
551604.38,4163128.09,-122.4152885,37.6138058,13.7,9.5,mid
553120.38,4161111.09,-122.3982586,37.5955402,13.7,5.9,mid
552859.38,4162422.09,-122.4011203,37.6073713,13.7,5.4,mid
552909.38,4162711.09,-122.4005329,37.6099732,13.7,14.0,mid
552201.38,4162656.09,-122.4085581,37.6095179,13.7,10.9,mid
551532.38,4163108.09,-122.4161057,37.6136296,13.7,8.3,mid
553156.38,4161838.09,-122.397798,37.6020906,13.7,8.2,mid
551999.38,4161164.09,-122.4109527,37.5960819,13.7,3.6,mid
551955.38,4161565.09,-122.4114227,37.5996987,13.7,5.9,mid
552418.38,4161456.09,-122.4061856,37.59869,13.7,7.5,mid
551484.38,4161470.09,-122.4167648,37.5988689,13.7,11.2,mid
551652.38,4162549.09,-122.4147856,37.6085846,13.7,5.4,mid
553078.38,4161347.09,-122.3987172,37.5976697,13.7,4.8,mid
552886.38,4162988.09,-122.4007735,37.6124711,13.7,8.3,mid
551705.38,4161923.09,-122.4142294,37.6029394,13.7,11.2,mid
551570.38,4161396.09,-122.4157959,37.5981971,13.7,7.0,mid
553078.38,4161534.09,-122.3987036,37.5993551,13.7,8.9,mid
551477.38,4161433.09,-122.4168467,37.5985358,13.7,7.9,mid
553128.38,4161116.09,-122.3981676,37.5955848,13.7,6.9,mid
552879.38,4162744.09,-122.4008704,37.6102723,13.7,14.0,mid
553150.38,4162353.09,-122.3978285,37.6067326,13.7,5.6,mid
551354.38,4162756.09,-122.4181472,37.6104669,13.7,11.1,mid
552095.38,4161658.09,-122.4098301,37.600529,13.7,5.3,mid
551579.38,4161203.09,-122.4157075,37.5964571,13.7,13.1,mid
551661.38,4161364.09,-122.4147673,37.5979036,13.7,5.9,mid
552430.38,4162527.09,-122.405973,37.6083422,13.7,7.3,mid
552912.38,4162455.09,-122.4005175,37.6076657,13.7,7.1,mid
553051.38,4162903.09,-122.3989102,37.6116955,13.7,8.6,mid
552884.38,4162447.09,-122.4008353,37.6075952,13.6,6.0,mid
551741.38,4162084.09,-122.4138102,37.6043885,13.6,9.8,mid
552326.38,4162540.09,-122.4071503,37.6084653,13.6,11.3,mid
551532.38,4161344.09,-122.41623,37.5977306,13.6,6.2,mid
551777.38,4162093.09,-122.4134017,37.6044676,13.6,6.8,mid
552736.38,4162808.09,-122.4024859,37.6108574,13.6,8.1,mid
551552.38,4161368.09,-122.4160017,37.5979458,13.6,5.8,mid
552979.38,4163084.09,-122.3997128,37.613331,13.6,12.5,mid
552395.38,4161437.09,-122.4064475,37.59852,13.6,5.4,mid
552896.38,4162665.09,-122.4006835,37.6095593,13.6,7.7,mid
551646.38,4162552.09,-122.4148533,37.6086119,13.6,5.7,mid
552729.38,4162816.09,-122.4025647,37.6109299,13.6,8.5,mid
551777.38,4162110.09,-122.4134005,37.6046208,13.6,9.2,mid
552895.38,4162453.09,-122.4007102,37.6076486,13.6,7.6,mid
552313.38,4161659.09,-122.4073605,37.6005256,13.6,3.2,mid
553033.38,4161858.09,-122.3991899,37.6022779,13.6,6.6,mid
552916.38,4162466.09,-122.4004713,37.6077646,13.6,8.6,mid
551668.38,4161363.09,-122.4146881,37.5978942,13.6,7.6,mid
552604.38,4161989.09,-122.4040404,37.6034833,13.6,5.9,mid
551862.38,4162228.09,-122.4124292,37.6056796,13.6,9.7,mid
552090.38,4162913.09,-122.4097974,37.6118406,13.6,7.9,mid
552163.38,4161468.09,-122.4090734,37.5988126,13.6,12.2,mid
552311.38,4161393.09,-122.4074022,37.5981282,13.6,5.1,mid
551536.38,4161369.09,-122.4161829,37.5979557,13.6,5.6,mid
552114.38,4161809.09,-122.4096042,37.6018888,13.6,9.1,mid
552996.38,4161308.09,-122.3996489,37.5973229,13.6,6.3,mid
552251.38,4161175.09,-122.4080974,37.5961668,13.5,9.7,mid
552878.38,4162689.09,-122.4008857,37.6097767,13.5,9.9,mid
551907.38,4162249.09,-122.4119179,37.6058663,13.5,12.6,mid
551452.38,4161845.09,-122.417101,37.6022506,13.5,7.7,mid
552156.38,4161532.09,-122.4091481,37.5993899,13.5,11.2,mid
551795.38,4162595.09,-122.4131622,37.6089911,13.5,7.8,mid
551937.38,4162282.09,-122.4115757,37.606162,13.5,7.4,mid
551533.38,4162572.09,-122.4161321,37.6087985,13.5,9.3,mid
551593.38,4161353.09,-122.4155384,37.5978083,13.5,5.0,mid
551943.38,4162280.09,-122.4115079,37.6061437,13.5,9.1,mid
553119.38,4162419.09,-122.3981749,37.6073293,13.5,5.6,mid
551575.38,4161197.09,-122.4157532,37.5964033,13.5,7.6,mid
552506.38,4161766.09,-122.4051665,37.601479,13.5,5.8,mid
553225.38,4162355.09,-122.3969787,37.6067463,13.5,7.8,mid
553108.38,4162399.09,-122.398301,37.6071497,13.5,3.9,mid
552936.38,4161482.09,-122.400316,37.5988946,13.5,7.1,mid
552835.38,4162872.09,-122.4013597,37.6114285,13.5,7.9,mid
551624.38,4161374.09,-122.4151857,37.5979958,13.5,8.4,mid
551676.38,4161541.09,-122.4145849,37.5994981,13.5,8.8,mid
551946.38,4162308.09,-122.4114719,37.6063959,13.5,6.1,mid
553026.38,4161524.09,-122.3992934,37.599268,13.5,8.2,mid
552976.38,4161403.09,-122.3998686,37.5981803,13.5,7.8,mid
552248.38,4161365.09,-122.4081179,37.5978795,13.5,10.5,mid
552871.38,4162541.09,-122.4009757,37.6084432,13.5,11.2,mid
551854.38,4162226.09,-122.41252,37.605662,13.5,9.1,mid
551297.38,4162830.09,-122.4187878,37.6111371,13.5,7.1,mid
552851.38,4161130.09,-122.4013042,37.5957269,13.5,9.4,mid
552925.38,4162457.09,-122.40037,37.607683,13.5,6.5,mid
553212.38,4161545.09,-122.3971849,37.5994465,13.5,11.2,mid
552167.38,4162600.09,-122.4089473,37.6090151,13.5,9.4,mid
551858.38,4162699.09,-122.4124411,37.6099249,13.5,9.9,mid
551276.38,4162833.09,-122.4190255,37.6111653,13.5,6.6,mid
551373.38,4163106.09,-122.4179073,37.6136204,13.5,8.3,mid
552704.38,4162551.09,-122.402867,37.6085429,13.5,6.1,mid
552035.38,4161631.09,-122.4105117,37.600289,13.5,10.1,mid
552834.38,4161335.09,-122.401482,37.5975756,13.5,3.7,mid
551429.38,4162503.09,-122.4173153,37.6081825,13.5,14.0,mid
551596.38,4161245.09,-122.415512,37.5968347,13.4,9.2,mid
551325.38,4162673.09,-122.4184816,37.6097205,13.4,12.3,mid
551355.38,4163009.09,-122.4181181,37.6127472,13.4,7.1,mid
552509.38,4161375.09,-122.4051606,37.5979547,13.4,6.0,mid
551906.38,4162285.09,-122.4119267,37.6061908,13.4,6.5,mid
552042.38,4161196.09,-122.4104634,37.5963679,13.4,6.7,mid
551478.38,4161484.09,-122.4168318,37.5989954,13.4,10.9,mid
552424.38,4161486.09,-122.4061155,37.59896,13.4,10.3,mid
553084.38,4161349.09,-122.3986491,37.5976874,13.4,6.0,mid
552393.38,4161430.09,-122.4064707,37.5984571,13.4,5.1,mid
551603.38,4161330.09,-122.4154267,37.5976004,13.4,7.0,mid
552336.38,4162828.09,-122.4070164,37.6110605,13.4,2.9,mid
551797.38,4162335.09,-122.413158,37.6066476,13.4,3.8,mid
551687.38,4162444.09,-122.4143965,37.6076362,13.4,9.1,mid
551891.38,4162133.09,-122.4121074,37.6048217,13.4,4.4,mid
552917.38,4162728.09,-122.4004411,37.6101259,13.4,5.8,mid
552514.38,4162656.09,-122.405012,37.6095001,13.4,12.2,mid
553112.38,4163120.09,-122.3982033,37.6136478,13.4,5.3,mid
552238.38,4161374.09,-122.4082305,37.5979611,13.4,8.1,mid
553020.38,4161606.09,-122.3993554,37.6000074,13.4,4.2,mid
553176.38,4161285.09,-122.3976116,37.5971052,13.4,7.4,mid
552493.38,4161868.09,-122.4053065,37.6023991,13.4,6.7,mid
552123.38,4162774.09,-122.4094334,37.6105859,13.4,9.5,mid
552440.38,4162193.09,-122.4058836,37.6053313,13.4,6.7,mid
551197.38,4162943.09,-122.4199128,37.6121611,13.4,7.7,mid
552213.38,4161516.09,-122.4085036,37.5992424,13.4,7.7,mid
551866.38,4161124.09,-122.4124621,37.5957289,13.4,10.3,mid
553130.38,4162400.09,-122.3980517,37.6071574,13.4,3.6,mid
552830.38,4162722.09,-122.4014272,37.6100769,13.4,6.8,mid
551472.38,4163108.09,-122.4167855,37.6136329,13.4,9.2,mid
551677.38,4162644.09,-122.4144956,37.6094394,13.4,11.1,mid
551603.38,4161771.09,-122.4153956,37.6015752,13.4,14.0,mid
551861.38,4161627.09,-122.4124831,37.6002628,13.4,11.6,mid
551235.38,4162098.09,-122.4195415,37.604543,13.4,7.6,mid
551288.38,4161798.09,-122.4189621,37.6018361,13.3,4.3,mid
553144.38,4163133.09,-122.3978398,37.6137631,13.3,7.5,mid
551327.38,4163076.09,-122.4184306,37.6133526,13.3,6.2,mid
551279.38,4161895.09,-122.4190573,37.6027109,13.3,7.7,mid
551650.38,4162222.09,-122.4148313,37.6056374,13.3,12.0,mid
552654.38,4161133.09,-122.4035355,37.5957653,13.3,8.0,mid
551952.38,4162759.09,-122.4113719,37.6104604,13.3,8.2,mid
552313.38,4161292.09,-122.4073868,37.5972178,13.3,10.8,mid
552475.38,4162639.09,-122.4054551,37.6093491,13.3,3.9,mid
551912.38,4161803.09,-122.4118929,37.6018462,13.3,7.9,mid
553069.38,4161356.09,-122.3988185,37.5977513,13.3,4.0,mid
552303.38,4161476.09,-122.4074869,37.5988768,13.3,10.9,mid
553023.38,4161260.09,-122.3993465,37.5968887,13.3,8.9,mid
551702.38,4161335.09,-122.4143049,37.5976399,13.3,6.6,mid
551512.38,4162315.09,-122.4163882,37.6064834,13.3,11.6,mid
552277.38,4162457.09,-122.4077113,37.60772,13.3,7.3,mid
552694.38,4162894.09,-122.4029556,37.6116349,13.3,8.9,mid
552874.38,4162420.09,-122.4009505,37.6073524,13.3,6.7,mid
551767.38,4161730.09,-122.4135407,37.6011964,13.3,11.2,mid
551973.38,4162728.09,-122.4111361,37.6101798,13.3,8.1,mid
551860.38,4162417.09,-122.4124384,37.6073831,13.3,11.8,mid
551224.38,4162489.09,-122.4196387,37.6080677,13.3,7.4,mid
551224.38,4163077.09,-122.4195975,37.6133674,13.3,8.6,mid
551665.38,4161488.09,-122.4147132,37.599021,13.3,6.4,mid
551669.38,4161326.09,-122.4146794,37.5975607,13.3,8.0,mid
552300.38,4161458.09,-122.4075222,37.5987147,13.3,7.9,mid
551387.38,4162544.09,-122.4177882,37.6085543,13.3,7.7,mid
553064.38,4161352.09,-122.3988754,37.5977156,13.3,5.2,mid
552338.38,4162548.09,-122.4070137,37.6085367,13.2,8.9,mid
551533.38,4163068.09,-122.4160972,37.613269,13.2,8.6,mid
551526.38,4161325.09,-122.4162993,37.5975597,13.2,4.5,mid
552697.38,4161754.09,-122.4030037,37.6013599,13.2,7.3,mid
551321.38,4162529.09,-122.418537,37.6084228,13.2,9.4,mid
553065.38,4161638.09,-122.3988434,37.6002932,13.2,6.1,mid
552122.38,4161458.09,-122.4095385,37.5987248,13.2,12.6,mid
551679.38,4161531.09,-122.4145516,37.5994078,13.2,6.3,mid
551683.38,4161951.09,-122.4144766,37.603193,13.2,5.8,mid
551966.38,4162732.09,-122.4112152,37.6102162,13.2,5.9,mid
552548.38,4162893.09,-122.4046098,37.6116343,13.2,11.1,mid
551229.38,4163075.09,-122.419541,37.6133491,13.2,7.6,mid
551885.38,4162726.09,-122.4121333,37.6101667,13.2,11.4,mid
552062.38,4162432.09,-122.4101489,37.6075069,13.2,7.1,mid
551841.38,4161141.09,-122.4127441,37.5958836,13.2,6.9,mid
553168.38,4163060.09,-122.3975732,37.6131038,13.2,6.2,mid
552724.38,4162908.09,-122.4026147,37.6117594,13.2,6.3,mid
553087.38,4163132.09,-122.3984857,37.6137574,13.2,7.3,mid
553125.38,4161202.09,-122.3981953,37.5963601,13.2,8.0,mid
553161.38,4162342.09,-122.3977047,37.6066328,13.2,4.5,mid
551753.38,4162369.09,-122.4136541,37.6069565,13.2,9.8,mid
551833.38,4162201.09,-122.4127596,37.6054378,13.2,10.9,mid
552469.38,4163031.09,-122.405495,37.6128826,13.2,8.0,mid
553137.38,4163107.09,-122.397921,37.6135292,13.2,6.1,mid
551539.38,4161354.09,-122.41615,37.5978203,13.2,7.6,mid
551759.38,4162326.09,-122.4135891,37.6065686,13.1,8.4,mid
553023.38,4161245.09,-122.3993476,37.5967535,13.1,6.1,mid
552980.38,4161315.09,-122.3998296,37.5973869,13.1,4.9,mid
551422.38,4162526.09,-122.4173929,37.6083902,13.1,6.3,mid
552529.38,4162166.09,-122.4048773,37.6050829,13.1,11.0,mid
551302.38,4162533.09,-122.418752,37.6084599,13.1,7.5,mid
551827.38,4162427.09,-122.4128116,37.6074751,13.1,5.4,mid
551797.38,4161147.09,-122.4132421,37.5959401,13.1,5.7,mid
553173.38,4161267.09,-122.3976469,37.5969432,13.1,6.5,mid
553118.38,4163110.09,-122.3981361,37.6135573,13.1,8.2,mid
551762.38,4161326.09,-122.4136259,37.5975554,13.1,6.7,mid
553202.38,4161314.09,-122.397315,37.5973651,13.1,6.0,mid
552407.38,4161424.09,-122.4063125,37.5984022,13.1,12.6,mid
552256.38,4161183.09,-122.4080402,37.5962386,13.1,12.0,mid
552398.38,4161717.09,-122.4063935,37.6010435,13.1,6.2,mid
551446.38,4162508.09,-122.4171223,37.6082266,13.1,7.7,mid
552908.38,4162413.09,-122.4005658,37.6072874,13.1,5.9,mid
553215.38,4161684.09,-122.3971408,37.6006992,13.1,3.2,mid
551306.38,4163114.09,-122.4186659,37.6136963,13.1,12.7,mid
553164.38,4161352.09,-122.3977427,37.5977098,13.1,6.6,mid
551439.38,4162490.09,-122.4172029,37.6080647,13.1,14.0,mid
551417.38,4162731.09,-122.4174352,37.6102381,13.1,7.9,mid
551469.38,4161555.09,-122.4169288,37.5996359,13.1,5.7,mid
553196.38,4161534.09,-122.3973669,37.5993483,13.1,6.0,mid
551306.38,4163012.09,-122.418673,37.612777,13.1,5.7,mid
553118.38,4161403.09,-122.39826,37.5981721,13.1,7.1,mid
552152.38,4161866.09,-122.4091696,37.6024004,13.1,5.1,mid
552332.38,4162557.09,-122.4070811,37.6086182,13.1,8.7,mid
553222.38,4161242.09,-122.3970937,37.596715,13.1,7.6,mid
552899.38,4162406.09,-122.4006683,37.6072248,13.1,6.6,mid
551980.38,4162748.09,-122.4110554,37.6103597,13.0,9.2,mid
551407.38,4161139.09,-122.4176603,37.5958899,13.0,4.0,mid
551268.38,4162871.09,-122.4191135,37.6115082,13.0,10.8,mid
552072.38,4161224.09,-122.4101216,37.5966186,13.0,5.7,mid
552909.38,4162972.09,-122.400514,37.6123256,13.0,7.9,mid
552028.38,4162352.09,-122.4105398,37.6067878,13.0,10.6,mid
551289.38,4161820.09,-122.4189492,37.6020344,13.0,7.3,mid
552948.38,4161478.09,-122.4001803,37.5988579,13.0,5.9,mid
551943.38,4161455.09,-122.4115664,37.5987079,13.0,4.1,mid
552686.38,4161512.09,-122.4031458,37.5991794,13.0,3.2,mid
551821.38,4162425.09,-122.4128797,37.6074574,13.0,8.1,mid
551761.38,4161389.09,-122.4136328,37.5981233,13.0,4.5,mid
551597.38,4161362.09,-122.4154924,37.5978892,13.0,5.6,mid
552313.38,4161388.09,-122.4073799,37.5980831,13.0,4.8,mid
551498.38,4163044.09,-122.4164954,37.6130546,13.0,12.1,mid
551996.38,4162801.09,-122.4108704,37.6108364,13.0,5.0,mid
553177.38,4161112.09,-122.3976128,37.5955459,13.0,8.2,mid
551633.38,4162420.09,-122.4150099,37.6074229,13.0,5.5,mid
552652.38,4161123.09,-122.4035589,37.5956753,13.0,8.5,mid
552236.38,4161361.09,-122.4082541,37.5978441,13.0,6.1,mid
552872.38,4162449.09,-122.4009711,37.6076139,13.0,6.1,mid
553035.38,4161779.09,-122.399173,37.6015658,13.0,5.7,mid
551683.38,4161936.09,-122.4144777,37.6030578,13.0,7.2,mid
552259.38,4162726.09,-122.407896,37.6101456,13.0,8.3,mid
551393.38,4162543.09,-122.4177203,37.608545,13.0,4.9,mid
551859.38,4161210.09,-122.4125353,37.5965045,13.0,6.8,mid
553098.38,4161787.09,-122.3984587,37.6016343,13.0,5.2,mid
551840.38,4162289.09,-122.4126741,37.6062306,13.0,14.0,mid
551686.38,4161533.09,-122.4144722,37.5994254,13.0,6.4,mid
552764.38,4161263.09,-122.4022801,37.5969307,13.0,8.3,mid
553162.38,4162073.09,-122.3977129,37.6042083,13.0,6.4,mid
551210.38,4163084.09,-122.4197557,37.6134313,13.0,5.6,mid
551925.38,4162875.09,-122.4116695,37.6115074,12.9,6.0,mid
551915.38,4162288.09,-122.4118245,37.6062173,12.9,5.9,mid
551477.38,4161375.09,-122.4168508,37.5980131,12.9,6.2,mid
552053.38,4163041.09,-122.4102075,37.6129963,12.9,5.8,mid
551931.38,4161114.09,-122.4117266,37.5956351,12.9,9.4,mid
552063.38,4161159.09,-122.4102281,37.5960333,12.9,14.0,mid
551727.38,4162437.09,-122.4139438,37.6075709,12.9,11.3,mid
552947.38,4161428.09,-122.4001953,37.5984073,12.9,5.5,mid
553145.38,4161328.09,-122.3979596,37.5974946,12.9,4.9,mid
552415.38,4161440.09,-122.4062208,37.5985459,12.9,3.1,mid
551256.38,4162521.09,-122.419274,37.6083544,12.9,12.2,mid
551467.38,4162506.09,-122.4168845,37.6082074,12.9,11.9,mid
552546.38,4161517.09,-122.4047313,37.5992325,12.9,7.4,mid
551444.38,4163041.09,-122.4171075,37.6130306,12.9,8.2,mid
551987.38,4161155.09,-122.4110893,37.5960015,12.9,4.9,mid
553129.38,4161348.09,-122.3981394,37.5976758,12.9,6.7,mid
551556.38,4162215.09,-122.4158967,37.6055796,12.9,12.2,mid
553056.38,4162490.09,-122.3988835,37.6079728,12.9,6.8,mid
551477.38,4161350.09,-122.4168526,37.5977877,12.9,4.7,mid
553031.38,4161453.09,-122.3992419,37.5986278,12.9,4.8,mid
551492.38,4162099.09,-122.4166299,37.6045377,12.9,8.2,mid
551312.38,4161575.09,-122.4187059,37.5998249,12.9,9.6,mid
552248.38,4161553.09,-122.4081044,37.5995739,12.9,9.4,mid
553142.38,4161445.09,-122.3979851,37.5985493,12.9,7.8,mid
552317.38,4162546.09,-122.4072518,37.6085199,12.9,4.2,mid
551896.38,4162140.09,-122.4120502,37.6048845,12.9,4.3,mid
552600.38,4161260.09,-122.4041381,37.596913,12.9,10.5,mid
551422.38,4162517.09,-122.4173936,37.608309,12.9,5.7,mid
552030.38,4161123.09,-122.4106045,37.5957107,12.9,11.8,mid
552276.38,4161485.09,-122.4077921,37.5989594,12.9,5.2,mid
553129.38,4161778.09,-122.3981082,37.6015514,12.9,7.4,mid
551190.38,4162776.09,-122.4200038,37.6106564,12.9,2.3,mid
551897.38,4162121.09,-122.4120403,37.6047132,12.9,4.2,mid
552037.38,4161102.09,-122.4105267,37.595521,12.9,4.7,mid
551819.38,4161447.09,-122.4129716,37.5986428,12.9,7.7,mid
553168.38,4161278.09,-122.3977027,37.5970426,12.9,7.1,mid
552957.38,4161485.09,-122.4000779,37.5989205,12.9,6.5,mid
553132.38,4162426.09,-122.3980272,37.6073916,12.9,3.9,mid
551707.38,4162342.09,-122.4141771,37.6067158,12.9,6.6,mid
552311.38,4162542.09,-122.4073201,37.6084842,12.9,3.8,mid
552961.38,4161424.09,-122.400037,37.5983704,12.8,5.6,mid
553086.38,4161386.09,-122.3986238,37.5980207,12.8,6.7,mid
552185.38,4161754.09,-122.4088038,37.6013891,12.8,7.7,mid
551888.38,4161648.09,-122.4121758,37.6004505,12.8,9.9,mid
552245.38,4161343.09,-122.4081534,37.5976813,12.8,3.6,mid
551854.38,4162257.09,-122.4125178,37.6059414,12.8,10.9,mid
553183.38,4161421.09,-122.3975224,37.5983306,12.8,4.9,mid
551370.38,4161421.09,-122.4180597,37.5984336,12.8,5.8,mid
553146.38,4161426.09,-122.3979412,37.5983778,12.8,7.0,mid
551296.38,4162527.09,-122.4188204,37.6084062,12.8,14.0,mid
552394.38,4162056.09,-122.4064145,37.6040992,12.8,4.9,mid
551625.38,4161496.09,-122.4151658,37.5990953,12.8,6.9,mid
552950.38,4161423.09,-122.4001616,37.5983621,12.8,5.5,mid
551574.38,4163086.09,-122.4156314,37.6134289,12.8,8.9,mid
551840.38,4161526.09,-122.4127282,37.5993536,12.8,12.8,mid
551799.38,4161700.09,-122.4131803,37.6009242,12.8,4.8,mid
552288.38,4161189.09,-122.4076773,37.5962909,12.8,6.9,mid
551408.38,4162525.09,-122.4175516,37.6083819,12.8,10.5,mid
552567.38,4162472.09,-122.4044248,37.6078387,12.8,5.6,mid
551709.38,4161485.09,-122.414215,37.5989915,12.8,8.5,mid
551190.38,4161883.09,-122.4200663,37.6026077,12.8,8.5,mid
552669.38,4162098.09,-122.4032961,37.604462,12.8,8.3,mid
553015.38,4162942.09,-122.3993153,37.6120491,12.8,9.0,mid
551221.38,4162835.09,-122.4196485,37.6111864,12.8,8.7,mid
553176.38,4162327.09,-122.3975359,37.6064968,12.8,4.2,mid
552929.38,4162465.09,-122.4003241,37.6077548,12.8,5.9,mid
551839.38,4162316.09,-122.4126835,37.606474,12.8,10.3,mid
552039.38,4161108.09,-122.4105036,37.595575,12.8,5.5,mid
552926.38,4161522.09,-122.4004263,37.5992557,12.8,9.4,mid
552036.38,4161114.09,-122.4105372,37.5956292,12.8,5.4,mid
552898.38,4161333.09,-122.4007572,37.5975539,12.8,6.4,mid
552321.38,4161544.09,-122.4072781,37.5994886,12.8,9.0,mid
552970.38,4162221.09,-122.3998773,37.6055533,12.7,10.3,mid
552581.38,4161306.09,-122.40435,37.5973287,12.7,12.2,mid
552871.38,4162357.09,-122.400989,37.6067848,12.7,7.7,mid
552986.38,4161309.09,-122.3997621,37.5973325,12.7,4.9,mid
551896.38,4161838.09,-122.4120717,37.6021626,12.7,10.7,mid
552846.38,4161532.09,-122.4013319,37.5993505,12.7,8.7,mid
553202.38,4161248.09,-122.3973198,37.5967702,12.7,8.9,mid
551190.38,4162939.09,-122.4199924,37.6121255,12.7,7.5,mid
552676.38,4162007.09,-122.4032234,37.6036414,12.7,5.6,mid
553114.38,4161369.09,-122.3983078,37.5978659,12.7,6.8,mid
551961.38,4161925.09,-122.4113291,37.602943,12.7,6.0,mid
551794.38,4161342.09,-122.4132623,37.5976978,12.7,10.8,mid
553229.38,4162332.09,-122.3969351,37.6065388,12.7,7.2,mid
553068.38,4161416.09,-122.3988255,37.5982922,12.7,8.6,mid
551524.38,4162308.09,-122.4162527,37.6064196,12.7,13.6,mid
551903.38,4162125.09,-122.411972,37.6047489,12.7,4.3,mid
553134.38,4161259.09,-122.3980892,37.5968733,12.7,11.0,mid
552829.38,4161341.09,-122.4015382,37.59763,12.7,3.8,mid
552676.38,4161888.09,-122.403232,37.6025689,12.7,6.5,mid
551955.38,4161914.09,-122.4113979,37.6028442,12.7,6.4,mid
551861.38,4161587.09,-122.4124859,37.5999023,12.7,6.0,mid
552222.38,4162036.09,-122.4083645,37.6039287,12.7,8.3,mid
552345.38,4161781.09,-122.4069893,37.6016234,12.7,7.3,mid
553164.38,4161129.09,-122.3977589,37.5956999,12.7,7.7,mid
552904.38,4161506.09,-122.4006767,37.5991128,12.7,8.4,mid
552255.38,4161898.09,-122.4080005,37.602683,12.7,6.1,mid
552271.38,4161369.09,-122.407857,37.5979142,12.7,3.4,mid
551964.38,4162752.09,-122.4112364,37.6103966,12.7,7.3,mid
553159.38,4163072.09,-122.3976743,37.6132125,12.7,6.4,mid
552387.38,4161433.09,-122.4065384,37.5984844,12.7,4.0,mid
552300.38,4161288.09,-122.4075343,37.5971825,12.6,10.7,mid
553183.38,4161252.09,-122.3975347,37.5968074,12.6,8.0,mid
551322.38,4161544.09,-122.4185948,37.5995449,12.6,5.0,mid
551195.38,4161900.09,-122.4200085,37.6027607,12.6,8.7,mid
551381.38,4162778.09,-122.4178397,37.6106637,12.6,10.2,mid
552394.38,4162500.09,-122.4063827,37.6081009,12.6,10.6,mid
553194.38,4162663.09,-122.3973075,37.6095241,12.6,10.2,mid
552530.38,4161243.09,-122.4049322,37.5967638,12.6,6.8,mid
551994.38,4161644.09,-122.4109753,37.6004085,12.6,5.5,mid
552060.38,4161209.09,-122.4102586,37.5964841,12.6,7.5,mid
552014.38,4161141.09,-122.4107845,37.5958738,12.6,8.5,mid
552025.38,4162466.09,-122.4105656,37.6078154,12.6,8.7,mid
551469.38,4162456.09,-122.4168654,37.6077566,12.6,7.8,mid
551637.38,4161201.09,-122.4150507,37.5964358,12.6,5.4,mid
553148.38,4161152.09,-122.3979384,37.5959081,12.6,8.0,mid
552317.38,4162728.09,-122.4072388,37.6101603,12.6,2.5,mid
552563.38,4161542.09,-122.4045369,37.5994568,12.6,4.2,mid
552213.38,4162037.09,-122.4084664,37.6039382,12.6,6.5,mid
551804.38,4162034.09,-122.4131,37.6039343,12.6,5.8,mid
551757.38,4162097.09,-122.413628,37.6045048,12.6,8.1,mid
552568.38,4161108.09,-122.4045115,37.5955449,12.6,4.5,mid
552844.38,4162418.09,-122.4012905,37.6073361,12.6,6.5,mid
551673.38,4161964.09,-122.414589,37.6033108,12.6,7.9,mid
553154.38,4162416.09,-122.3977786,37.6073002,12.6,5.5,mid
552346.38,4162808.09,-122.4069045,37.6108797,12.6,2.7,mid
552021.38,4162785.09,-122.4105883,37.6106908,12.6,8.7,mid
551197.38,4161651.09,-122.4200033,37.6005163,12.6,5.5,mid
551272.38,4162844.09,-122.41907,37.6112647,12.6,8.9,mid
552333.38,4162739.09,-122.4070567,37.6102585,12.5,3.0,mid
551679.38,4161344.09,-122.4145648,37.5977223,12.5,5.5,mid
552445.38,4162536.09,-122.4058024,37.6084225,12.5,8.5,mid
551557.38,4162536.09,-122.4158628,37.6084727,12.5,8.8,mid
552251.38,4162325.09,-122.4080153,37.6065318,12.5,5.7,mid
551770.38,4161789.09,-122.4135025,37.601728,12.5,8.6,mid
551332.38,4161460.09,-122.4184874,37.5987873,12.5,7.7,mid
551246.38,4162520.09,-122.4193873,37.6083459,12.5,11.3,mid
551885.38,4162575.09,-122.412144,37.6088058,12.5,9.8,mid
553126.38,4163106.09,-122.3980457,37.6135208,12.5,4.2,mid
551841.38,4162309.09,-122.4126613,37.6064108,12.5,8.3,mid
552284.38,4161487.09,-122.4077014,37.598977,12.5,8.9,mid
552019.38,4161577.09,-122.4106968,37.5998032,12.5,8.1,mid
552117.38,4161128.09,-122.4096187,37.5957508,12.5,6.9,mid
551247.38,4163097.09,-122.4193356,37.6135464,12.5,3.8,mid
552118.38,4162183.09,-122.4095322,37.6052595,12.5,9.9,mid
551678.38,4161959.09,-122.4145327,37.6032654,12.5,4.9,mid
551406.38,4161119.09,-122.4176731,37.5957097,12.5,4.7,mid
551374.38,4161470.09,-122.4180109,37.5988751,12.5,6.0,mid
552125.38,4161647.09,-122.4094911,37.6004281,12.5,7.9,mid
551876.38,4162297.09,-122.4122657,37.6063007,12.5,9.6,mid
551471.38,4162531.09,-122.4168375,37.6084325,12.5,14.0,mid
553188.38,4162316.09,-122.3974007,37.6063969,12.5,3.9,mid
552338.38,4161579.09,-122.4070831,37.5998031,12.5,7.0,mid
553223.38,4161314.09,-122.3970771,37.5973639,12.5,8.3,mid
552492.38,4161490.09,-122.4053449,37.5989922,12.5,3.2,mid
552902.38,4161348.09,-122.4007108,37.5976888,12.5,6.7,mid
551469.38,4161312.09,-122.4169459,37.5974457,12.5,10.8,mid
551661.38,4162181.09,-122.4147096,37.6052673,12.5,6.5,mid
552099.38,4162445.09,-122.4097288,37.607622,12.5,11.7,mid
552955.38,4161437.09,-122.400104,37.598488,12.5,7.0,mid
551252.38,4162808.09,-122.4192992,37.6109413,12.4,10.8,mid
552334.38,4161433.09,-122.4071388,37.5984875,12.4,10.5,mid
552534.38,4161136.09,-122.4048946,37.5957992,12.4,6.8,mid
552941.38,4161437.09,-122.4002626,37.5984888,12.4,9.2,mid
553135.38,4161822.09,-122.398037,37.6019476,12.4,5.6,mid
551612.38,4161370.09,-122.4153219,37.5979604,12.4,4.9,mid
551524.38,4161674.09,-122.4162974,37.6007053,12.4,7.1,mid
553215.38,4161527.09,-122.3971522,37.5992841,12.4,8.0,mid
551524.38,4161375.09,-122.4163184,37.5980104,12.4,5.3,mid
551555.38,4162373.09,-122.4158969,37.6070037,12.4,12.7,mid
553134.38,4161638.09,-122.3980617,37.6002893,12.4,7.5,mid
553177.38,4161484.09,-122.3975858,37.5988988,12.4,7.3,mid
551392.38,4162385.09,-122.4177427,37.607121,12.4,9.4,mid
552412.38,4161732.09,-122.4062338,37.6011779,12.4,8.2,mid
552473.38,4161642.09,-122.4055493,37.6003633,12.4,6.6,mid
551191.38,4162954.09,-122.4199801,37.6122606,12.4,3.0,mid
551833.38,4161851.09,-122.4127844,37.6022833,12.4,7.6,mid
551206.38,4161666.09,-122.4199003,37.600651,12.4,10.9,mid
553104.38,4161530.09,-122.3984094,37.5993176,12.4,9.4,mid
551823.38,4162357.09,-122.4128619,37.6068444,12.4,9.3,mid
551828.38,4162341.09,-122.4128064,37.6066999,12.4,10.4,mid
552279.38,4162479.09,-122.4076871,37.6079182,12.4,6.7,mid
552259.38,4162438.09,-122.4079166,37.6075498,12.4,8.3,mid
552317.38,4162534.09,-122.4072527,37.6084118,12.4,7.5,mid
552100.38,4161538.09,-122.409782,37.5994471,12.4,11.5,mid
553224.38,4161349.09,-122.3970632,37.5976793,12.4,8.3,mid
553027.38,4162524.09,-122.3992096,37.608281,12.4,3.5,mid
551203.38,4161774.09,-122.4199267,37.6016246,12.4,4.5,mid
551457.38,4162502.09,-122.4169981,37.6081719,12.4,8.3,mid
553211.38,4162489.09,-122.3971276,37.6079549,12.4,9.2,mid
553126.38,4161421.09,-122.3981681,37.5983339,12.4,6.1,mid
551332.38,4162674.09,-122.4184022,37.6097291,12.4,12.7,mid
552846.38,4161721.09,-122.4013182,37.6010539,12.4,9.7,mid
553110.38,4161654.09,-122.3983324,37.6004348,12.4,7.0,mid
552255.38,4161557.09,-122.4080249,37.5996096,12.3,5.7,mid
553042.38,4161463.09,-122.3991166,37.5987173,12.3,6.9,mid
552352.38,4161230.09,-122.4069494,37.5966568,12.3,10.5,mid
552162.38,4161996.09,-122.4090471,37.6035716,12.3,6.6,mid
552073.38,4161655.09,-122.4100796,37.6005032,12.3,6.9,mid
552193.38,4161812.09,-122.408709,37.6019114,12.3,5.6,mid
552112.38,4161268.09,-122.4096653,37.5970129,12.3,6.7,mid
552856.38,4162347.09,-122.4011597,37.6066955,12.3,6.5,mid
551191.38,4161812.09,-122.42006,37.6019677,12.3,7.1,mid
552195.38,4161289.09,-122.4087237,37.5971975,12.3,11.4,mid
551476.38,4161510.09,-122.4168526,37.5992299,12.3,7.9,mid
553161.38,4162164.09,-122.3977176,37.6050285,12.3,5.9,mid
551562.38,4161193.09,-122.4159008,37.5963679,12.3,7.8,mid
552474.38,4161484.09,-122.4055493,37.5989391,12.3,5.3,mid
552083.38,4161644.09,-122.4099671,37.6004035,12.3,5.6,mid
553078.38,4161398.09,-122.3987135,37.5981294,12.3,7.2,mid
551991.38,4161651.09,-122.4110088,37.6004717,12.3,10.2,mid
551331.38,4161540.09,-122.4184931,37.5995084,12.3,5.9,mid
551255.38,4162540.09,-122.419284,37.6085257,12.3,10.3,mid
551846.38,4161533.09,-122.4126597,37.5994164,12.3,6.2,mid
553196.38,4161618.09,-122.3973608,37.6001054,12.3,8.5,mid
551428.38,4162826.09,-122.4173039,37.6110937,12.3,4.7,mid
551210.38,4162263.09,-122.4198132,37.6060316,12.3,11.3,mid
552610.38,4162115.09,-122.4039633,37.6046186,12.3,5.4,mid
552670.38,4162142.09,-122.4032817,37.6048585,12.3,6.7,mid
552075.38,4161645.09,-122.4100576,37.6004129,12.3,8.3,mid
551694.38,4162663.09,-122.4143017,37.6096097,12.3,7.6,mid
552050.38,4161207.09,-122.410372,37.5964666,12.3,5.1,mid
553144.38,4161130.09,-122.3979853,37.5957101,12.3,8.1,mid
551460.38,4162468.09,-122.4169665,37.6078653,12.2,6.5,mid
551773.38,4162266.09,-122.4134348,37.6060271,12.2,10.6,mid
552353.38,4161843.09,-122.4068943,37.6021817,12.2,7.2,mid
552479.38,4162657.09,-122.4054085,37.6095111,12.2,3.4,mid
552052.38,4161535.09,-122.410326,37.5994228,12.2,12.7,mid
551399.38,4161517.09,-122.4177244,37.5992973,12.2,8.4,mid
552557.38,4161275.09,-122.4046241,37.5970507,12.2,6.0,mid
552421.38,4162522.09,-122.4060753,37.6082977,12.2,5.6,mid
553163.38,4161765.09,-122.397724,37.6014322,12.2,6.0,mid
552194.38,4161457.09,-122.408723,37.5987117,12.2,6.5,mid
552578.38,4161266.09,-122.4043868,37.5969684,12.2,9.4,mid
551647.38,4161346.09,-122.4149272,37.5977422,12.2,5.0,mid
552393.38,4161446.09,-122.4064696,37.5986013,12.2,7.0,mid
551490.38,4162777.09,-122.4166049,37.6106486,12.2,10.6,mid
552185.38,4161291.09,-122.4088368,37.5972161,12.2,5.7,mid
551864.38,4163045.09,-122.4123486,37.6130431,12.2,6.6,mid
551352.38,4161420.09,-122.4182636,37.5984256,12.2,8.5,mid
552485.38,4161284.09,-122.405439,37.5971359,12.2,8.0,mid
552780.38,4163080.09,-122.4019678,37.6133064,12.2,7.4,mid
553185.38,4161330.09,-122.3975064,37.5975103,12.2,8.9,mid
551639.38,4161145.09,-122.415032,37.595931,12.2,7.1,mid
553131.38,4162372.09,-122.3980424,37.606905,12.2,5.2,mid
552156.38,4162968.09,-122.4090457,37.6123326,12.2,10.7,mid
552109.38,4161652.09,-122.409672,37.6004741,12.2,7.9,mid
551462.38,4161294.09,-122.4170264,37.5972838,12.2,10.9,mid
552016.38,4162796.09,-122.4106441,37.6107903,12.2,6.8,mid
553149.38,4162751.09,-122.3978109,37.6103199,12.2,9.7,mid
551807.38,4162259.09,-122.4130501,37.6059621,12.2,8.6,mid
553126.38,4161416.09,-122.3981685,37.5982888,12.2,5.1,mid
553101.38,4161304.09,-122.3984598,37.5972808,12.2,9.1,mid
551681.38,4162637.09,-122.4144508,37.6093761,12.2,6.7,mid
552377.38,4161725.09,-122.4066308,37.6011168,12.2,7.5,mid
552236.38,4161487.09,-122.4082451,37.5989797,12.2,7.0,mid
552336.38,4161523.09,-122.4071097,37.5992985,12.2,8.6,mid
553194.38,4161319.09,-122.3974052,37.5974106,12.2,5.1,mid
551672.38,4162606.09,-122.414555,37.6090972,12.2,6.0,mid
551466.38,4161512.09,-122.4169658,37.5992485,12.2,8.3,mid
553143.38,4161627.09,-122.3979606,37.6001896,12.2,10.7,mid
551851.38,4161580.09,-122.4125997,37.5998397,12.2,4.3,mid
551884.38,4162290.09,-122.4121755,37.6062371,12.2,7.2,mid
552087.38,4161656.09,-122.4099209,37.6005114,12.2,6.5,mid
551419.38,4162024.09,-122.4174622,37.6038658,12.2,5.9,mid
552928.38,4161470.09,-122.4004075,37.5987869,12.2,5.9,mid
552938.38,4163038.09,-122.4001807,37.6129188,12.1,6.9,mid
551779.38,4162333.09,-122.413362,37.6066306,12.1,7.7,mid
551817.38,4162710.09,-122.4129048,37.6100264,12.1,6.6,mid
551397.38,4161759.09,-122.4177301,37.6014785,12.1,6.4,mid
552087.38,4162671.09,-122.4098486,37.6096596,12.1,8.9,mid
551348.38,4161226.09,-122.4183225,37.5966773,12.1,6.7,mid
553127.38,4161272.09,-122.3981676,37.5969909,12.1,10.8,mid
553043.38,4161335.09,-122.3991145,37.5975636,12.1,5.1,mid
551850.38,4161593.09,-122.4126101,37.599957,12.1,4.6,mid
551676.38,4162137.09,-122.4145428,37.6048698,12.1,6.3,mid
551581.38,4162704.09,-122.415579,37.6099856,12.1,10.3,mid
552045.38,4162556.09,-122.4103327,37.6086255,12.1,13.0,mid
551757.38,4162441.09,-122.4136036,37.6076052,12.1,5.4,mid
551221.38,4161804.09,-122.4197207,37.601894,12.1,5.0,mid
551957.38,4161186.09,-122.4114269,37.5962826,12.1,5.6,mid
552878.38,4161274.09,-122.400988,37.5970233,12.1,6.7,mid
552493.38,4162635.09,-122.4052515,37.609312,12.1,3.7,mid
551269.38,4162854.09,-122.4191033,37.611355,12.1,5.7,mid
551492.38,4161350.09,-122.4166827,37.5977869,12.1,3.7,mid
552986.38,4161503.09,-122.3997481,37.599081,12.1,7.5,mid
553137.38,4161319.09,-122.3980509,37.5974139,12.1,4.0,mid
552555.38,4162489.09,-122.4045595,37.6079926,12.1,6.9,mid
551659.38,4161705.09,-122.4147659,37.6009772,12.1,7.2,mid
551340.38,4161433.09,-122.4183986,37.5985435,12.1,9.0,mid
552129.38,4162423.09,-122.4093905,37.607422,12.1,7.3,mid
551663.38,4161407.09,-122.4147416,37.5982911,12.1,5.9,mid
551622.38,4162319.09,-122.4151417,37.6065132,12.1,11.3,mid
553006.38,4162558.09,-122.3994451,37.6085886,12.1,3.2,mid
552804.38,4162412.09,-122.4017441,37.6072843,12.1,9.1,mid
552816.38,4161344.09,-122.4016853,37.5976577,12.1,8.0,mid
552009.38,4161495.09,-122.4108159,37.5990647,12.1,8.3,mid
551847.38,4161117.09,-122.4126778,37.5956669,12.1,7.4,mid
553215.38,4162990.09,-122.3970458,37.6124701,12.1,6.7,mid
553145.38,4162183.09,-122.3978975,37.6052007,12.1,6.7,mid
551499.38,4163107.09,-122.4164797,37.6136224,12.1,6.1,mid
552667.38,4162211.09,-122.4033107,37.6054806,12.1,7.7,mid
552210.38,4162574.09,-122.408462,37.6087784,12.1,7.2,mid
551959.38,4161742.09,-122.4113648,37.6012937,12.1,4.9,mid
552872.38,4161247.09,-122.4010579,37.5967803,12.1,5.2,mid
551754.38,4161707.09,-122.4136896,37.6009898,12.0,7.9,mid
551298.38,4161183.09,-122.4188919,37.5962926,12.0,4.6,mid
552580.38,4161545.09,-122.4043441,37.5994829,12.0,8.8,mid
551366.38,4162492.09,-122.4180298,37.6080868,12.0,14.0,mid
551506.38,4161340.09,-122.4165248,37.597696,12.0,11.7,mid
551406.38,4162581.09,-122.4175703,37.6088868,12.0,4.4,mid
551532.38,4162281.09,-122.416164,37.6061758,12.0,7.2,mid
551203.38,4161887.09,-122.4199188,37.602643,12.0,9.3,mid
552591.38,4161115.09,-122.4042504,37.5956066,12.0,10.1,mid
551882.38,4161316.09,-122.4122673,37.5974585,12.0,8.0,mid
552502.38,4161497.09,-122.4052312,37.5990547,12.0,4.0,mid
552945.38,4161450.09,-122.4002163,37.5986057,12.0,4.3,mid
551988.38,4161232.09,-122.4110725,37.5966955,12.0,9.0,mid
551572.38,4162244.09,-122.4157134,37.6058401,12.0,7.1,mid
553186.38,4163032.09,-122.3973713,37.6128504,12.0,4.4,mid
551462.38,4162663.09,-122.4169301,37.6096227,12.0,6.1,mid
551739.38,4162439.09,-122.4138077,37.6075882,12.0,6.7,mid
553050.38,4162496.09,-122.3989511,37.6080273,12.0,6.2,mid
551363.38,4162599.09,-122.4180562,37.6090514,12.0,6.0,mid
551239.38,4163099.09,-122.4194261,37.6135648,12.0,5.2,mid
552413.38,4162033.09,-122.4062009,37.6038908,12.0,6.9,mid
552091.38,4161238.09,-122.4099054,37.5967437,12.0,6.4,mid
551985.38,4162385.09,-122.4110246,37.6070877,12.0,8.3,mid
551763.38,4162313.09,-122.4135447,37.6064512,12.0,11.3,mid
551347.38,4163075.09,-122.4182041,37.6133425,12.0,10.2,mid
553017.38,4161849.09,-122.3993718,37.6021977,12.0,6.7,mid
551983.38,4161630.09,-122.4111009,37.6002829,12.0,11.2,mid
552612.38,4161485.09,-122.403986,37.5989403,12.0,11.9,mid
553227.38,4161358.09,-122.3970286,37.5977602,12.0,9.9,mid
551318.38,4162498.09,-122.4185732,37.6081436,12.0,9.9,mid
551525.38,4161351.09,-122.4163088,37.5977941,12.0,6.8,mid
552275.38,4161501.09,-122.4078023,37.5991037,12.0,7.3,mid
551833.38,4161635.09,-122.4127997,37.6003365,11.9,13.4,mid
552018.38,4161197.09,-122.4107352,37.5963783,11.9,6.1,mid
552129.38,4161120.09,-122.4094833,37.595678,11.9,7.7,mid
552215.38,4161340.09,-122.4084935,37.597656,11.9,8.0,mid
551954.38,4161131.09,-122.4114648,37.5957871,11.9,4.9,mid
552658.38,4161147.09,-122.4034892,37.5958912,11.9,7.9,mid
553058.38,4162149.09,-122.3988856,37.6048993,11.9,4.3,mid
552723.38,4161838.09,-122.4027031,37.6021155,11.9,8.8,mid
553169.38,4162060.09,-122.3976346,37.6040907,11.9,4.3,mid
552621.38,4161488.09,-122.4038838,37.5989668,11.9,7.7,mid
552922.38,4163059.09,-122.4003605,37.613109,11.9,7.8,mid
553179.38,4163018.09,-122.3974516,37.6127246,11.9,7.5,mid
552762.38,4161594.09,-122.4022789,37.5999141,11.9,8.2,mid
552960.38,4161414.09,-122.400049,37.5982804,11.9,7.4,mid
553076.38,4161891.09,-122.3987004,37.6025729,11.9,4.7,mid
552921.38,4163050.09,-122.4003724,37.6130279,11.9,3.7,mid
551979.38,4162625.09,-122.4110755,37.6092511,11.9,7.4,mid
552105.38,4161867.09,-122.409702,37.6024121,11.9,6.8,mid
552269.38,4161436.09,-122.4078749,37.5985182,11.9,8.4,mid
552760.38,4162698.09,-122.402222,37.6098646,11.9,7.5,mid
551386.38,4161374.09,-122.4178817,37.5980091,11.9,6.8,mid
551767.38,4162342.09,-122.4134974,37.6067124,11.9,7.3,mid
551742.38,4162251.09,-122.413787,37.6058936,11.9,8.8,mid
552319.38,4161391.09,-122.4073117,37.5981098,11.9,7.4,mid
553151.38,4163067.09,-122.3977653,37.6131679,11.9,3.8,mid
553007.38,4161527.09,-122.3995084,37.5992961,11.9,6.4,mid
553181.38,4163040.09,-122.3974274,37.6129228,11.9,5.9,mid
552194.38,4161442.09,-122.4087241,37.5985765,11.9,7.3,mid
551498.38,4161350.09,-122.4166147,37.5977866,11.9,3.9,mid
551608.38,4161354.09,-122.4153684,37.5978164,11.9,4.3,mid
552495.38,4161499.09,-122.4053103,37.5990731,11.9,2.6,mid
551998.38,4161716.09,-122.4109248,37.6010572,11.9,5.8,mid
552918.38,4162306.09,-122.4004603,37.6063224,11.9,7.1,mid
551750.38,4162060.09,-122.4137099,37.6041717,11.9,4.3,mid
551579.38,4162241.09,-122.4156343,37.6058126,11.9,9.3,mid
551825.38,4162718.09,-122.4128136,37.610098,11.9,7.3,mid
552770.38,4162801.09,-122.4021012,37.6107923,11.9,5.8,mid
551340.38,4161223.09,-122.4184134,37.5966507,11.9,7.7,mid
551244.38,4162617.09,-122.4194032,37.6092203,11.9,7.5,mid
553180.38,4161898.09,-122.3975217,37.60263,11.9,5.4,mid
551635.38,4161348.09,-122.4150629,37.5977609,11.9,8.2,mid
552713.38,4161652.09,-122.4028298,37.6004397,11.9,3.4,mid
553151.38,4161754.09,-122.3978607,37.6013338,11.9,6.5,mid
551705.38,4161619.09,-122.4142509,37.6001995,11.9,6.0,mid
551236.38,4161805.09,-122.4195507,37.6019021,11.8,7.4,mid
551578.38,4162180.09,-122.41565,37.6052629,11.8,7.3,mid
551229.38,4163097.09,-122.4195395,37.6135474,11.8,7.5,mid
551980.38,4161942.09,-122.4111127,37.6030952,11.8,9.4,mid
551801.38,4162057.09,-122.4131324,37.6041418,11.8,6.2,mid
551975.38,4162964.09,-122.4110967,37.6123068,11.8,9.5,mid
551552.38,4161691.09,-122.415979,37.600857,11.8,5.6,mid
551952.38,4161136.09,-122.4114871,37.5958322,11.8,5.2,mid
552406.38,4162042.09,-122.4062796,37.6039723,11.8,4.9,mid
551728.38,4162776.09,-122.4139085,37.6106262,11.8,4.7,mid
551879.38,4162280.09,-122.4122329,37.6061473,11.8,8.3,mid
551639.38,4162348.09,-122.4149471,37.6067737,11.8,6.4,mid
553094.38,4161579.09,-122.3985191,37.5997598,11.8,6.3,mid
551807.38,4162307.09,-122.4130467,37.6063947,11.8,6.7,mid
552347.38,4161790.09,-122.406966,37.6017044,11.8,4.6,mid
552012.38,4162711.09,-122.4106955,37.6100244,11.8,8.7,mid
552547.38,4163128.09,-122.4046042,37.6137524,11.8,5.1,mid
551317.38,4162505.09,-122.418584,37.6082067,11.8,8.8,mid
552665.38,4161526.09,-122.4033826,37.5993068,11.8,6.7,mid
553190.38,4163027.09,-122.3973264,37.6128051,11.8,4.7,mid
552484.38,4161633.09,-122.4054253,37.6002815,11.8,6.1,mid
551607.38,4161341.09,-122.4153806,37.5976993,11.8,7.5,mid
552287.38,4162476.09,-122.4075967,37.6078907,11.8,7.0,mid
551544.38,4162380.09,-122.4160211,37.6070674,11.8,9.1,mid
551386.38,4161786.09,-122.4178528,37.6017225,11.8,8.6,mid
552937.38,4161461.09,-122.4003062,37.5987053,11.8,4.8,mid
552894.38,4162719.09,-122.4007023,37.6100462,11.8,5.2,mid
551755.38,4161673.09,-122.4136806,37.6006833,11.8,12.1,mid
551298.38,4161518.09,-122.4188685,37.5993119,11.8,5.4,mid
552878.38,4162976.09,-122.400865,37.6123634,11.8,4.8,mid
551246.38,4162088.09,-122.4194176,37.6044523,11.8,8.4,mid
552547.38,4161378.09,-122.40473,37.5979796,11.7,8.1,mid
552978.38,4162594.09,-122.3997597,37.6089147,11.7,7.9,mid
551442.38,4163019.09,-122.4171317,37.6128325,11.7,10.4,mid
551861.38,4161634.09,-122.4124826,37.6003259,11.7,3.8,mid
551700.38,4162287.09,-122.4142603,37.6062204,11.7,9.4,mid
552090.38,4161552.09,-122.4098943,37.5995739,11.7,10.5,mid
552784.38,4162665.09,-122.4019524,37.6095658,11.7,6.5,mid
551685.38,4161962.09,-122.4144532,37.6032921,11.7,11.8,mid
551351.38,4161548.09,-122.418266,37.5995794,11.7,5.5,mid
553229.38,4161571.09,-122.3969904,37.5996799,11.7,10.0,mid
553117.38,4161646.09,-122.3982537,37.6003623,11.7,5.3,mid
553131.38,4161406.09,-122.3981126,37.5981984,11.7,7.6,mid
551750.38,4161870.09,-122.4137233,37.6024592,11.7,6.9,mid
553057.38,4161875.09,-122.3989168,37.6024298,11.7,7.1,mid
551226.38,4161831.09,-122.4196622,37.602137,11.7,6.0,mid
551998.38,4161756.09,-122.410922,37.6014177,11.7,6.0,mid
551603.38,4161382.09,-122.415423,37.5980691,11.7,7.5,mid
552151.38,4162557.09,-122.4091317,37.6086285,11.7,11.0,mid
552263.38,4163037.09,-122.4078285,37.6129484,11.7,8.4,mid
553139.38,4162146.09,-122.3979682,37.6048676,11.7,6.8,mid
552102.38,4161876.09,-122.4097353,37.6024934,11.7,5.3,mid
552908.38,4161284.09,-122.4006475,37.5971117,11.7,8.8,mid
552387.38,4161456.09,-122.4065368,37.5986917,11.7,7.3,mid
552439.38,4162664.09,-122.4058612,37.6095765,11.7,5.8,mid
551877.38,4162448.09,-122.4122436,37.6076616,11.7,6.8,mid
552313.38,4162226.09,-122.40732,37.605636,11.7,11.8,mid
551343.38,4162574.09,-122.4182846,37.6088272,11.7,11.1,mid
553040.38,4162834.09,-122.3990398,37.6110742,11.7,4.1,mid
551672.38,4161333.09,-122.4146449,37.5976236,11.7,4.0,mid
552131.38,4161456.09,-122.4094367,37.5987063,11.7,7.9,mid
551831.38,4161133.09,-122.4128579,37.595812,11.7,8.7,mid
553201.38,4161804.09,-122.3972907,37.6017815,11.7,7.8,mid
551591.38,4162343.09,-122.4154912,37.6067313,11.7,8.2,mid
551781.38,4162398.09,-122.4133348,37.6072163,11.6,7.0,mid
552793.38,4162769.09,-122.401843,37.6105026,11.6,4.0,mid
552286.38,4162514.09,-122.4076053,37.6082333,11.6,7.5,mid
553052.38,4161546.09,-122.3989973,37.5994648,11.6,8.8,mid
551745.38,4161702.09,-122.4137919,37.6009453,11.6,9.0,mid
551483.38,4161352.09,-122.4167845,37.5978054,11.6,5.0,mid
553223.38,4161498.09,-122.3970637,37.5990223,11.6,7.2,mid
551723.38,4161356.09,-122.4140655,37.597828,11.6,8.5,mid
552455.38,4161570.09,-122.4057583,37.5997153,11.6,6.2,mid
552674.38,4162181.09,-122.4032335,37.6052098,11.6,7.5,mid
553227.38,4162973.09,-122.3969111,37.6123162,11.6,6.3,mid
552347.38,4162083.09,-122.4069451,37.6043452,11.6,8.1,mid
552585.38,4161564.09,-122.4042861,37.5996538,11.6,2.8,mid
551683.38,4161516.09,-122.4145073,37.5992723,11.6,4.7,mid
553172.38,4163003.09,-122.397532,37.6125898,11.6,8.1,mid
553154.38,4163053.09,-122.3977323,37.6130415,11.6,4.7,mid
552293.38,4161696.09,-122.4075845,37.6008602,11.6,9.1,mid
552416.38,4161491.09,-122.4062058,37.5990055,11.6,7.0,mid
551906.38,4161160.09,-122.4120065,37.5960511,11.6,7.2,mid
552891.38,4161343.09,-122.4008358,37.5976444,11.6,6.8,mid
551781.38,4162393.09,-122.4133351,37.6071713,11.6,9.2,mid
552402.38,4161448.09,-122.4063675,37.5986188,11.6,7.7,mid
553003.38,4161432.09,-122.3995606,37.5984401,11.6,8.9,mid
552494.38,4162201.09,-122.4052713,37.6054003,11.6,10.5,mid
552570.38,4161547.09,-122.4044573,37.5995015,11.6,3.4,mid
552356.38,4162515.09,-122.4068122,37.6082383,11.6,5.4,mid
553210.38,4162972.09,-122.3971038,37.6123082,11.6,4.3,mid
552348.38,4162511.09,-122.4069031,37.6082027,11.6,14.0,mid
552409.38,4161481.09,-122.4062858,37.5989158,11.6,8.0,mid
551726.38,4161809.09,-122.4139995,37.6019108,11.6,9.0,mid
551704.38,4161628.09,-122.4142615,37.6002806,11.6,6.9,mid
551523.38,4162296.09,-122.4162649,37.6063115,11.6,3.2,mid
551863.38,4162322.09,-122.4124112,37.6065267,11.6,8.9,mid
551945.38,4161130.09,-122.4115668,37.5957786,11.6,3.6,mid
553183.38,4163011.09,-122.3974068,37.6126613,11.6,4.9,mid
551497.38,4162326.09,-122.4165573,37.6065833,11.6,7.8,mid
551637.38,4162981.09,-122.414925,37.612479,11.5,9.4,mid
553129.38,4161195.09,-122.3981505,37.5962968,11.5,9.5,mid
553095.38,4161102.09,-122.3985424,37.5954605,11.5,6.3,mid
552525.38,4161514.09,-122.4049694,37.5992066,11.5,4.2,mid
552487.38,4161487.09,-122.4054018,37.5989654,11.5,2.7,mid
552101.38,4161239.09,-122.409792,37.5967522,11.5,5.3,mid
551698.38,4161186.09,-122.4143607,37.5962972,11.5,9.0,mid
551396.38,4162891.09,-122.4176619,37.6116814,11.5,7.5,mid
553082.38,4163141.09,-122.3985417,37.6138388,11.5,6.3,mid
552481.38,4161482.09,-122.4054701,37.5989207,11.5,3.3,mid
551669.38,4162146.09,-122.4146214,37.6049514,11.5,7.1,mid
551306.38,4161550.09,-122.4187756,37.5995999,11.5,5.2,mid
552064.38,4161531.09,-122.4101903,37.5993861,11.5,5.1,mid
551239.38,4162107.09,-122.4194956,37.6046239,11.5,6.2,mid
551524.38,4162291.09,-122.4162539,37.6062664,11.5,5.3,mid
552744.38,4162699.09,-122.4024032,37.6098745,11.5,7.3,mid
552563.38,4161976.09,-122.4045058,37.6033685,11.5,6.3,mid
551836.38,4162241.09,-122.4127228,37.6057982,11.5,8.6,mid
552476.38,4161884.09,-122.4054979,37.6025442,11.5,6.6,mid
552029.38,4161192.09,-122.4106109,37.5963326,11.5,4.2,mid
551901.38,4161655.09,-122.412028,37.6005129,11.5,5.6,mid
551497.38,4162317.09,-122.416558,37.6065022,11.5,8.3,mid
552013.38,4161572.09,-122.4107652,37.5997585,11.5,7.4,mid
552369.38,4162803.09,-122.4066443,37.6108333,11.5,3.4,mid
551603.38,4161367.09,-122.4154241,37.5979339,11.5,5.7,mid
552607.38,4163053.09,-122.4039298,37.613073,11.5,5.8,mid
553100.38,4163139.09,-122.3983379,37.6138197,11.5,6.1,mid
551564.38,4162251.09,-122.4158036,37.6059036,11.5,11.5,mid
551356.38,4161543.09,-122.4182097,37.599534,11.5,6.0,mid
552054.38,4162448.09,-122.4102384,37.6076516,11.5,9.4,mid
553190.38,4161417.09,-122.3974434,37.5982941,11.5,6.3,mid
552950.38,4163008.09,-122.4000469,37.6126477,11.5,5.0,mid
551924.38,4162250.09,-122.4117252,37.6058743,11.5,6.0,mid
552477.38,4162973.09,-122.4054085,37.6123594,11.5,7.6,mid
553172.38,4161891.09,-122.3976129,37.6025673,11.5,4.4,mid
553159.38,4162425.09,-122.3977213,37.607381,11.5,4.8,mid
552533.38,4161520.09,-122.4048783,37.5992602,11.5,3.5,mid
551549.38,4162257.09,-122.4159731,37.6059585,11.5,9.4,mid
551922.38,4161107.09,-122.411829,37.5955726,11.5,5.5,mid
552285.38,4161984.09,-122.4076545,37.6034564,11.5,10.4,mid
551717.38,4162364.09,-122.4140623,37.6069135,11.4,11.9,mid
552481.38,4161888.09,-122.405441,37.60258,11.4,7.4,mid
551335.38,4161313.09,-122.4184637,37.5974622,11.4,7.2,mid
553156.38,4161759.09,-122.3978037,37.6013786,11.4,6.1,mid
552500.38,4161458.09,-122.4052566,37.5987033,11.4,8.1,mid
552041.38,4161566.09,-122.4104484,37.5997028,11.4,12.1,mid
551691.38,4161285.09,-122.414433,37.5971899,11.4,4.9,mid
551513.38,4161375.09,-122.416443,37.598011,11.4,4.5,mid
551263.38,4162830.09,-122.419173,37.611139,11.4,7.4,mid
552041.38,4161590.09,-122.4104467,37.5999191,11.4,7.7,mid
552523.38,4161113.09,-122.4050208,37.5955925,11.4,10.1,mid
553122.38,4161639.09,-122.3981976,37.600299,11.4,9.6,mid
552108.38,4161576.09,-122.4096887,37.5997891,11.4,8.4,mid
552340.38,4162146.09,-122.4070198,37.6049134,11.4,9.0,mid
551357.38,4162523.09,-122.4181296,37.6083667,11.4,5.7,mid
552414.38,4161304.09,-122.4062418,37.5973202,11.4,14.0,mid
551469.38,4161913.09,-122.4169036,37.6028625,11.4,6.0,mid
551934.38,4162229.09,-122.4116134,37.6056845,11.4,9.8,mid
552916.38,4162380.09,-122.4004776,37.6069895,11.4,7.8,mid
551928.38,4161973.09,-122.4116996,37.6033775,11.4,9.5,mid
551944.38,4161124.09,-122.4115786,37.5957245,11.4,4.5,mid
553112.38,4163092.09,-122.3982054,37.6133954,11.4,6.7,mid
553098.38,4161387.09,-122.3984877,37.5980291,11.4,5.3,mid
551742.38,4162058.09,-122.4138007,37.6041541,11.4,4.4,mid
551667.38,4162767.09,-122.4146002,37.6105486,11.4,9.6,mid
551413.38,4162487.09,-122.4174976,37.6080391,11.4,9.7,mid
551341.38,4161545.09,-122.4183795,37.5995529,11.4,5.4,mid
551766.38,4162018.09,-122.4135316,37.6037922,11.4,4.6,mid
551508.38,4162795.09,-122.4163997,37.6108098,11.4,6.5,mid
552621.38,4161138.09,-122.403909,37.5958122,11.4,8.3,mid
552909.38,4162372.09,-122.4005574,37.6069178,11.4,6.0,mid
552979.38,4161506.09,-122.3998271,37.5991085,11.4,7.9,mid
553094.38,4162931.09,-122.398421,37.6119454,11.4,10.6,mid
551281.38,4161564.09,-122.4190578,37.5997275,11.3,6.3,mid
551682.38,4162306.09,-122.4144629,37.6063927,11.3,6.6,mid
551880.38,4161611.09,-122.412269,37.6001175,11.3,9.4,mid
551671.38,4162322.09,-122.4145864,37.6065375,11.3,9.0,mid
551261.38,4162854.09,-122.419194,37.6113554,11.3,5.7,mid
552023.38,4161188.09,-122.4106792,37.5962969,11.3,7.3,mid
553155.38,4162197.09,-122.3977832,37.6053263,11.3,6.5,mid
552796.38,4163031.09,-122.4017901,37.6128638,11.3,3.5,mid
552595.38,4163068.09,-122.4040647,37.6132088,11.3,6.6,mid
553115.38,4162130.09,-122.3982412,37.6047248,11.3,5.5,mid
552116.38,4161465.09,-122.409606,37.5987882,11.3,7.9,mid
552864.38,4162919.09,-122.4010277,37.6118505,11.3,9.0,mid
552074.38,4161513.09,-122.4100784,37.5992233,11.3,8.4,mid
552349.38,4161796.09,-122.4069429,37.6017583,11.3,5.9,mid
552709.38,4161507.09,-122.4028856,37.599133,11.3,2.7,mid
551792.38,4161473.09,-122.4132756,37.5988787,11.3,9.4,mid
552169.38,4161220.09,-122.4090231,37.5965771,11.3,9.3,mid
551280.38,4162894.09,-122.4189759,37.6117149,11.3,3.9,mid
552502.38,4161211.09,-122.4052517,37.596477,11.3,9.0,mid
552515.38,4162643.09,-122.4050016,37.6093829,11.3,14.0,mid
551477.38,4162334.09,-122.4167833,37.6066566,11.3,9.0,mid
553104.38,4161387.09,-122.3984198,37.5980287,11.3,4.3,mid
551482.38,4162527.09,-122.4167131,37.6083958,11.3,5.0,mid
553189.38,4161117.09,-122.3974766,37.5955903,11.3,9.8,mid
553112.38,4161102.09,-122.3983498,37.5954595,11.2,6.7,mid
553139.38,4161416.09,-122.3980212,37.5982881,11.2,7.8,mid
552366.38,4161511.09,-122.4067708,37.5991886,11.2,4.6,mid
551212.38,4162849.09,-122.4197495,37.6113131,11.2,8.6,mid
551282.38,4161551.09,-122.4190474,37.5996103,11.2,6.7,mid
553052.38,4162978.09,-122.3988934,37.6123714,11.2,7.3,mid
551620.38,4162373.09,-122.4151605,37.6070001,11.2,7.5,mid
551198.38,4162490.09,-122.4199332,37.6080782,11.2,5.5,mid
551613.38,4161388.09,-122.4153093,37.5981226,11.2,6.0,mid
551559.38,4162918.09,-122.4158132,37.6119156,11.2,6.9,mid
552927.38,4162388.09,-122.4003524,37.6070609,11.2,9.4,mid
551265.38,4161226.09,-122.4192627,37.596682,11.2,3.9,mid
551658.38,4161957.09,-122.4147594,37.6032485,11.2,9.5,mid
552061.38,4161652.09,-122.4102157,37.6004768,11.2,4.1,mid
553140.38,4162050.09,-122.3979638,37.6040023,11.2,7.3,mid
553061.38,4162657.09,-122.3988148,37.6094777,11.2,4.7,mid
552051.38,4161547.09,-122.4103365,37.599531,11.2,6.7,mid
552278.38,4161200.09,-122.4077898,37.5963906,11.2,6.5,mid
552059.38,4162439.09,-122.4101824,37.6075702,11.2,4.2,mid
551862.38,4161438.09,-122.4124852,37.5985593,11.2,4.4,mid
552893.38,4163035.09,-122.4006908,37.6128943,11.2,5.2,mid
551999.38,4161636.09,-122.4109192,37.6003361,11.2,6.7,mid
552620.38,4162642.09,-122.4038121,37.6093679,11.2,3.3,mid
551463.38,4162402.09,-122.4169372,37.6072702,11.2,12.7,mid
552119.38,4162392.09,-122.409506,37.6071432,11.2,7.9,mid
553229.38,4161493.09,-122.3969961,37.5989769,11.2,9.9,mid
551512.38,4161499.09,-122.4164456,37.5991287,11.2,6.8,mid
552960.38,4161362.09,-122.4000528,37.5978117,11.2,6.9,mid
551605.38,4162450.09,-122.415325,37.6076949,11.2,9.4,mid
551395.38,4163045.09,-122.4176624,37.6130694,11.2,8.3,mid
551282.38,4163110.09,-122.4189381,37.6136616,11.2,6.7,mid
553121.38,4163135.09,-122.3981003,37.6137825,11.2,4.0,mid
551330.38,4161349.09,-122.4185178,37.5977869,11.2,7.1,mid
551637.38,4162894.09,-122.4149312,37.6116949,11.2,6.9,mid
553165.38,4163017.09,-122.3976103,37.6127164,11.2,5.7,mid
553143.38,4161879.09,-122.3979423,37.6024609,11.1,6.0,mid
551486.38,4162323.09,-122.4166822,37.6065569,11.1,10.1,mid
552138.38,4161675.09,-122.4093418,37.6006797,11.1,7.2,mid
551959.38,4162386.09,-122.4113191,37.6070981,11.1,8.6,mid
553000.38,4161531.09,-122.3995874,37.5993326,11.1,6.5,mid
552576.38,4162988.09,-122.4042857,37.6124889,11.1,5.3,mid
553179.38,4161558.09,-122.3975578,37.5995656,11.1,7.4,mid
551683.38,4162836.09,-122.4144141,37.6111696,11.1,6.9,mid
552809.38,4161915.09,-122.4017233,37.6028046,11.1,5.2,mid
551813.38,4162987.09,-122.4129305,37.6125232,11.1,6.7,mid
552632.38,4161498.09,-122.4037585,37.5990563,11.1,9.4,mid
552039.38,4161555.09,-122.4104718,37.5996038,11.1,5.6,mid
552574.38,4161874.09,-122.4043885,37.6024485,11.1,6.2,mid
552781.38,4161674.09,-122.4020579,37.600634,11.1,7.6,mid
552820.38,4161137.09,-122.4016549,37.5957918,11.1,8.8,mid
551378.38,4163033.09,-122.4178558,37.6129622,11.1,8.3,mid
551988.38,4162798.09,-122.4109612,37.6108099,11.1,5.2,mid
553053.38,4161537.09,-122.3989866,37.5993836,11.1,4.3,mid
553057.38,4161124.09,-122.3989713,37.595661,11.1,7.8,mid
552755.38,4162869.09,-122.4022663,37.6114061,11.1,4.7,mid
551352.38,4162935.09,-122.4181573,37.6120804,11.1,7.0,mid
552383.38,4161424.09,-122.4065844,37.5984035,11.1,4.9,mid
551892.38,4163092.09,-122.412028,37.6134651,11.1,3.4,mid
553050.38,4161439.09,-122.3990277,37.5985005,11.1,10.1,mid
551662.38,4162649.09,-122.4146652,37.6094853,11.1,7.9,mid
552846.38,4161284.09,-122.4013498,37.5971152,11.1,7.9,mid
551584.38,4162230.09,-122.4155785,37.6057132,11.1,5.4,mid
552002.38,4161577.09,-122.4108894,37.5998042,11.1,7.0,mid
552980.38,4161151.09,-122.3998415,37.5959088,11.1,9.9,mid
553179.38,4163027.09,-122.397451,37.6128057,11.1,8.2,mid
551419.38,4162539.09,-122.417426,37.6085075,11.1,7.6,mid
552680.38,4162912.09,-122.4031129,37.6117979,11.1,7.1,mid
551896.38,4161637.09,-122.4120859,37.6003509,11.1,4.8,mid
551609.38,4162591.09,-122.4152698,37.6089655,11.1,8.0,mid
552555.38,4161542.09,-122.4046276,37.5994573,11.1,4.0,mid
552419.38,4162091.09,-122.4061288,37.6044132,11.1,4.1,mid
552864.38,4161812.09,-122.4011077,37.6018731,11.1,5.6,mid
553055.38,4162859.09,-122.3988681,37.6112987,11.1,7.2,mid
551519.38,4161383.09,-122.4163745,37.5980828,11.1,5.5,mid
551460.38,4161558.09,-122.4170305,37.5996634,11.0,7.8,mid
553188.38,4161615.09,-122.3974517,37.6000788,11.0,7.6,mid
551530.38,4161386.09,-122.4162497,37.5981092,11.0,4.5,mid
551471.38,4162664.09,-122.4168281,37.6096312,11.0,4.1,mid
551346.38,4162669.09,-122.4182439,37.6096833,11.0,6.6,mid
551491.38,4161342.09,-122.4166946,37.5977148,11.0,8.3,mid
553194.38,4161259.09,-122.3974096,37.5968698,11.0,4.8,mid
553103.38,4161916.09,-122.3983927,37.6027967,11.0,6.5,mid
552544.38,4162164.09,-122.4047075,37.605064,11.0,6.4,mid
552898.38,4161435.09,-122.4007498,37.5984732,11.0,6.7,mid
552595.38,4161270.09,-122.404194,37.5970034,11.0,4.4,mid
552868.38,4161548.09,-122.4010815,37.5994934,11.0,4.4,mid
552453.38,4162203.09,-122.4057356,37.6054207,11.0,7.6,mid
552922.38,4161315.09,-122.4004866,37.5973903,11.0,9.7,mid
552853.38,4162743.09,-122.4011651,37.6102648,11.0,3.0,mid
551491.38,4162335.09,-122.4166247,37.6066648,11.0,5.1,mid
553148.38,4161873.09,-122.3978861,37.6024065,11.0,5.3,mid
551313.38,4161551.09,-122.4186962,37.5996085,11.0,4.0,mid
551216.38,4162898.09,-122.4197007,37.6117545,11.0,9.1,mid
552548.38,4162302.09,-122.4046523,37.6063076,11.0,7.2,mid
552965.38,4163004.09,-122.3998773,37.6126108,11.0,7.0,mid
552151.38,4162760.09,-122.4091172,37.6104581,11.0,5.8,mid
552959.38,4161638.09,-122.4000441,37.6002993,11.0,7.7,mid
553033.38,4161381.09,-122.3992245,37.5979787,11.0,7.0,mid
553167.38,4163035.09,-122.3975864,37.6128785,11.0,5.5,mid
551481.38,4161218.09,-122.4168166,37.5965978,11.0,5.6,mid
553121.38,4162358.09,-122.3981567,37.6067794,11.0,7.6,mid
552997.38,4161206.09,-122.399645,37.5964035,11.0,7.0,mid
552363.38,4162771.09,-122.4067145,37.6105452,11.0,2.8,mid
551397.38,4162809.09,-122.4176563,37.6109422,11.0,6.0,mid
553049.38,4161169.09,-122.3990586,37.5960671,11.0,7.7,mid
551315.38,4161702.09,-122.418663,37.6009694,11.0,5.1,mid
552583.38,4161253.09,-122.4043311,37.5968509,11.0,5.8,mid
551703.38,4162570.09,-122.4142063,37.608771,11.0,9.4,mid
551444.38,4162458.09,-122.4171485,37.607776,11.0,13.6,mid
551628.38,4162776.09,-122.4150415,37.6106319,11.0,7.7,mid
553173.38,4161495.09,-122.3976303,37.5989981,11.0,7.0,mid
551751.38,4162933.09,-122.4136368,37.61204,11.0,8.7,mid
551863.38,4161111.09,-122.412497,37.5956119,11.0,7.2,mid
551433.38,4161825.09,-122.4173176,37.6020714,11.0,6.3,mid
552023.38,4161595.09,-122.4106502,37.5999652,11.0,4.4,mid
552387.38,4162801.09,-122.4064405,37.6108142,11.0,3.6,mid
551385.38,4162889.09,-122.4177866,37.6116639,11.0,7.6,mid
552150.38,4161363.09,-122.4092281,37.597867,11.0,10.2,mid
551958.38,4161555.09,-122.4113894,37.5996084,11.0,6.8,mid
553023.38,4162908.09,-122.3992271,37.6117422,10.9,3.9,mid
553193.38,4161243.09,-122.3974221,37.5967257,10.9,5.4,mid
552125.38,4161894.09,-122.4094735,37.6026543,10.9,4.4,mid
551818.38,4161146.09,-122.4130043,37.5959299,10.9,7.2,mid
551748.38,4162159.09,-122.4137256,37.6050641,10.9,6.7,mid
551665.38,4162133.09,-122.4146677,37.6048344,10.9,7.5,mid
551454.38,4162392.09,-122.4170398,37.6071806,10.9,7.8,mid
553178.38,4161506.09,-122.3975729,37.599097,10.9,6.2,mid
551399.38,4162742.09,-122.4176383,37.6103383,10.9,7.8,mid
551555.38,4162344.09,-122.415899,37.6067423,10.9,7.7,mid
553000.38,4161506.09,-122.3995892,37.5991073,10.9,6.8,mid
553109.38,4162791.09,-122.3982612,37.6106827,10.9,6.3,mid
552020.38,4161551.09,-122.4106874,37.5995688,10.9,10.2,mid
553186.38,4161555.09,-122.3974787,37.5995382,10.9,7.2,mid
553091.38,4162940.09,-122.3984543,37.6120267,10.9,6.7,mid
552865.38,4161712.09,-122.4011036,37.6009717,10.9,6.6,mid
551581.38,4162147.09,-122.4156183,37.6049653,10.9,9.9,mid
551762.38,4162451.09,-122.4135463,37.6076951,10.9,5.8,mid
551367.38,4162529.09,-122.4180158,37.6084203,10.9,9.7,mid
551537.38,4161363.09,-122.416172,37.5979015,10.9,5.3,mid
551476.38,4161324.09,-122.4168657,37.5975535,10.9,7.3,mid
552533.38,4161526.09,-122.4048779,37.5993143,10.9,5.2,mid
552375.38,4162180.09,-122.4066209,37.6052178,10.9,8.2,mid
552472.38,4161371.09,-122.40558,37.5979208,10.9,9.2,mid
552580.38,4161277.09,-122.4043634,37.5970674,10.9,7.4,mid
552784.38,4162780.09,-122.4019441,37.6106023,10.9,3.4,mid
551325.38,4161694.09,-122.4185503,37.6008967,10.9,6.4,mid
553166.38,4161488.09,-122.3977101,37.5989354,10.9,6.8,mid
553085.38,4162948.09,-122.3985217,37.6120991,10.9,7.7,mid
553171.38,4162332.09,-122.3975922,37.6065421,10.9,3.7,mid
553215.38,4161569.09,-122.3971492,37.5996627,10.9,6.2,mid
551550.38,4162204.09,-122.4159655,37.6054808,10.9,10.4,mid
551727.38,4161787.09,-122.4139898,37.6017124,10.9,8.2,mid
553153.38,4162487.09,-122.3977848,37.6079402,10.9,7.9,mid
551691.38,4162296.09,-122.4143616,37.6063021,10.9,9.6,mid
551906.38,4161102.09,-122.4120106,37.5955284,10.9,8.8,mid
552957.38,4163002.09,-122.399968,37.6125932,10.9,4.0,mid
552881.38,4162914.09,-122.4008355,37.6118044,10.9,5.8,mid
552195.38,4162943.09,-122.4086056,37.612105,10.9,5.6,mid
552051.38,4162059.09,-122.4103,37.6041457,10.9,7.3,mid
552042.38,4162499.09,-122.4103707,37.6081119,10.9,8.8,mid
552585.38,4161431.09,-122.4042957,37.5984551,10.8,7.3,mid
551920.38,4161464.09,-122.4118263,37.5987903,10.8,9.6,mid
551823.38,4162249.09,-122.4128695,37.605871,10.8,10.7,mid
551340.38,4162671.09,-122.4183118,37.6097016,10.8,4.3,mid
552495.38,4162976.09,-122.4052043,37.6123854,10.8,5.9,mid
552800.38,4161548.09,-122.4018518,37.5994973,10.8,9.0,mid
553137.38,4162214.09,-122.3979859,37.6054806,10.8,4.9,mid
552242.38,4162736.09,-122.4080879,37.6102367,10.8,8.3,mid
552904.38,4161268.09,-122.4006939,37.5969677,10.8,8.4,mid
552990.38,4163063.09,-122.3995897,37.6131411,10.8,7.6,mid
551333.38,4162498.09,-122.4184032,37.6081428,10.8,7.1,mid
552384.38,4162068.09,-122.406527,37.6042079,10.8,4.9,mid
551665.38,4161563.09,-122.4147079,37.599697,10.8,4.4,mid
553040.38,4162894.09,-122.3990355,37.611615,10.8,6.7,mid
553195.38,4163075.09,-122.3972662,37.6132374,10.8,6.6,mid
551407.38,4162509.09,-122.4175641,37.6082378,10.8,8.3,mid
551404.38,4162766.09,-122.41758,37.6105543,10.8,2.6,mid
552576.38,4161552.09,-122.404389,37.5995462,10.8,3.9,mid
553195.38,4163020.09,-122.3972702,37.6127417,10.8,5.4,mid
552649.38,4161182.09,-122.4035886,37.5962072,10.8,6.5,mid
552144.38,4161452.09,-122.4092897,37.5986695,10.8,5.9,mid
551976.38,4162274.09,-122.4111344,37.6060877,10.8,9.1,mid
551595.38,4161978.09,-122.4154716,37.6034413,10.8,8.7,mid
553118.38,4162780.09,-122.3981601,37.610583,10.8,4.6,mid
552540.38,4161525.09,-122.4047987,37.5993049,10.8,3.6,mid
553179.38,4161353.09,-122.3975727,37.5977179,10.8,7.5,mid
551809.38,4162918.09,-122.4129807,37.6119015,10.8,3.0,mid
552910.38,4161403.09,-122.4006162,37.5981841,10.8,5.0,mid
552936.38,4162082.09,-122.4002726,37.6043024,10.8,4.8,mid
551660.38,4161348.09,-122.4147797,37.5977594,10.8,8.5,mid
553195.38,4161195.09,-122.3974029,37.596293,10.8,8.0,mid
553139.38,4161617.09,-122.3980066,37.6000997,10.8,5.3,mid
552868.38,4162562.09,-122.4010082,37.6086326,10.8,6.9,mid
552655.38,4161952.09,-122.4034653,37.6031469,10.8,5.3,mid
551817.38,4162292.09,-122.4129344,37.6062589,10.8,9.4,mid
552909.38,4161884.09,-122.4005927,37.6025194,10.8,2.6,mid
551605.38,4162543.09,-122.4153185,37.6085331,10.8,4.9,mid
552352.38,4161708.09,-122.4069152,37.600965,10.7,6.1,mid
552215.38,4161929.09,-122.4084514,37.6029647,10.7,6.1,mid
551347.38,4161526.09,-122.4183128,37.5993813,10.7,5.4,mid
551633.38,4162494.09,-122.4150047,37.6080899,10.7,4.3,mid
551854.38,4161108.09,-122.4125992,37.5955854,10.7,9.1,mid
551275.38,4162526.09,-122.4190583,37.6083984,10.7,12.7,mid
552378.38,4161428.09,-122.4066408,37.5984399,10.7,4.9,mid
551502.38,4162336.09,-122.4165,37.6066732,10.7,7.4,mid
552606.38,4161997.09,-122.4040171,37.6035553,10.7,4.9,mid
551339.38,4162776.09,-122.4183157,37.610648,10.7,9.5,mid
551857.38,4162333.09,-122.4124784,37.6066262,10.7,11.0,mid
551190.38,4161653.09,-122.4200824,37.6005347,10.7,7.0,mid
552781.38,4162785.09,-122.4019778,37.6106475,10.7,3.3,mid
552729.38,4161663.09,-122.4026478,37.6005379,10.7,2.5,mid
551878.38,4161119.09,-122.4123265,37.5956832,10.7,7.4,mid
552397.38,4161135.09,-122.4064465,37.595798,10.7,7.5,mid
552959.38,4161155.09,-122.4000791,37.5959461,10.7,7.5,mid
551563.38,4162352.09,-122.4158078,37.606814,10.7,11.1,mid
552626.38,4161396.09,-122.4038338,37.5981373,10.7,6.5,mid
551556.38,4161567.09,-122.4159424,37.5997391,10.7,5.2,mid
551728.38,4161792.09,-122.4139781,37.6017574,10.7,8.7,mid
552415.38,4162674.09,-122.4061324,37.609668,10.7,4.5,mid
552031.38,4163047.09,-122.4104563,37.6130517,10.7,6.5,mid
552093.38,4161232.09,-122.4098831,37.5966895,10.7,4.9,mid
551913.38,4162749.09,-122.4118144,37.6103725,10.7,8.0,mid
552401.38,4161859.09,-122.4063494,37.6023232,10.7,7.5,mid
552822.38,4163027.09,-122.4014958,37.6128263,10.7,6.6,mid
552419.38,4162603.09,-122.4060921,37.6090278,10.7,4.9,mid
552633.38,4161841.09,-122.4037225,37.6021477,10.7,7.1,mid
551527.38,4162321.09,-122.4162178,37.6065366,10.7,4.0,mid
552894.38,4162369.09,-122.4007276,37.6068916,10.7,7.6,mid
553226.38,4162949.09,-122.3969242,37.6121,10.7,5.7,mid
551406.38,4161737.09,-122.4176297,37.6012798,10.7,9.8,mid
551764.38,4162442.09,-122.4135243,37.6076139,10.7,5.4,mid
552205.38,4162947.09,-122.4084921,37.6121405,10.7,6.1,mid
551958.38,4161634.09,-122.4113838,37.6003204,10.6,8.3,mid
552944.38,4162089.09,-122.4001814,37.6043651,10.6,5.1,mid
551880.38,4161602.09,-122.4122697,37.6000364,10.6,9.6,mid
552902.38,4162682.09,-122.4006143,37.6097122,10.6,3.6,mid
553120.38,4161507.09,-122.3982298,37.5991094,10.6,7.2,mid
552261.38,4161283.09,-122.4079765,37.5971396,10.6,5.2,mid
551819.38,4161135.09,-122.4129937,37.5958307,10.6,8.4,mid
552684.38,4161891.09,-122.4031411,37.6025954,10.6,5.6,mid
551622.38,4162581.09,-122.4151232,37.6088747,10.6,7.9,mid
552244.38,4161464.09,-122.4081561,37.598772,10.6,7.9,mid
552905.38,4162431.09,-122.4005985,37.6074498,10.6,11.1,mid
551909.38,4162405.09,-122.4118842,37.6072722,10.6,9.7,mid
552244.38,4161163.09,-122.4081776,37.5960591,10.6,7.7,mid
553130.38,4161627.09,-122.3981078,37.6001903,10.6,6.4,mid
551289.38,4161560.09,-122.4189675,37.599691,10.6,4.7,mid
551354.38,4162597.09,-122.4181583,37.6090339,10.6,6.1,mid
553049.38,4162868.09,-122.3989354,37.6113802,10.6,7.9,mid
552399.38,4162102.09,-122.4063546,37.6045135,10.6,5.3,mid
551963.38,4162365.09,-122.4112752,37.6069086,10.6,8.0,mid
551667.38,4163141.09,-122.4145738,37.6139194,10.6,4.6,mid
551718.38,4162409.09,-122.4140477,37.607319,10.6,9.2,mid
552604.38,4161537.09,-122.4040728,37.5994094,10.6,12.0,mid
551659.38,4162606.09,-122.4147022,37.6090979,10.6,8.4,mid
552240.38,4161981.09,-122.4081645,37.6034319,10.6,6.7,mid
551256.38,4162491.09,-122.4192761,37.608084,10.6,8.5,mid
552989.38,4161216.09,-122.3997348,37.5964941,10.6,6.9,mid
552825.38,4162374.09,-122.4015089,37.6069406,10.6,6.4,mid
553154.38,4162156.09,-122.3977975,37.6049568,10.6,5.5,mid
552751.38,4163129.09,-122.4022928,37.6137497,10.6,9.9,mid
551872.38,4162198.09,-122.412318,37.6054086,10.6,6.1,mid
552855.38,4162574.09,-122.4011546,37.6087415,10.6,7.2,mid
551528.38,4162410.09,-122.4162002,37.6073387,10.6,3.5,mid
553151.38,4161140.09,-122.3979053,37.5957998,10.6,6.9,mid
551883.38,4162851.09,-122.4121471,37.6112935,10.6,6.2,mid
551343.38,4161485.09,-122.418361,37.599012,10.6,4.2,mid
551942.38,4161539.09,-122.4115718,37.5994651,10.6,8.8,mid
552583.38,4162747.09,-122.4042238,37.6103164,10.6,2.5,mid
552377.38,4161421.09,-122.4066526,37.5983768,10.6,5.9,mid
551380.38,4161371.09,-122.4179499,37.5979824,10.6,5.8,mid
553212.38,4161516.09,-122.397187,37.5991852,10.6,6.5,mid
552856.38,4162947.09,-122.4011163,37.6121033,10.6,4.9,mid
552101.38,4162845.09,-122.4096776,37.6112271,10.6,6.0,mid
551233.38,4162834.09,-122.4195126,37.6111767,10.6,8.5,mid
552943.38,4161502.09,-122.4002352,37.5990745,10.5,6.1,mid
552477.38,4163055.09,-122.4054026,37.6130984,10.5,6.8,mid
551636.38,4161730.09,-122.4150247,37.6012038,10.5,3.6,mid
551470.38,4162481.09,-122.4168523,37.6079819,10.5,8.0,mid
551341.38,4161423.09,-122.418388,37.5984533,10.5,4.5,mid
552412.38,4162093.09,-122.406208,37.6044316,10.5,6.7,mid
551544.38,4161291.09,-122.4160978,37.5972522,10.5,4.5,mid
552652.38,4161610.09,-122.4035239,37.6000646,10.5,5.0,mid
552586.38,4161527.09,-122.4042775,37.5993203,10.5,8.4,mid
552849.38,4161740.09,-122.4012828,37.601225,10.5,4.6,mid
553123.38,4163128.09,-122.3980781,37.6137193,10.5,6.9,mid
552545.38,4161432.09,-122.4047487,37.5984664,10.5,7.5,mid
552771.38,4162302.09,-122.4021259,37.6062948,10.5,8.0,mid
551337.38,4161493.09,-122.4184284,37.5990844,10.5,8.1,mid
552704.38,4163131.09,-122.4028252,37.6137704,10.5,6.4,mid
551816.38,4161140.09,-122.4130274,37.595876,10.5,6.5,mid
552053.38,4161187.09,-122.4103394,37.5962862,10.5,10.9,mid
552872.38,4162463.09,-122.40097,37.6077401,10.5,5.9,mid
552551.38,4161370.09,-122.4046852,37.5979073,10.5,9.8,mid
552037.38,4161210.09,-122.410519,37.5964944,10.5,5.5,mid
552155.38,4161314.09,-122.409175,37.5974251,10.5,5.1,mid
551358.38,4161555.09,-122.4181862,37.5996421,10.5,6.2,mid
553125.38,4163099.09,-122.3980576,37.6134578,10.5,3.5,mid
553162.38,4162367.09,-122.3976916,37.6068581,10.5,3.1,mid
551466.38,4161798.09,-122.4169457,37.6018262,10.5,3.2,mid
551252.38,4162095.09,-122.4193491,37.604515,10.5,6.2,mid
552336.38,4162364.09,-122.4070496,37.6068785,10.5,6.9,mid
551887.38,4161744.09,-122.4121803,37.6013158,10.5,4.5,mid
553148.38,4162086.09,-122.3978706,37.6043263,10.5,9.9,mid
552060.38,4161660.09,-122.4102265,37.600549,10.5,6.7,mid
551367.38,4161382.09,-122.4180964,37.5980823,10.5,8.8,mid
551599.38,4163037.09,-122.4153516,37.6129859,10.5,6.9,mid
553062.38,4162606.09,-122.3988071,37.609018,10.5,5.6,mid
553123.38,4161677.09,-122.3981835,37.6006414,10.5,6.7,mid
552315.38,4162694.09,-122.4072639,37.609854,10.5,13.0,mid
552122.38,4162626.09,-122.4094553,37.609252,10.5,5.4,mid
551269.38,4162516.09,-122.419127,37.6083086,10.5,6.6,mid
551398.38,4162495.09,-122.417667,37.6081121,10.5,8.5,mid
551766.38,4162925.09,-122.4134674,37.611967,10.5,9.2,mid
553107.38,4161988.09,-122.3983422,37.6034454,10.5,9.3,mid
553229.38,4162130.09,-122.3969498,37.6047182,10.4,4.8,mid
551530.38,4161376.09,-122.4162504,37.5980191,10.4,4.3,mid
551322.38,4162847.09,-122.4185033,37.6112889,10.4,9.3,mid
551697.38,4161615.09,-122.4143418,37.6001639,10.4,6.6,mid
551494.38,4162987.09,-122.4165448,37.6125411,10.4,8.0,mid
552693.38,4162086.09,-122.4030251,37.6043525,10.4,8.1,mid
552500.38,4161503.09,-122.4052534,37.5991089,10.4,4.1,mid
552386.38,4162707.09,-122.4064585,37.6099671,10.4,8.5,mid
552988.38,4162955.09,-122.3996202,37.6121678,10.4,5.6,mid
552338.38,4161799.09,-122.4070673,37.601786,10.4,6.5,mid
552323.38,4161793.09,-122.4072377,37.6017328,10.4,5.4,mid
553152.38,4162377.09,-122.3978041,37.6069488,10.4,3.4,mid
552571.38,4162951.09,-122.404345,37.6121557,10.4,6.2,mid
552078.38,4162773.09,-122.4099433,37.6105794,10.4,6.8,mid
551733.38,4163028.09,-122.413834,37.6128972,10.4,7.6,mid
551379.38,4162717.09,-122.4178667,37.610114,10.4,7.5,mid
552789.38,4162775.09,-122.4018878,37.6105569,10.4,3.4,mid
552588.38,4162258.09,-122.4042023,37.6059087,10.4,6.2,mid
551721.38,4162761.09,-122.4139889,37.6104914,10.4,7.0,mid
552033.38,4162707.09,-122.4104579,37.6099871,10.4,3.2,mid
551637.38,4162432.09,-122.4149638,37.6075309,10.4,8.3,mid
551428.38,4162428.09,-122.4173319,37.6075065,10.4,14.0,mid
552347.38,4161733.09,-122.4069701,37.6011906,10.4,5.9,mid
552588.38,4162921.09,-122.4041546,37.6118843,10.4,8.8,mid
551740.38,4162308.09,-122.4138056,37.6064075,10.4,9.3,mid
553012.38,4161509.09,-122.3994531,37.5991336,10.4,6.5,mid
551199.38,4161847.09,-122.4199669,37.6022827,10.4,6.7,mid
552520.38,4162861.09,-122.4049293,37.6113474,10.4,4.8,mid
553192.38,4161602.09,-122.3974073,37.5999614,10.4,8.0,mid
551540.38,4162829.09,-122.4160347,37.6111145,10.4,6.3,mid
552570.38,4162987.09,-122.4043538,37.6124802,10.4,4.2,mid
552420.38,4161304.09,-122.4061739,37.5973199,10.4,8.6,mid
553156.38,4162093.09,-122.3977795,37.6043889,10.4,5.7,mid
551640.38,4162270.09,-122.4149412,37.6060706,10.4,12.0,mid
551446.38,4162396.09,-122.4171302,37.6072171,10.4,13.7,mid
553229.38,4162087.09,-122.3969529,37.6043306,10.4,5.6,mid
551604.38,4161477.09,-122.415405,37.5989253,10.4,8.1,mid
551572.38,4161338.09,-122.4157773,37.5976743,10.4,5.3,mid
551639.38,4162486.09,-122.4149373,37.6080175,10.4,5.2,mid
551947.38,4161568.09,-122.4115131,37.5997262,10.4,5.8,mid
551857.38,4162374.09,-122.4124755,37.6069957,10.4,8.7,mid
551915.38,4161102.09,-122.4119086,37.5955279,10.4,3.2,mid
551412.38,4162555.09,-122.4175042,37.6086521,10.4,4.6,mid
552319.38,4162109.09,-122.4072604,37.6045811,10.4,6.3,mid
552677.38,4162360.09,-122.4031867,37.6068229,10.4,6.7,mid
552654.38,4161327.09,-122.4035216,37.5975138,10.4,7.0,mid
552356.38,4161410.09,-122.4068913,37.5982789,10.4,5.8,mid
553120.38,4163073.09,-122.3981161,37.6132237,10.4,3.6,mid
553192.38,4162999.09,-122.3973057,37.6125526,10.4,5.6,mid
553154.38,4161597.09,-122.3978381,37.5999186,10.4,6.0,mid
551313.38,4162541.09,-122.4186268,37.6085314,10.4,6.0,mid
552701.38,4161644.09,-122.4029663,37.6003682,10.4,3.8,mid
552959.38,4161296.09,-122.4000689,37.5972169,10.4,5.8,mid
551812.38,4162129.09,-122.4130026,37.6047901,10.4,5.1,mid
552234.38,4162925.09,-122.4081651,37.6119406,10.4,9.3,mid
551354.38,4162282.09,-122.4181805,37.6061948,10.4,5.8,mid
551467.38,4162381.09,-122.4168933,37.6070807,10.4,10.4,mid
551672.38,4161946.09,-122.4146016,37.6031486,10.4,8.9,mid
552075.38,4162994.09,-122.4099616,37.6125715,10.4,5.1,mid
552764.38,4162807.09,-122.4021688,37.6108468,10.3,4.2,mid
552147.38,4161727.09,-122.4092362,37.6011479,10.3,7.2,mid
552011.38,4161598.09,-122.410786,37.5999929,10.3,3.3,mid
551677.38,4162158.09,-122.41453,37.6050591,10.3,8.9,mid
553120.38,4161194.09,-122.3982525,37.5962883,10.3,3.7,mid
551988.38,4161175.09,-122.4110766,37.5961817,10.3,4.5,mid
551471.38,4161449.09,-122.4169136,37.5986804,10.3,8.6,mid
553125.38,4161188.09,-122.3981963,37.5962339,10.3,8.0,mid
552705.38,4161108.09,-122.4029596,37.595537,10.3,8.5,mid
551315.38,4161587.09,-122.418671,37.5999329,10.3,8.4,mid
551670.38,4162851.09,-122.4145603,37.6113055,10.3,9.9,mid
551443.38,4161305.09,-122.4172409,37.5973841,10.3,9.7,mid
553021.38,4161420.09,-122.3993576,37.5983309,10.3,8.3,mid
551992.38,4161721.09,-122.4109925,37.6011026,10.3,4.4,mid
551795.38,4161241.09,-122.4132581,37.5967875,10.3,9.5,mid
551351.38,4161569.09,-122.4182645,37.5997686,10.3,9.7,mid
552628.38,4161588.09,-122.4037973,37.5998677,10.3,5.3,mid
552525.38,4161105.09,-122.4049988,37.5955203,10.3,6.1,mid
551738.38,4163021.09,-122.4137779,37.6128339,10.3,6.9,mid
551481.38,4162493.09,-122.4167268,37.6080894,10.3,7.4,mid
552047.38,4163109.09,-122.4102706,37.6136096,10.3,4.0,mid
553176.38,4161713.09,-122.3975805,37.6009628,10.3,7.2,mid
553015.38,4162918.09,-122.399317,37.6118328,10.3,6.7,mid
552171.38,4161676.09,-122.4089679,37.6006869,10.3,5.4,mid
551850.38,4161450.09,-122.4126203,37.5986681,10.3,7.3,mid
551405.38,4162548.09,-122.417584,37.6085894,10.3,4.0,mid
552844.38,4161742.09,-122.4013393,37.6012433,10.3,3.2,mid
553005.38,4162944.09,-122.3994284,37.6120677,10.3,9.6,mid
552486.38,4161365.09,-122.4054219,37.5978659,10.3,8.4,mid
552776.38,4162675.09,-122.4020423,37.6096564,10.3,6.1,mid
552544.38,4162537.09,-122.4046807,37.6084259,10.3,6.0,mid
551713.38,4163122.09,-122.414054,37.6137456,10.3,9.3,mid
552493.38,4162620.09,-122.4052525,37.6091768,10.3,9.9,mid
551458.38,4161465.09,-122.4170597,37.5988253,10.3,5.9,mid
551815.38,4162802.09,-122.412921,37.6108557,10.3,6.4,mid
552596.38,4162972.09,-122.4040603,37.6123435,10.3,5.9,mid
552929.38,4163030.09,-122.4002832,37.6128472,10.3,7.0,mid
551802.38,4162415.09,-122.4130957,37.6073684,10.3,9.2,mid
552527.38,4162032.09,-122.4049096,37.6038753,10.3,7.5,mid
551324.38,4162772.09,-122.4184859,37.6106128,10.2,8.8,mid
551771.38,4162399.09,-122.413448,37.6072259,10.2,6.8,mid
552612.38,4161745.09,-122.4039673,37.6012837,10.2,5.4,mid
551948.38,4161373.09,-122.4115156,37.5979686,10.2,5.9,mid
551800.38,4161559.09,-122.4131789,37.5996533,10.2,6.6,mid
551659.38,4162593.09,-122.4147032,37.6089807,10.2,7.1,mid
552162.38,4161418.09,-122.4090883,37.598362,10.2,5.9,mid
551451.38,4162432.09,-122.417071,37.6075413,10.2,10.1,mid
552566.38,4161593.09,-122.4044993,37.5999163,10.2,4.1,mid
551254.38,4161654.09,-122.4193574,37.6005402,10.2,8.7,mid
551456.38,4162159.09,-122.4170336,37.6050805,10.2,6.9,mid
552085.38,4161533.09,-122.4099523,37.5994029,10.2,7.3,mid
552804.38,4161714.09,-122.4017945,37.6009932,10.2,3.7,mid
551490.38,4161600.09,-122.4166877,37.6000403,10.2,7.7,mid
553078.38,4162078.09,-122.3986642,37.6042582,10.2,6.1,mid
552577.38,4161913.09,-122.4043517,37.6027998,10.2,7.9,mid
551870.38,4162438.09,-122.4123237,37.6075718,10.2,5.1,mid
553027.38,4161847.09,-122.3992587,37.6021791,10.2,6.4,mid
552920.38,4162518.09,-122.4004223,37.608233,10.2,2.9,mid
552631.38,4161596.09,-122.4037627,37.5999396,10.2,4.2,mid
552583.38,4161919.09,-122.4042833,37.6028536,10.2,8.1,mid
552955.38,4161258.09,-122.4001169,37.5968746,10.2,7.1,mid
552969.38,4162099.09,-122.3998975,37.6044538,10.2,6.5,mid
552727.38,4161710.09,-122.402667,37.6009616,10.2,5.4,mid
551496.38,4162806.09,-122.4165349,37.6109097,10.2,5.9,mid
551770.38,4161684.09,-122.4135099,37.6007816,10.2,5.7,mid
551940.38,4162683.09,-122.4115132,37.6097761,10.2,3.6,mid
552890.38,4161579.09,-122.40083,37.5997715,10.2,11.0,mid
551414.38,4162461.09,-122.4174881,37.6078048,10.2,10.7,mid
552246.38,4162718.09,-122.4080439,37.6100742,10.2,6.3,mid
553192.38,4161834.09,-122.3973905,37.6020524,10.2,6.0,mid
552946.38,4161352.09,-122.4002121,37.5977224,10.2,6.3,mid
553218.38,4161146.09,-122.397146,37.59585,10.2,4.4,mid
552134.38,4161528.09,-122.4093976,37.5993551,10.2,4.4,mid
552928.38,4163040.09,-122.4002939,37.6129374,10.2,5.5,mid
551694.38,4161484.09,-122.414385,37.5989833,10.2,8.7,mid
553180.38,4162704.09,-122.3974631,37.6098945,10.2,6.7,mid
553077.38,4162841.09,-122.3986201,37.6111352,10.2,11.3,mid
551405.38,4161288.09,-122.4176725,37.597233,10.2,4.8,mid
551702.38,4161531.09,-122.4142911,37.5994065,10.2,7.3,mid
552729.38,4162850.09,-122.4025622,37.6112363,10.2,4.3,mid
551553.38,4161270.09,-122.4159973,37.5970624,10.2,4.5,mid
551906.38,4162557.09,-122.4119074,37.6086424,10.1,4.8,mid
552797.38,4161703.09,-122.4018746,37.6008945,10.1,3.5,mid
551348.38,4161175.09,-122.4183261,37.5962177,10.1,6.2,mid
552950.38,4161166.09,-122.4001802,37.5960457,10.1,9.6,mid
553048.38,4161615.09,-122.3990376,37.6000869,10.1,7.9,mid
552200.38,4163022.09,-122.4085434,37.6128168,10.1,7.1,mid
552983.38,4161137.09,-122.3998085,37.5957824,10.1,9.2,mid
553225.38,4161582.09,-122.3970349,37.5997793,10.1,7.5,mid
553020.38,4161328.09,-122.3993756,37.5975018,10.1,7.1,mid
551842.38,4161632.09,-122.412698,37.6003089,10.1,7.4,mid
553038.38,4161304.09,-122.3991734,37.5972844,10.1,7.8,mid
553202.38,4162677.09,-122.3972159,37.6096498,10.1,4.4,mid
552809.38,4161712.09,-122.401738,37.6009749,10.1,4.9,mid
552468.38,4162214.09,-122.4055649,37.605519,10.1,5.2,mid
551832.38,4161647.09,-122.4128102,37.6004447,10.1,8.3,mid
552151.38,4162535.09,-122.4091332,37.6084302,10.1,10.4,mid
551607.38,4162611.09,-122.415291,37.6091459,10.1,8.3,mid
551524.38,4162283.09,-122.4162545,37.6061943,10.1,8.3,mid
551906.38,4162743.09,-122.4118942,37.6103188,10.1,5.5,mid
552437.38,4161356.09,-122.4059776,37.5977876,10.1,11.0,mid
552966.38,4161167.09,-122.3999989,37.5960538,10.1,7.4,mid
551726.38,4162577.09,-122.4139452,37.6088328,10.1,6.8,mid
551340.38,4161183.09,-122.4184162,37.5962902,10.1,7.8,mid
551398.38,4161110.09,-122.4177643,37.595629,10.1,8.4,mid
553212.38,4161561.09,-122.3971837,37.5995907,10.1,5.5,mid
551547.38,4161740.09,-122.4160322,37.6012989,10.1,7.4,mid
552168.38,4161228.09,-122.4090338,37.5966492,10.1,7.3,mid
552324.38,4162110.09,-122.4072037,37.6045898,10.1,4.9,mid
551422.38,4162454.09,-122.417398,37.6077412,10.1,10.6,mid
552972.38,4161682.09,-122.3998937,37.6006952,10.1,4.4,mid
553219.38,4162072.09,-122.3970673,37.604196,10.1,6.2,mid
551518.38,4162407.09,-122.4163137,37.6073122,10.1,5.6,mid
552700.38,4162003.09,-122.4029518,37.603604,10.1,4.4,mid
552538.38,4162024.09,-122.4047855,37.6038025,10.1,5.0,mid
552594.38,4161554.09,-122.4041849,37.5995632,10.1,7.0,mid
551620.38,4161578.09,-122.4152166,37.5998347,10.1,9.3,mid
552163.38,4161433.09,-122.4090759,37.5984972,10.1,9.3,mid
552606.38,4161405.09,-122.4040597,37.5982196,10.1,8.9,mid
552342.38,4162464.09,-122.4069744,37.6077794,10.1,4.2,mid
552719.38,4162250.09,-122.4027188,37.6058291,10.1,8.9,mid
553122.38,4161898.09,-122.3981788,37.6026333,10.1,6.1,mid
553144.38,4162015.09,-122.3979211,37.6036866,10.1,5.0,mid
551536.38,4161223.09,-122.4161932,37.5966398,10.1,4.3,mid
552087.38,4162945.09,-122.4098291,37.6121292,10.0,5.7,mid
551360.38,4161523.09,-122.4181658,37.5993535,10.0,5.8,mid
552680.38,4161629.09,-122.4032053,37.6002343,10.0,5.0,mid
553177.38,4162994.09,-122.397476,37.6125084,10.0,9.9,mid
553214.38,4161141.09,-122.3971916,37.5958052,10.0,6.9,mid
551741.38,4161885.09,-122.4138242,37.6025949,10.0,8.4,mid
551332.38,4161214.09,-122.4185046,37.5965701,10.0,6.0,mid
552532.38,4161156.09,-122.4049158,37.5959796,10.0,6.3,mid
552794.38,4161347.09,-122.4019343,37.597686,10.0,3.9,mid
551374.38,4162523.09,-122.417937,37.6083658,10.0,6.9,mid
551552.38,4161357.09,-122.4160025,37.5978466,10.0,4.4,mid
552096.38,4161942.09,-122.4097986,37.6030886,10.0,7.3,mid
551677.38,4163047.09,-122.4144672,37.6130716,10.0,6.1,mid
552654.38,4162195.09,-122.4034591,37.6053371,10.0,4.7,mid
551474.38,4162591.09,-122.4167992,37.6089731,10.0,8.9,mid
551635.38,4162152.09,-122.4150062,37.6050073,10.0,8.3,mid
552239.38,4162898.09,-122.4081103,37.6116969,10.0,7.4,mid
551284.38,4161102.09,-122.4190562,37.5955633,10.0,0.8,mid
551325.38,4162601.09,-122.4184866,37.6090715,10.0,4.4,mid
552694.38,4161686.09,-122.4030426,37.6007472,10.0,5.5,mid
553070.38,4162991.09,-122.3986886,37.6124875,10.0,6.1,mid
553185.38,4162046.09,-122.3974543,37.6039636,10.0,7.2,mid
551193.38,4162174.09,-122.420012,37.6052303,10.0,5.2,mid
552937.38,4161536.09,-122.4003007,37.5993813,10.0,7.5,mid
552371.38,4162642.09,-122.4066331,37.6093821,10.0,5.2,mid
552966.38,4162796.09,-122.399881,37.610736,10.0,5.7,mid
552608.38,4161580.09,-122.4040244,37.5997967,10.0,3.7,mid
553182.38,4163061.09,-122.3974145,37.613112,10.0,6.5,mid
552091.38,4162804.09,-122.4097938,37.6108581,10.0,6.1,mid
553154.38,4161124.09,-122.3978725,37.5956554,10.0,6.0,mid
552556.38,4162782.09,-122.4045271,37.6106334,10.0,2.4,mid
551858.38,4162209.09,-122.4124758,37.6055085,10.0,9.8,mid
552572.38,4163097.09,-122.4043232,37.6134715,10.0,4.7,mid
553060.38,4162900.09,-122.3988085,37.6116679,10.0,3.9,mid
552934.38,4161360.09,-122.4003474,37.5977952,10.0,5.3,mid
551369.38,4161164.09,-122.418089,37.5961173,10.0,4.5,mid
552242.38,4162711.09,-122.4080897,37.6100113,10.0,7.9,mid
551194.38,4162925.09,-122.4199481,37.6119991,10.0,7.8,mid
552244.38,4162727.09,-122.4080659,37.6101554,10.0,6.5,mid
551891.38,4162116.09,-122.4121086,37.6046685,10.0,3.7,mid
552829.38,4162987.09,-122.4014193,37.6124654,10.0,6.5,mid
553059.38,4162987.09,-122.3988135,37.6124521,10.0,10.1,mid
552763.38,4162989.09,-122.402167,37.6124872,10.0,5.3,mid
553192.38,4161811.09,-122.3973921,37.6018451,10.0,5.3,mid
552544.38,4162020.09,-122.4047178,37.6037661,10.0,5.2,mid
552009.38,4162031.09,-122.4107778,37.6038957,10.0,6.2,mid
551892.38,4162662.09,-122.4120585,37.6095895,10.0,6.5,mid
552520.38,4162980.09,-122.4049208,37.61242,10.0,5.3,mid
552532.38,4162156.09,-122.404844,37.6049926,10.0,3.3,mid
551336.38,4162510.09,-122.4183684,37.6082507,10.0,4.7,mid
552290.38,4161213.09,-122.407653,37.5965071,10.0,6.1,mid
551318.38,4161154.09,-122.4186674,37.5960301,10.0,6.3,mid
552289.38,4162168.09,-122.407596,37.6051146,10.0,6.7,mid
551465.38,4162675.09,-122.4168953,37.6097307,10.0,3.8,mid
551993.38,4161179.09,-122.4110196,37.5962175,10.0,2.4,mid
552596.38,4162568.09,-122.4040893,37.6087023,10.0,6.2,mid
552712.38,4161646.09,-122.4028416,37.6003856,10.0,3.3,mid
552344.38,4161322.09,-122.4070335,37.5974864,10.0,4.9,mid
552068.38,4163075.09,-122.4100351,37.6133019,9.9,3.9,mid
551485.38,4161386.09,-122.4167594,37.5981118,9.9,6.6,mid
552790.38,4161704.09,-122.4019538,37.6009039,9.9,6.1,mid
552948.38,4161638.09,-122.4001687,37.6003,9.9,7.2,mid
553003.38,4162618.09,-122.3994747,37.6091296,9.9,5.4,mid
553104.38,4162433.09,-122.3983439,37.6074563,9.9,3.1,mid
551902.38,4162001.09,-122.4119921,37.6036313,9.9,6.6,mid
551794.38,4161180.09,-122.4132737,37.5962377,9.9,8.2,mid
552759.38,4163086.09,-122.4022053,37.6133617,9.9,4.1,mid
553229.38,4161284.09,-122.3970113,37.5970931,9.9,5.2,mid
551313.38,4161543.09,-122.4186968,37.5995364,9.9,5.2,mid
552018.38,4162041.09,-122.4106752,37.6039853,9.9,6.3,mid
552860.38,4161110.09,-122.4012037,37.5955462,9.9,11.4,mid
553039.38,4162883.09,-122.3990476,37.6115159,9.9,5.1,mid
552649.38,4161933.09,-122.4035346,37.602976,9.9,5.4,mid
552573.38,4161689.09,-122.4044131,37.6007812,9.9,6.4,mid
552325.38,4161172.09,-122.4072594,37.5961356,9.9,4.2,mid
552224.38,4162647.09,-122.4082982,37.6094355,9.9,6.3,mid
551312.38,4161160.09,-122.418735,37.5960845,9.9,5.2,mid
552511.38,4161358.09,-122.4051392,37.5978014,9.9,9.0,mid
553194.38,4161558.09,-122.3973879,37.5995647,9.9,8.5,mid
552549.38,4162284.09,-122.4046422,37.6061453,9.9,8.3,mid
552065.38,4163080.09,-122.4100688,37.6133472,9.9,6.2,mid
551217.38,4162825.09,-122.4196945,37.6110965,9.9,8.1,mid
551747.38,4161923.09,-122.4137536,37.6029371,9.9,6.5,mid
551774.38,4162969.09,-122.4133737,37.6123632,9.9,9.2,mid
551518.38,4162831.09,-122.4162838,37.6111338,9.9,6.6,mid
552336.38,4161805.09,-122.4070896,37.6018402,9.9,4.5,mid
553072.38,4161511.09,-122.3987733,37.5991482,9.9,5.1,mid
552860.38,4161632.09,-122.401166,37.600251,9.9,5.8,mid
552962.38,4162992.09,-122.3999121,37.6125028,9.9,4.1,mid
552439.38,4161114.09,-122.4059723,37.5956063,9.9,6.9,mid
551926.38,4161547.09,-122.4117525,37.5995381,9.9,7.6,mid
552050.38,4161896.09,-122.410323,37.6026766,9.9,5.0,mid
553212.38,4162949.09,-122.3970828,37.6121008,9.9,4.5,mid
551534.38,4162289.09,-122.4161408,37.6062478,9.9,4.6,mid
552478.38,4161531.09,-122.4055006,37.5993625,9.9,7.4,mid
552653.38,4161605.09,-122.4035129,37.6000195,9.9,4.0,mid
551391.38,4162508.09,-122.4177454,37.6082296,9.9,11.5,mid
553191.38,4161393.09,-122.3974338,37.5980778,9.9,8.9,mid
551336.38,4161842.09,-122.4184153,37.60223,9.9,3.7,mid
551929.38,4161154.09,-122.4117464,37.5959958,9.9,6.7,mid
553040.38,4161772.09,-122.3991168,37.6015024,9.9,3.8,mid
551411.38,4162545.09,-122.4175162,37.608562,9.9,7.2,mid
551690.38,4162845.09,-122.4143341,37.6112503,9.9,3.8,mid
551270.38,4161743.09,-122.4191699,37.6013414,9.9,5.8,mid
552651.38,4161214.09,-122.4035637,37.5964955,9.9,6.0,mid
553045.38,4162641.09,-122.3989972,37.6093344,9.9,7.2,mid
552139.38,4162492.09,-122.4092723,37.6080433,9.9,6.1,mid
551858.38,4162314.09,-122.4124684,37.6064549,9.9,3.3,mid
552872.38,4161629.09,-122.4010303,37.6002232,9.9,7.1,mid
552719.38,4161271.09,-122.4027893,37.5970054,9.9,6.6,mid
553178.38,4161579.09,-122.3975676,37.5997549,9.9,8.0,mid
553144.38,4161241.09,-122.3979773,37.5967105,9.9,6.8,mid
553148.38,4162109.09,-122.3978689,37.6045336,9.9,3.6,mid
552698.38,4162235.09,-122.4029577,37.6056951,9.9,8.1,mid
552336.38,4161268.09,-122.407128,37.5970002,9.9,6.2,mid
552141.38,4162531.09,-122.4092468,37.6083947,9.9,5.4,mid
551912.38,4162792.09,-122.4118227,37.6107601,9.9,5.1,mid
552314.38,4161210.09,-122.4073813,37.5964787,9.9,9.4,mid
552992.38,4161810.09,-122.3996578,37.6018477,9.9,5.9,mid
552055.38,4161895.09,-122.4102664,37.6026673,9.8,3.8,mid
551279.38,4162574.09,-122.4190097,37.6088308,9.8,10.9,mid
551447.38,4162423.09,-122.417117,37.6074604,9.8,8.5,mid
551208.38,4163043.09,-122.4197812,37.6130618,9.8,5.2,mid
552877.38,4162431.09,-122.4009157,37.6074514,9.8,6.2,mid
551443.38,4161834.09,-122.4172037,37.602152,9.8,6.1,mid
552300.38,4161398.09,-122.4075265,37.5981739,9.8,7.0,mid
551390.38,4161756.09,-122.4178096,37.6014519,9.8,4.1,mid
553143.38,4161361.09,-122.3979799,37.5977921,9.8,9.1,mid
551449.38,4161381.09,-122.4171676,37.5980687,9.8,5.8,mid
553017.38,4161441.09,-122.3994014,37.5985204,9.8,5.6,mid
552132.38,4162973.09,-122.4093173,37.612379,9.8,7.5,mid
551470.38,4161463.09,-122.4169239,37.5988066,9.8,8.1,mid
552319.38,4162873.09,-122.4072058,37.6114671,9.8,3.3,mid
551190.38,4162485.09,-122.4200242,37.6080336,9.8,3.4,mid
552560.38,4161681.09,-122.4045609,37.6007098,9.8,10.6,mid
552513.38,4162748.09,-122.4050168,37.6103294,9.8,2.4,mid
552693.38,4161638.09,-122.4030574,37.6003146,9.8,3.2,mid
551385.38,4162958.09,-122.4177818,37.6122858,9.8,7.9,mid
552988.38,4161461.09,-122.3997284,37.5987024,9.8,9.1,mid
552145.38,4161441.09,-122.4092792,37.5985703,9.8,5.2,mid
552993.38,4161900.09,-122.39964,37.6026588,9.8,8.0,mid
552148.38,4161459.09,-122.4092439,37.5987324,9.8,5.6,mid
552918.38,4162120.09,-122.4004737,37.604646,9.8,4.2,mid
553229.38,4161426.09,-122.397001,37.598373,9.8,7.8,mid
552057.38,4161633.09,-122.4102624,37.6003058,9.8,5.4,mid
551451.38,4161365.09,-122.417146,37.5979244,9.8,9.6,mid
552755.38,4162941.09,-122.4022611,37.612055,9.8,7.5,mid
551719.38,4162290.09,-122.4140448,37.6062464,9.8,7.9,mid
552695.38,4162967.09,-122.402939,37.6122928,9.8,5.2,mid
552787.38,4161697.09,-122.4019883,37.600841,9.8,5.2,mid
552541.38,4162712.09,-122.4047021,37.6100033,9.8,2.5,mid
553196.38,4162732.09,-122.3972798,37.6101459,9.8,5.0,mid
551852.38,4162853.09,-122.4124982,37.6113133,9.8,2.6,mid
552557.38,4161309.09,-122.4046216,37.5973571,9.8,10.5,mid
552748.38,4162736.09,-122.4023552,37.6102078,9.8,6.7,mid
551614.38,4161470.09,-122.4152922,37.5988616,9.8,9.6,mid
551276.38,4161181.09,-122.4191413,37.5962758,9.8,12.3,mid
551551.38,4161200.09,-122.4160249,37.5964316,9.8,6.8,mid
552305.38,4162686.09,-122.4073777,37.6097824,9.8,6.1,mid
552024.38,4161656.09,-122.4106346,37.6005149,9.8,5.7,mid
552738.38,4161270.09,-122.4025741,37.5969953,9.8,6.0,mid
553155.38,4161691.09,-122.39782,37.6007657,9.8,6.6,mid
551941.38,4161529.09,-122.4115838,37.599375,9.8,8.6,mid
552029.38,4162553.09,-122.4105141,37.6085994,9.8,6.1,mid
553193.38,4163006.09,-122.3972939,37.6126156,9.8,7.4,mid
552093.38,4161644.09,-122.4098538,37.6004029,9.8,5.7,mid
552116.38,4162721.09,-122.4095165,37.6101086,9.8,5.3,mid
552425.38,4162113.09,-122.4060593,37.6046111,9.8,6.2,mid
551444.38,4162407.09,-122.4171521,37.6073164,9.7,6.9,mid
551777.38,4162731.09,-122.4133565,37.6102179,9.7,7.3,mid
553169.38,4162413.09,-122.3976089,37.6072723,9.7,2.5,mid
553110.38,4161504.09,-122.3983433,37.5990829,9.7,6.4,mid
553098.38,4161930.09,-122.3984483,37.6029231,9.7,3.0,mid
552406.38,4162448.09,-122.4062505,37.6076316,9.7,6.0,mid
552721.38,4162800.09,-122.4026565,37.6107861,9.7,5.8,mid
551853.38,4161271.09,-122.412599,37.5970546,9.7,7.9,mid
552687.38,4162016.09,-122.4030981,37.6037219,9.7,6.1,mid
552926.38,4161460.09,-122.4004308,37.5986969,9.7,5.6,mid
551721.38,4161595.09,-122.4140713,37.5999822,9.7,7.3,mid
552871.38,4162719.09,-122.4009629,37.6100475,9.7,5.8,mid
553192.38,4162185.09,-122.3973649,37.605216,9.7,5.1,mid
551391.38,4161518.09,-122.417815,37.5993067,9.7,5.4,mid
552563.38,4162986.09,-122.4044332,37.6124716,9.7,3.9,mid
552193.38,4162460.09,-122.4086628,37.6077518,9.7,7.6,mid
552889.38,4161438.09,-122.4008515,37.5985008,9.7,6.7,mid
552893.38,4162827.09,-122.4007058,37.6110196,9.7,6.7,mid
551684.38,4161508.09,-122.4144966,37.5992002,9.7,6.6,mid
551326.38,4162517.09,-122.4184812,37.6083144,9.7,5.9,mid
553140.38,4163048.09,-122.3978913,37.6129972,9.7,4.2,mid
552237.38,4162835.09,-122.4081375,37.6111292,9.7,6.2,mid
551515.38,4162327.09,-122.4163533,37.6065914,9.7,5.7,mid
552215.38,4161121.09,-122.4085091,37.5956821,9.7,9.4,mid
552124.38,4162610.09,-122.4094338,37.6091077,9.7,4.8,mid
552107.38,4162917.09,-122.4096045,37.6118757,9.7,5.7,mid
551399.38,4162683.09,-122.4176425,37.6098065,9.7,4.8,mid
552601.38,4161575.09,-122.4041041,37.5997521,9.7,2.6,mid
553001.38,4161911.09,-122.3995486,37.6027575,9.7,7.2,mid
553169.38,4161362.09,-122.3976853,37.5977996,9.7,7.6,mid
553207.38,4163002.09,-122.3971356,37.6125788,9.7,4.1,mid
553117.38,4163140.09,-122.3981452,37.6138278,9.7,5.3,mid
552245.38,4162392.09,-122.4080785,37.607136,9.7,5.7,mid
551664.38,4161977.09,-122.41469,37.6034284,9.7,9.0,mid
552759.38,4162814.09,-122.4022249,37.6109101,9.7,4.1,mid
552917.38,4162126.09,-122.4004846,37.6047001,9.7,6.5,mid
552881.38,4162962.09,-122.400832,37.6122371,9.7,5.0,mid
551793.38,4162941.09,-122.4131604,37.6121097,9.7,4.8,mid
551365.38,4161544.09,-122.4181077,37.5995425,9.7,5.4,mid
552317.38,4162172.09,-122.4072786,37.605149,9.7,6.9,mid
551713.38,4161347.09,-122.4141795,37.5977475,9.6,5.0,mid
552028.38,4161102.09,-122.4106287,37.5955215,9.6,6.7,mid
551640.38,4162145.09,-122.4149501,37.604944,9.6,8.4,mid
552443.38,4162741.09,-122.4058103,37.6102703,9.6,4.9,mid
552618.38,4161587.09,-122.4039107,37.5998593,9.6,3.0,mid
552247.38,4162847.09,-122.4080233,37.6112368,9.6,7.2,mid
552306.38,4162294.09,-122.4073944,37.6062493,9.6,8.3,mid
551767.38,4162171.09,-122.4135095,37.6051712,9.6,8.6,mid
553190.38,4161266.09,-122.3974544,37.5969332,9.6,5.7,mid
553193.38,4162053.09,-122.3973632,37.6040262,9.6,8.8,mid
551311.38,4161748.09,-122.4187051,37.6013842,9.6,5.9,mid
551397.38,4161829.09,-122.4177251,37.6021095,9.6,4.9,mid
553121.38,4162412.09,-122.3981528,37.6072661,9.6,3.2,mid
551275.38,4162132.09,-122.419086,37.6048472,9.6,6.1,mid
552191.38,4162468.09,-122.4086849,37.6078241,9.6,3.9,mid
551373.38,4161793.09,-122.4179996,37.6017863,9.6,7.6,mid
553205.38,4161377.09,-122.3972764,37.5979327,9.6,6.9,mid
551257.38,4162866.09,-122.4192384,37.6114638,9.6,7.8,mid
552806.38,4162444.09,-122.4017191,37.6075726,9.6,2.6,mid
552262.38,4162345.09,-122.4078893,37.6067114,9.6,6.4,mid
552101.38,4161646.09,-122.409763,37.6004205,9.6,5.0,mid
551771.38,4162949.09,-122.4134091,37.6121831,9.6,7.1,mid
553052.38,4161756.09,-122.3989821,37.6013575,9.6,3.9,mid
552453.38,4163045.09,-122.4056752,37.6130097,9.6,5.6,mid
552437.38,4162073.09,-122.4059262,37.6042499,9.6,5.0,mid
551781.38,4161293.09,-122.413413,37.5972569,9.6,4.8,mid
552946.38,4161364.09,-122.4002112,37.5978305,9.6,8.0,mid
551607.38,4162162.09,-122.4153227,37.605099,9.6,11.1,mid
553000.38,4161122.09,-122.3996171,37.5956463,9.6,9.2,mid
551997.38,4163075.09,-122.4108396,37.613306,9.6,8.1,mid
552231.38,4162020.09,-122.4082637,37.603784,9.6,6.5,mid
552136.38,4161427.09,-122.4093821,37.5984446,9.6,8.6,mid
551390.38,4162684.09,-122.4177444,37.609816,9.6,5.4,mid
551816.38,4162398.09,-122.4129383,37.6072144,9.6,3.2,mid
552705.38,4161157.09,-122.4029561,37.5959787,9.6,10.1,mid
553168.38,4161986.09,-122.3976513,37.6034238,9.6,3.3,mid
552562.38,4162919.09,-122.4044493,37.6118678,9.6,6.7,mid
552175.38,4162165.09,-122.4088877,37.605094,9.6,8.3,mid
553171.38,4161144.09,-122.3976785,37.5958347,9.6,5.6,mid
552636.38,4162310.09,-122.4036547,37.6063746,9.6,5.4,mid
552430.38,4162084.09,-122.4060047,37.6043495,9.6,6.8,mid
553089.38,4161923.09,-122.3985508,37.6028606,9.6,3.0,mid
552563.38,4162927.09,-122.4044374,37.6119398,9.6,4.2,mid
552486.38,4162975.09,-122.4053064,37.6123769,9.5,4.7,mid
552826.38,4162779.09,-122.4014684,37.6105908,9.5,5.0,mid
551891.38,4162825.09,-122.4120583,37.6110587,9.5,7.2,mid
551281.38,4161175.09,-122.4190851,37.5962214,9.5,8.2,mid
552087.38,4162501.09,-122.4098607,37.6081274,9.5,5.2,mid
553132.38,4161176.09,-122.3981179,37.5961254,9.5,2.7,mid
551841.38,4162358.09,-122.4126579,37.6068524,9.5,3.6,mid
551699.38,4161983.09,-122.4142931,37.6034805,9.5,6.0,mid
551579.38,4161387.09,-122.4156945,37.5981155,9.5,5.1,mid
551329.38,4162757.09,-122.4184304,37.6104774,9.5,5.8,mid
552329.38,4162241.09,-122.4071377,37.6057703,9.5,5.6,mid
551927.38,4161215.09,-122.4117647,37.5965457,9.5,4.4,mid
552391.38,4162287.09,-122.406432,37.6061813,9.5,6.1,mid
552585.38,4162839.09,-122.4041945,37.6111454,9.5,5.3,mid
551524.38,4161576.09,-122.4163043,37.5998221,9.5,7.0,mid
552396.38,4161470.09,-122.4064339,37.5988174,9.5,3.9,mid
553184.38,4161593.09,-122.3974986,37.5998808,9.5,4.2,mid
551902.38,4161599.09,-122.4120206,37.6000081,9.5,10.1,mid
551356.38,4162490.09,-122.4181432,37.6080694,9.5,5.4,mid
552384.38,4162110.09,-122.406524,37.6045864,9.5,3.9,mid
552323.38,4162449.09,-122.4071908,37.6076453,9.5,3.0,mid
552806.38,4161562.09,-122.4017828,37.5996232,9.5,7.3,mid
552633.38,4161526.09,-122.4037451,37.5993086,9.5,8.5,mid
551321.38,4162789.09,-122.4185187,37.6107662,9.5,6.5,mid
553222.38,4162933.09,-122.3969706,37.611956,9.5,5.6,mid
553129.38,4162898.09,-122.3980269,37.6116459,9.5,7.2,mid
551862.38,4162267.09,-122.4124264,37.6060311,9.5,6.6,mid
552127.38,4161468.09,-122.4094812,37.5988147,9.5,5.0,mid
552569.38,4161865.09,-122.4044458,37.6023677,9.5,2.6,mid
551476.38,4162009.09,-122.4168175,37.6037274,9.5,6.7,mid
552139.38,4161441.09,-122.4093472,37.5985706,9.5,6.3,mid
551898.38,4162670.09,-122.41199,37.6096613,9.5,6.0,mid
552283.38,4161426.09,-122.407717,37.5984273,9.5,10.8,mid
552865.38,4161261.09,-122.4011362,37.5969068,9.5,6.8,mid
553197.38,4162991.09,-122.3972497,37.6124802,9.5,4.0,mid
552734.38,4161988.09,-122.4025677,37.6034668,9.5,3.5,mid
552589.38,4161287.09,-122.4042607,37.597157,9.5,8.1,mid
552503.38,4161549.09,-122.4052161,37.5995233,9.5,6.7,mid
552363.38,4161994.09,-122.4067702,37.6035421,9.5,5.5,mid
553124.38,4162947.09,-122.3980799,37.6120879,9.5,9.6,mid
551503.38,4161621.09,-122.416539,37.6002288,9.5,5.0,mid
551572.38,4162076.09,-122.4157253,37.6043259,9.5,4.7,mid
552298.38,4162194.09,-122.4074922,37.6053484,9.5,6.4,mid
552852.38,4161748.09,-122.4012483,37.6012969,9.5,2.5,mid
551565.38,4161720.09,-122.4158297,37.6011176,9.5,4.3,mid
552240.38,4161900.09,-122.4081703,37.6027019,9.5,7.2,mid
551813.38,4161574.09,-122.4130306,37.5997878,9.5,7.2,mid
551303.38,4161156.09,-122.4188372,37.5960489,9.5,9.1,mid
552896.38,4162929.09,-122.4006644,37.6119388,9.5,7.3,mid
553112.38,4161517.09,-122.3983197,37.5991999,9.5,4.1,mid
552066.38,4161539.09,-122.4101671,37.599458,9.5,5.0,mid
551559.38,4162587.09,-122.4158365,37.6089323,9.5,4.8,mid
553052.38,4162623.09,-122.3989192,37.6091718,9.5,7.4,mid
551397.38,4162904.09,-122.4176496,37.6117985,9.4,6.2,mid
552983.38,4161564.09,-122.3997776,37.599631,9.4,8.1,mid
552668.38,4162150.09,-122.4033037,37.6049307,9.4,4.7,mid
552365.38,4162482.09,-122.4067126,37.6079404,9.4,7.2,mid
551484.38,4161897.09,-122.4167348,37.6027175,9.4,7.6,mid
551965.38,4161158.09,-122.4113383,37.5960298,9.4,4.9,mid
551262.38,4161752.09,-122.4192599,37.601423,9.4,6.4,mid
551959.38,4161936.09,-122.411351,37.6030423,9.4,5.2,mid
553211.38,4162981.09,-122.3970918,37.6123893,9.4,3.5,mid
551740.38,4161779.09,-122.4138431,37.6016396,9.4,7.7,mid
553159.38,4163021.09,-122.397678,37.6127528,9.4,11.8,mid
552825.38,4161307.09,-122.401586,37.5973237,9.4,5.8,mid
551877.38,4162344.09,-122.412251,37.6067242,9.4,6.1,mid
552329.38,4161396.09,-122.4071981,37.5981543,9.4,2.9,mid
552249.38,4161973.09,-122.4080631,37.6033593,9.4,6.9,mid
551570.38,4161968.09,-122.4157555,37.6033526,9.4,2.8,mid
552886.38,4161445.09,-122.400885,37.598564,9.4,6.6,mid
552306.38,4162284.09,-122.4073952,37.6061591,9.4,9.1,mid
551430.38,4162463.09,-122.4173067,37.6078219,9.4,6.1,mid
553206.38,4162949.09,-122.3971508,37.6121011,9.4,3.7,mid
553130.38,4163099.09,-122.3980009,37.6134575,9.4,2.7,mid
551823.38,4161640.09,-122.4129127,37.6003821,9.4,4.5,mid
552606.38,4161573.09,-122.4040476,37.5997338,9.4,2.4,mid
552219.38,4162951.09,-122.4083332,37.6121758,9.4,5.1,mid
551829.38,4161608.09,-122.412847,37.6000933,9.4,5.4,mid
552634.38,4161393.09,-122.4037434,37.5981098,9.4,6.7,mid
551966.38,4162522.09,-122.4112301,37.6083235,9.4,6.0,mid
552009.38,4162205.09,-122.4107655,37.605464,9.4,5.7,mid
552559.38,4162408.09,-122.40452,37.6072623,9.4,6.9,mid
552298.38,4161430.09,-122.4075468,37.5984625,9.4,12.1,mid
553199.38,4162963.09,-122.397229,37.6122277,9.4,6.0,mid
552177.38,4161201.09,-122.4089338,37.5964053,9.4,6.1,mid
552824.38,4161573.09,-122.4015781,37.5997213,9.4,9.2,mid
553087.38,4161631.09,-122.3985947,37.6002289,9.4,10.0,mid
553030.38,4162575.09,-122.3991719,37.6087404,9.4,3.2,mid
552552.38,4162167.09,-122.4046166,37.6050906,9.3,6.4,mid
551737.38,4161738.09,-122.4138799,37.6012702,9.3,10.4,mid
551598.38,4162714.09,-122.4153857,37.6100747,9.3,6.3,mid
552449.38,4161125.09,-122.4058582,37.5957049,9.3,5.9,mid
553155.38,4163061.09,-122.3977204,37.6131135,9.3,3.9,mid
552401.38,4162945.09,-122.4062716,37.6121113,9.3,2.6,mid
552541.38,4161985.09,-122.4047543,37.6034508,9.3,4.5,mid
551959.38,4163081.09,-122.4112697,37.6133622,9.3,2.5,mid
552609.38,4161967.09,-122.4039853,37.6032847,9.3,7.1,mid
552278.38,4161440.09,-122.4077727,37.5985537,9.3,4.9,mid
552335.38,4163141.09,-122.4070053,37.6138816,9.3,8.2,mid
552968.38,4162478.09,-122.3998814,37.6078698,9.3,4.4,mid
552138.38,4162921.09,-122.409253,37.61191,9.3,4.6,mid
552959.38,4162831.09,-122.3999578,37.6110519,9.3,4.0,mid
552104.38,4162959.09,-122.4096355,37.6122544,9.3,6.2,mid
552075.38,4161571.09,-122.4100629,37.599746,9.3,6.3,mid
552539.38,4162403.09,-122.404747,37.6072184,9.3,4.9,mid
551237.38,4161357.09,-122.4195707,37.5978642,9.3,4.8,mid
551324.38,4162781.09,-122.4184853,37.610694,9.3,4.5,mid
553159.38,4163047.09,-122.3976761,37.6129871,9.3,3.2,mid
552722.38,4162859.09,-122.4026409,37.6113179,9.3,6.0,mid
552681.38,4163040.09,-122.4030924,37.6129516,9.3,2.6,mid
553199.38,4161178.09,-122.3973588,37.5961395,9.3,7.6,mid
552439.38,4162786.09,-122.4058524,37.6106761,9.3,4.2,mid
552672.38,4161624.09,-122.4032963,37.6001896,9.3,2.6,mid
552134.38,4161468.09,-122.4094019,37.5988143,9.3,4.4,mid
552027.38,4162600.09,-122.4105335,37.6090231,9.3,2.8,mid
552328.38,4162455.09,-122.4071337,37.6076991,9.3,3.7,mid
553126.38,4161168.09,-122.3981865,37.5960536,9.3,5.9,mid
551740.38,4161785.09,-122.4138426,37.6016937,9.3,4.8,mid
552143.38,4162061.09,-122.4092577,37.6041585,9.3,6.3,mid
551689.38,4161619.09,-122.4144321,37.6002004,9.3,7.4,mid
551547.38,4161209.09,-122.4160696,37.596513,9.3,8.3,mid
552492.38,4161140.09,-122.40537,37.5958376,9.3,5.2,mid
552260.38,4161155.09,-122.4079969,37.595986,9.3,6.8,mid
552740.38,4161664.09,-122.4025231,37.6005463,9.3,4.1,mid
551929.38,4162564.09,-122.4116463,37.6087041,9.3,8.2,mid
551570.38,4162658.09,-122.4157069,37.6095716,9.3,5.2,mid
551826.38,4161795.09,-122.4128677,37.6017789,9.3,5.2,mid
553045.38,4162886.09,-122.3989794,37.6115426,9.3,4.5,mid
551582.38,4161692.09,-122.4156391,37.6008643,9.3,6.5,mid
553137.38,4161169.09,-122.3980618,37.596062,9.3,5.2,mid
551818.38,4162530.09,-122.4129063,37.608404,9.3,8.0,mid
553111.38,4161469.09,-122.3983345,37.5987674,9.3,4.1,mid
553020.38,4161966.09,-122.3993294,37.6032521,9.3,2.8,mid
552284.38,4162314.09,-122.4076423,37.6064308,9.3,6.4,mid
552378.38,4162680.09,-122.4065511,37.6097242,9.2,5.3,mid
552569.38,4162928.09,-122.4043694,37.6119485,9.2,6.1,mid
551452.38,4161302.09,-122.4171391,37.5973565,9.2,4.2,mid
551356.38,4161513.09,-122.4182118,37.5992636,9.2,4.9,mid
552651.38,4162320.09,-122.4034841,37.6064639,9.2,5.3,mid
552563.38,4161264.09,-122.4045569,37.5969512,9.2,9.9,mid
551684.38,4162865.09,-122.4144007,37.6114309,9.2,7.4,mid
552804.38,4161534.09,-122.4018075,37.5993709,9.2,6.2,mid
552590.38,4161261.09,-122.4042513,37.5969226,9.2,5.3,mid
553069.38,4161703.09,-122.3987933,37.6008789,9.2,5.4,mid
552646.38,4161265.09,-122.4036166,37.5969555,9.2,7.3,mid
552251.38,4162858.09,-122.4079772,37.6113357,9.2,7.5,mid
551675.38,4162501.09,-122.4145284,37.6081506,9.2,7.0,mid
551746.38,4163010.09,-122.413688,37.6127343,9.2,2.8,mid
551788.38,4161172.09,-122.4133423,37.596166,9.2,8.2,mid
551263.38,4162025.09,-122.4192294,37.6038835,9.2,4.7,mid
552902.38,4162519.09,-122.4006261,37.6082431,9.2,5.4,mid
552650.38,4161529.09,-122.4035523,37.5993347,9.2,3.9,mid
551490.38,4161456.09,-122.4166979,37.5987424,9.2,6.5,mid
553218.38,4162960.09,-122.397014,37.6121996,9.2,3.3,mid
553225.38,4161228.09,-122.3970607,37.5965887,9.2,5.6,mid
553136.38,4162175.09,-122.3980001,37.6051291,9.2,5.1,mid
552044.38,4161215.09,-122.4104394,37.5965391,9.2,8.4,mid
551235.38,4162524.09,-122.4195117,37.6083826,9.2,7.2,mid
551278.38,4161194.09,-122.4191177,37.5963928,9.2,8.9,mid
551328.38,4161376.09,-122.4185386,37.5980304,9.2,8.7,mid
552967.38,4161832.09,-122.3999395,37.6020474,9.2,2.6,mid
552114.38,4162411.09,-122.4095613,37.6073147,9.2,5.5,mid
552693.38,4162332.09,-122.4030074,37.6065697,9.2,4.9,mid
551382.38,4161837.09,-122.4178945,37.6021824,9.2,6.0,mid
551853.38,4162787.09,-122.4124915,37.6107183,9.2,5.6,mid
552694.38,4161956.09,-122.4030232,37.6031807,9.2,2.7,mid
553170.38,4161591.09,-122.3976573,37.5998636,9.2,6.4,mid
552916.38,4162924.09,-122.4004382,37.6118926,9.2,6.3,mid
552143.38,4161240.09,-122.4093162,37.5967588,9.2,5.9,mid
552956.38,4162838.09,-122.3999912,37.6111151,9.2,6.6,mid
552332.38,4162227.09,-122.4071047,37.6056439,9.2,9.1,mid
552916.38,4161411.09,-122.4005477,37.5982559,9.2,3.8,mid
551490.38,4162500.09,-122.4166244,37.608152,9.2,7.2,mid
552897.38,4161207.09,-122.4007776,37.5964183,9.2,7.5,mid
553166.38,4162122.09,-122.3976641,37.6046497,9.2,3.3,mid
551725.38,4162809.09,-122.4139402,37.6109238,9.2,6.7,mid
551593.38,4161423.09,-122.4155334,37.5984392,9.2,6.4,mid
552040.38,4162056.09,-122.4104249,37.6041193,9.2,7.0,mid
553093.38,4161618.09,-122.3985276,37.6001114,9.2,7.0,mid
552751.38,4162261.09,-122.4023554,37.6059264,9.2,7.6,mid
551994.38,4161728.09,-122.4109693,37.6011656,9.2,3.8,mid
553083.38,4162012.09,-122.3986123,37.6036631,9.2,2.5,mid
552793.38,4162029.09,-122.4018964,37.603833,9.2,3.8,mid
552877.38,4161593.09,-122.4009763,37.5998985,9.2,9.4,mid
552513.38,4161505.09,-122.405106,37.5991262,9.2,3.5,mid
551457.38,4162969.09,-122.4169652,37.612381,9.2,7.6,mid
552145.38,4161246.09,-122.4092931,37.5968128,9.2,5.8,mid
553150.38,4161533.09,-122.3978881,37.599342,9.2,7.1,mid
552835.38,4162059.09,-122.4014184,37.604101,9.2,3.9,mid
553213.38,4162942.09,-122.397072,37.6120376,9.2,3.3,mid
552942.38,4161333.09,-122.4002588,37.5975514,9.2,7.1,mid
553170.38,4161571.09,-122.3976588,37.5996833,9.2,6.6,mid
551531.38,4162635.09,-122.4161504,37.6093665,9.2,4.2,mid
551350.38,4161515.09,-122.4182796,37.599282,9.2,5.1,mid
551324.38,4161142.09,-122.4186003,37.5959216,9.2,10.5,mid
552818.38,4161724.09,-122.4016352,37.6010826,9.2,3.7,mid
553183.38,4161177.09,-122.3975402,37.5961314,9.2,5.5,mid
552604.38,4162705.09,-122.4039889,37.6099366,9.2,2.9,mid
552889.38,4162498.09,-122.4007749,37.6080546,9.2,3.4,mid
552216.38,4162005.09,-122.4084347,37.6036496,9.2,6.8,mid
551380.38,4161732.09,-122.4179245,37.6012361,9.1,8.8,mid
552974.38,4161696.09,-122.39987,37.6008212,9.1,7.5,mid
551624.38,4161846.09,-122.4151524,37.60225,9.1,9.6,mid
552442.38,4161914.09,-122.4058809,37.6028166,9.1,6.1,mid
552691.38,4161723.09,-122.4030739,37.6010808,9.1,5.0,mid
552150.38,4161240.09,-122.4092369,37.5967584,9.1,3.9,mid
551891.38,4162333.09,-122.4120932,37.6066243,9.1,7.0,mid
552381.38,4162117.09,-122.4065574,37.6046497,9.1,5.5,mid
552629.38,4161638.09,-122.4037824,37.6003183,9.1,7.6,mid
551545.38,4162346.09,-122.4160121,37.6067609,9.1,4.8,mid
553209.38,4161304.09,-122.3972364,37.5972746,9.1,9.3,mid
552391.38,4162106.09,-122.4064449,37.60455,9.1,5.7,mid
551784.38,4162652.09,-122.4132828,37.6095055,9.1,6.5,mid
552929.38,4162524.09,-122.4003199,37.6082866,9.1,2.5,mid
553138.38,4162011.09,-122.3979893,37.6036509,9.1,6.3,mid
552906.38,4161841.09,-122.4006298,37.602132,9.1,5.1,mid
552027.38,4161204.09,-122.4106327,37.5964409,9.1,5.0,mid
552865.38,4162783.09,-122.4010262,37.6106247,9.1,7.9,mid
553201.38,4163011.09,-122.3972029,37.6126602,9.1,4.2,mid
552283.38,4161437.09,-122.4077163,37.5985264,9.1,6.0,mid
551193.38,4162454.09,-122.4199924,37.607754,9.1,2.6,mid
552600.38,4161961.09,-122.4040877,37.6032312,9.1,7.7,mid
552354.38,4162329.09,-122.4068481,37.606562,9.1,7.6,mid
552063.38,4162642.09,-122.4101226,37.6093996,9.1,6.7,mid
551618.38,4162564.09,-122.4151697,37.6087217,9.1,5.7,mid
553217.38,4161360.09,-122.3971417,37.5977788,9.1,5.3,mid
552710.38,4162136.09,-122.4028289,37.6048021,9.1,8.7,mid
552541.38,4161353.09,-122.4047997,37.5977546,9.1,8.3,mid
552017.38,4161537.09,-122.4107223,37.5994428,9.1,13.9,mid
552995.38,4162947.09,-122.3995415,37.6120953,9.1,4.1,mid
552996.38,4162512.09,-122.3995617,37.6081746,9.1,4.8,mid
552006.38,4162310.09,-122.410792,37.6064105,9.1,8.8,mid
551773.38,4161817.09,-122.4134665,37.6019802,9.1,6.2,mid
553142.38,4162645.09,-122.3978979,37.6093649,9.1,5.0,mid
551470.38,4161345.09,-122.4169322,37.5977431,9.1,8.6,mid
552066.38,4161550.09,-122.4101663,37.5995572,9.1,8.8,mid
551582.38,4163057.09,-122.4155428,37.6131671,9.1,4.2,mid
551735.38,4162326.09,-122.413861,37.60657,9.1,7.0,mid
551350.38,4161395.09,-122.418288,37.5982004,9.1,5.0,mid
552806.38,4161971.09,-122.4017533,37.6033095,9.1,6.8,mid
551806.38,4161654.09,-122.4131042,37.6005092,9.1,14.0,mid
552628.38,4162127.09,-122.4037585,37.6047257,9.1,6.4,mid
552772.38,4161579.09,-122.4021667,37.5997783,9.1,6.5,mid
552478.38,4162620.09,-122.4054225,37.6091777,9.1,14.0,mid
552870.38,4161831.09,-122.4010384,37.602044,9.1,6.6,mid
552657.38,4161530.09,-122.403473,37.5993433,9.1,3.8,mid
551340.38,4162547.09,-122.4183205,37.608584,9.1,6.3,mid
553104.38,4161154.09,-122.3984367,37.5959287,9.1,6.8,mid
552209.38,4162689.09,-122.4084652,37.6098149,9.1,2.7,mid
552517.38,4162315.09,-122.4050025,37.6064265,9.1,7.3,mid
551554.38,4161857.09,-122.4159446,37.602353,9.1,5.8,mid
553127.38,4162941.09,-122.3980464,37.6120336,9.1,5.2,mid
551317.38,4162143.09,-122.4186094,37.604944,9.1,6.7,mid
552514.38,4162427.09,-122.4050285,37.6074361,9.1,6.8,mid
552910.38,4161595.09,-122.4006023,37.5999146,9.1,6.2,mid
552488.38,4162671.09,-122.4053055,37.6096368,9.1,10.4,mid
551411.38,4161577.09,-122.4175843,37.5998374,9.0,4.4,mid
553209.38,4161397.09,-122.3972296,37.5981128,9.0,4.5,mid
552658.38,4162328.09,-122.4034042,37.6065356,9.0,5.9,mid
552736.38,4163141.09,-122.4024619,37.6138587,9.0,6.1,mid
552014.38,4162720.09,-122.4106722,37.6101054,9.0,4.3,mid
552998.38,4161449.09,-122.399616,37.5985936,9.0,7.0,mid
551675.38,4162516.09,-122.4145273,37.6082858,9.0,4.8,mid
551970.38,4161627.09,-122.4112484,37.6002566,9.0,5.6,mid
552922.38,4161292.09,-122.4004883,37.597183,9.0,4.7,mid
552272.38,4162341.09,-122.4077763,37.6066748,9.0,8.8,mid
552944.38,4161571.09,-122.4002189,37.5996963,9.0,5.2,mid
552896.38,4161596.09,-122.4007608,37.5999244,9.0,11.5,mid
553013.38,4161920.09,-122.399412,37.6028379,9.0,3.4,mid
552420.38,4161698.09,-122.4061456,37.600871,9.0,2.6,mid
552691.38,4162776.09,-122.4029981,37.6105716,9.0,2.5,mid
551666.38,4162632.09,-122.4146211,37.6093319,9.0,7.5,mid
552496.38,4162667.09,-122.4052152,37.6096003,9.0,5.3,mid
551672.38,4163055.09,-122.4145232,37.613144,9.0,2.6,mid
552568.38,4161898.09,-122.4044547,37.6026652,9.0,6.4,mid
552523.38,4161233.09,-122.4050122,37.5966741,9.0,3.9,mid
552779.38,4162839.09,-122.4019965,37.6111343,9.0,3.9,mid
551555.38,4162449.09,-122.4158916,37.6076887,9.0,3.6,mid
551545.38,4163032.09,-122.4159638,37.6129439,9.0,6.1,mid
552089.38,4162959.09,-122.4098055,37.6122552,9.0,4.9,mid
553014.38,4162870.09,-122.3993318,37.6114002,9.0,6.1,mid
552493.38,4161543.09,-122.4053298,37.5994698,9.0,7.2,mid
551339.38,4161210.09,-122.4184256,37.5965336,9.0,4.7,mid
551494.38,4161498.09,-122.4166496,37.5991207,9.0,5.2,mid
551420.38,4161572.09,-122.4174827,37.5997918,9.0,5.3,mid
551566.38,4162365.09,-122.4157729,37.606931,9.0,5.6,mid
551948.38,4161180.09,-122.4115293,37.596229,9.0,7.0,mid
551933.38,4162334.09,-122.4116173,37.6066309,9.0,5.4,mid
552141.38,4162654.09,-122.4092381,37.6095033,9.0,6.5,mid
553045.38,4161943.09,-122.3990478,37.6030434,9.0,5.0,mid
551267.38,4161733.09,-122.4192046,37.6012515,9.0,3.9,mid
551348.38,4161406.09,-122.4183099,37.5982997,9.0,7.7,mid
552889.38,4161728.09,-122.4008306,37.6011145,9.0,4.8,mid
552100.38,4161801.09,-122.4097633,37.6018175,9.0,4.2,mid
552151.38,4162984.09,-122.4091012,37.612477,9.0,7.1,mid
551643.38,4162607.09,-122.4148834,37.6091078,9.0,8.8,mid
552855.38,4161684.09,-122.4012189,37.6007199,9.0,14.0,mid
552539.38,4161576.09,-122.4048064,37.5997646,9.0,7.4,mid
552077.38,4162012.09,-122.4100089,37.6037206,9.0,5.0,mid
552341.38,4162625.09,-122.4069742,37.6092306,9.0,8.5,mid
552534.38,4162584.09,-122.4047906,37.60885,9.0,2.5,mid
552364.38,4161421.09,-122.4067998,37.5983776,9.0,3.7,mid
551630.38,4161364.09,-122.4151185,37.5979053,9.0,5.8,mid
551671.38,4162831.09,-122.4145504,37.6111252,9.0,6.1,mid
551973.38,4161550.09,-122.4112198,37.5995624,9.0,7.3,mid
551443.38,4161267.09,-122.4172436,37.5970416,9.0,3.5,mid
552993.38,4162566.09,-122.3995918,37.6086615,9.0,2.8,mid
552859.38,4163072.09,-122.4010733,37.6132298,9.0,2.9,mid
552268.38,4162233.09,-122.4078293,37.6057016,9.0,4.6,mid
551502.38,4162760.09,-122.4164701,37.6104947,9.0,4.7,mid
552712.38,4162004.09,-122.4028158,37.6036123,9.0,6.7,mid
552720.38,4161766.09,-122.4027423,37.6014667,9.0,4.9,mid
553047.38,4162611.09,-122.3989767,37.6090639,8.9,3.7,mid
552773.38,4163090.09,-122.4020464,37.6133969,8.9,5.1,mid
553089.38,4161531.09,-122.3985793,37.5993275,8.9,4.7,mid
552077.38,4162937.09,-122.409943,37.6120576,8.9,7.0,mid
551804.38,4161503.09,-122.4131376,37.5991484,8.9,5.3,mid
552176.38,4161955.09,-122.4088914,37.6032012,8.9,7.1,mid
552871.38,4161703.09,-122.4010363,37.6008903,8.9,5.0,mid
552339.38,4161844.09,-122.4070528,37.6021915,8.9,6.1,mid
552556.38,4161917.09,-122.4045893,37.6028371,8.9,6.4,mid
552570.38,4161927.09,-122.40443,37.6029264,8.9,5.5,mid
552920.38,4162051.09,-122.4004561,37.604024,8.9,9.6,mid
551292.38,4161339.09,-122.418949,37.5976989,8.9,3.2,mid
551885.38,4161127.09,-122.4122467,37.5957549,8.9,8.3,mid
551734.38,4162183.09,-122.4138825,37.6052812,8.9,5.3,mid
552793.38,4163037.09,-122.4018236,37.6129181,8.9,6.2,mid
551758.38,4162993.09,-122.4135532,37.6125804,8.9,6.6,mid
552376.38,4162489.09,-122.4065875,37.6080028,8.9,6.2,mid
551381.38,4161353.09,-122.4179398,37.5978201,8.9,9.9,mid
551322.38,4162550.09,-122.4185242,37.6086121,8.9,6.1,mid
552256.38,4162224.09,-122.4079659,37.6056212,8.9,8.0,mid
552611.38,4161209.09,-122.4040171,37.5964527,8.9,5.7,mid
551244.38,4162493.09,-122.4194119,37.6081027,8.9,4.8,mid
552980.38,4163061.09,-122.3997032,37.6131236,8.9,4.4,mid
552159.38,4161232.09,-122.4091355,37.5966858,8.9,6.8,mid
551823.38,4163060.09,-122.4128121,37.6131806,8.9,3.3,mid
552837.38,4161127.09,-122.401463,37.5957007,8.9,7.6,mid
552340.38,4161598.09,-122.4070591,37.5999743,8.9,6.4,mid
552643.38,4162314.09,-122.4035751,37.6064103,8.9,4.4,mid
553199.38,4161235.09,-122.3973547,37.5966532,8.9,5.1,mid
552432.38,4162702.09,-122.4059377,37.6099194,8.9,8.8,mid
551648.38,4162974.09,-122.4148009,37.6124153,8.9,4.1,mid
552662.38,4162004.09,-122.4033822,37.6036152,8.9,7.5,mid
553164.38,4163047.09,-122.3976195,37.6129868,8.9,3.2,mid
552113.38,4162965.09,-122.4095331,37.612308,8.9,4.4,mid
552820.38,4162923.09,-122.4015259,37.6118891,8.9,2.5,mid
553149.38,4163096.09,-122.3977859,37.6134293,8.9,4.2,mid
551333.38,4161195.09,-122.4184946,37.5963988,8.9,6.5,mid
552417.38,4163045.09,-122.4060831,37.6130117,8.9,5.0,mid
553086.38,4162563.09,-122.3985383,37.6086291,8.9,5.6,mid
551928.38,4161536.09,-122.4117306,37.5994388,8.9,9.8,mid
552931.38,4161180.09,-122.4003944,37.596173,8.9,4.1,mid
551776.38,4161954.09,-122.4134229,37.6032148,8.9,8.8,mid
552769.38,4162890.09,-122.4021061,37.6115946,8.9,2.9,mid
553014.38,4162968.09,-122.3993247,37.6122835,8.9,3.5,mid
552350.38,4162009.09,-122.4069164,37.603678,8.9,4.7,mid
551443.38,4162664.09,-122.4171453,37.6096328,8.9,7.0,mid
552421.38,4162003.09,-122.4061125,37.6036199,8.9,3.9,mid
552775.38,4161260.09,-122.4021558,37.596903,8.9,4.7,mid
551357.38,4161856.09,-122.4181764,37.602355,8.9,7.3,mid
551901.38,4161629.09,-122.4120298,37.6002785,8.9,5.6,mid
551347.38,4162547.09,-122.4182412,37.6085836,8.9,7.2,mid
552958.38,4162042.09,-122.4000262,37.6039407,8.9,6.9,mid
551453.38,4161812.09,-122.417092,37.6019531,8.9,6.1,mid
552638.38,4162029.09,-122.4036523,37.6038419,8.9,7.2,mid
552461.38,4161519.09,-122.405694,37.5992553,8.9,6.4,mid
552856.38,4163025.09,-122.4011107,37.6128063,8.9,10.4,mid
552228.38,4162902.09,-122.4082347,37.6117336,8.9,7.6,mid
551283.38,4162854.09,-122.4189447,37.6113542,8.9,7.8,mid
551458.38,4161369.09,-122.4170665,37.59796,8.9,5.2,mid
552356.38,4161417.09,-122.4068908,37.598342,8.9,3.5,mid
552853.38,4163068.09,-122.4011416,37.613194,8.9,4.9,mid
552587.38,4161610.09,-122.4042602,37.6000683,8.9,5.7,mid
551475.38,4161229.09,-122.4168837,37.5966973,8.9,5.1,mid
551496.38,4162303.09,-122.4165703,37.6063761,8.9,5.8,mid
551461.38,4161159.09,-122.4170472,37.5960671,8.9,5.6,mid
551658.38,4162126.09,-122.4147475,37.6047717,8.9,6.6,mid
551256.38,4161302.09,-122.4193594,37.5973675,8.8,6.8,mid
551406.38,4162688.09,-122.4175628,37.6098512,8.8,6.2,mid
551946.38,4162840.09,-122.4114341,37.6111908,8.8,6.6,mid
551882.38,4162812.09,-122.4121612,37.610942,8.8,3.6,mid
553202.38,4161205.09,-122.3973229,37.5963827,8.8,6.2,mid
552334.38,4161219.09,-122.4071541,37.5965587,8.8,9.7,mid
552113.38,4161146.09,-122.4096627,37.5959133,8.8,7.1,mid
552650.38,4161388.09,-122.4035625,37.5980638,8.8,7.4,mid
553002.38,4161419.09,-122.3995729,37.598323,8.8,6.5,mid
552686.38,4161839.09,-122.4031222,37.6021266,8.8,4.0,mid
553226.38,4162959.09,-122.3969234,37.6121901,8.8,4.7,mid
552709.38,4162699.09,-122.4027997,37.6098765,8.8,2.8,mid
552987.38,4161161.09,-122.3997615,37.5959985,8.8,5.8,mid
552056.38,4161224.09,-122.4103028,37.5966195,8.8,6.1,mid
552307.38,4162182.09,-122.4073911,37.6052397,8.8,6.6,mid
552544.38,4162436.09,-122.404688,37.6075155,8.8,7.2,mid
553064.38,4161518.09,-122.3988634,37.5992117,8.8,4.5,mid
551667.38,4162506.09,-122.4146187,37.6081962,8.8,4.6,mid
552661.38,4161208.09,-122.4034508,37.5964409,8.8,4.8,mid
553089.38,4162815.09,-122.3984861,37.6109002,8.8,4.5,mid
551946.38,4161223.09,-122.4115489,37.5966167,8.8,4.7,mid
553082.38,4162404.09,-122.3985952,37.6071962,8.8,5.0,mid
553173.38,4162362.09,-122.3975673,37.6068124,8.8,5.6,mid
552409.38,4162369.09,-122.4062222,37.6069194,8.8,6.2,mid
552549.38,4161582.09,-122.4046927,37.5998181,8.8,3.3,mid
552011.38,4162575.09,-122.4107165,37.6087987,8.8,4.9,mid
552435.38,4162646.09,-122.4059078,37.6094145,8.8,3.8,mid
551358.38,4161166.09,-122.4182135,37.596136,8.8,3.5,mid
552902.38,4162884.09,-122.4005997,37.6115328,8.8,4.3,mid
552504.38,4161583.09,-122.4052023,37.5998297,8.8,6.3,mid
551819.38,4162203.09,-122.4129181,37.6054567,8.8,6.9,mid
552875.38,4161359.09,-122.4010158,37.5977895,8.8,4.5,mid
552035.38,4162534.09,-122.4104475,37.6084278,8.8,7.8,mid
552810.38,4163073.09,-122.4016284,37.6132416,8.8,6.7,mid
551401.38,4162694.09,-122.417619,37.6099055,8.8,5.2,mid
552167.38,4162497.09,-122.4089547,37.6080868,8.8,7.3,mid
551678.38,4162706.09,-122.4144799,37.6099981,8.8,2.6,mid
551250.38,4161532.09,-122.4194112,37.5994408,8.8,7.0,mid
551709.38,4161455.09,-122.4142171,37.5987211,8.8,6.5,mid
552972.38,4162162.09,-122.3998589,37.6050214,8.8,7.0,mid
552891.38,4162306.09,-122.4007661,37.606324,8.8,6.1,mid
551700.38,4161637.09,-122.4143062,37.600362,8.8,5.0,mid
552517.38,4161231.09,-122.4050803,37.5966564,8.8,6.6,mid
551633.38,4161429.09,-122.4150799,37.598491,8.8,5.5,mid
551594.38,4161473.09,-122.4155186,37.5988898,8.8,5.8,mid
551414.38,4162432.09,-122.4174902,37.6075434,8.8,11.2,mid
552662.38,4162669.09,-122.4033343,37.6096088,8.8,2.7,mid
551577.38,4161494.09,-122.4157097,37.59908,8.8,7.9,mid
553109.38,4161324.09,-122.3983677,37.5974606,8.8,6.3,mid
553082.38,4161715.09,-122.3986452,37.6009863,8.8,3.6,mid
552567.38,4161438.09,-122.4044991,37.5985192,8.8,3.9,mid
552070.38,4162002.09,-122.4100889,37.6036309,8.8,7.0,mid
551960.38,4162667.09,-122.4112878,37.6096307,8.8,3.7,mid
552116.38,4163089.09,-122.4094903,37.6134254,8.8,4.6,mid
552960.38,4161880.09,-122.4000153,37.6024804,8.8,3.3,mid
552065.38,4161229.09,-122.4102005,37.5966641,8.8,4.1,mid
553224.38,4162033.09,-122.3970135,37.6038442,8.8,2.5,mid
551190.38,4161137.09,-122.4201185,37.595884,8.8,4.4,mid
551475.38,4161679.09,-122.4168521,37.6007531,8.8,4.3,mid
551597.38,4161487.09,-122.4154836,37.5990158,8.8,6.4,mid
552983.38,4163055.09,-122.3996696,37.6130694,8.8,8.1,mid
551335.38,4162537.09,-122.4183778,37.6084942,8.8,9.6,mid
551952.38,4162738.09,-122.4113734,37.6102711,8.8,4.5,mid
552082.38,4161137.09,-122.4100145,37.5958339,8.8,4.5,mid
552212.38,4162215.09,-122.408465,37.6055426,8.8,4.4,mid
552826.38,4161694.09,-122.4015467,37.6008117,8.8,9.6,mid
552881.38,4161635.09,-122.4009279,37.6002768,8.8,6.0,mid
551579.38,4162404.09,-122.4156228,37.6072818,8.8,6.2,mid
551559.38,4162791.09,-122.4158221,37.6107709,8.8,2.6,mid
552525.38,4161350.09,-122.4049812,37.5977285,8.8,8.1,mid
551413.38,4162446.09,-122.4175005,37.6076696,8.8,6.1,mid
552989.38,4161261.09,-122.3997316,37.5968997,8.8,7.7,mid
551739.38,4162400.09,-122.4138105,37.6072367,8.8,10.8,mid
552687.38,4162545.09,-122.40306,37.6084898,8.8,4.5,mid
552995.38,4162613.09,-122.3995657,37.609085,8.8,5.6,mid
552450.38,4162074.09,-122.4057788,37.6042582,8.8,4.5,mid
551740.38,4161212.09,-122.4138832,37.5965292,8.8,6.6,mid
553206.38,4161190.09,-122.3972787,37.5962473,8.8,7.9,mid
552941.38,4161792.09,-122.4002369,37.6016884,8.8,6.4,mid
551264.38,4161211.09,-122.4192751,37.5965468,8.8,9.4,mid
551474.38,4162682.09,-122.4167928,37.6097933,8.7,6.9,mid
551884.38,4161104.09,-122.4122596,37.5955477,8.7,9.6,mid
552950.38,4162621.09,-122.4000749,37.6091597,8.7,2.8,mid
553140.38,4163054.09,-122.3978909,37.6130513,8.7,4.4,mid
552557.38,4161186.09,-122.4046305,37.5962485,8.7,4.9,mid
552059.38,4162317.09,-122.4101911,37.6064706,8.7,3.9,mid
553216.38,4161742.09,-122.3971253,37.6012219,8.7,5.3,mid
551875.38,4162259.09,-122.4122797,37.6059582,8.7,5.2,mid
551310.38,4162912.09,-122.4186347,37.6118754,8.7,5.3,mid
551469.38,4161501.09,-122.4169326,37.5991492,8.7,7.7,mid
553105.38,4163104.09,-122.3982838,37.613504,8.7,5.0,mid
553207.38,4162062.09,-122.3972039,37.6041065,8.7,3.1,mid
551582.38,4161490.09,-122.4156533,37.5990437,8.7,4.7,mid
551465.38,4161352.09,-122.4169884,37.5978064,8.7,7.6,mid
551333.38,4162477.09,-122.4184047,37.6079535,8.7,5.4,mid
551878.38,4162695.09,-122.4122148,37.6098877,8.7,8.9,mid
551459.38,4162672.09,-122.4169635,37.609704,8.7,3.7,mid
552635.38,4162909.09,-122.403623,37.6117735,8.7,6.1,mid
553113.38,4161666.09,-122.3982976,37.6005428,8.7,2.7,mid
552986.38,4161818.09,-122.3997252,37.6019201,8.7,5.1,mid
551545.38,4161217.09,-122.4160917,37.5965852,8.7,6.3,mid
552255.38,4162873.09,-122.4079309,37.6114707,8.7,7.2,mid
552666.38,4161620.09,-122.4033645,37.6001539,8.7,2.3,mid
552179.38,4162918.09,-122.4087887,37.6118806,8.7,3.2,mid
552947.38,4161591.09,-122.4001835,37.5998764,8.7,5.8,mid
551836.38,4161112.09,-122.4128028,37.5956225,8.7,6.6,mid
552383.38,4161415.09,-122.406585,37.5983224,8.7,8.3,mid
551577.38,4162503.09,-122.4156385,37.6081742,8.7,7.2,mid
553173.38,4162775.09,-122.3975373,37.6105348,8.7,4.3,mid
551266.38,4162547.09,-122.4191588,37.6085881,8.7,8.3,mid
551882.38,4162335.09,-122.412195,37.6066428,8.7,5.5,mid
552073.38,4161423.09,-122.4100961,37.5984121,8.7,9.5,mid
552671.38,4162789.09,-122.4032237,37.6106899,8.7,8.5,mid
551651.38,4162139.09,-122.4148259,37.6048893,8.7,7.9,mid
551354.38,4161529.09,-122.4182333,37.5994079,8.7,3.9,mid
552836.38,4161702.09,-122.4014329,37.6008833,8.7,8.5,mid
552947.38,4162598.09,-122.4001106,37.6089525,8.7,6.0,mid
551264.38,4162176.09,-122.4192075,37.6052444,8.7,8.4,mid
551568.38,4162175.09,-122.4157636,37.6052184,8.7,8.9,mid
553038.38,4163014.09,-122.3990494,37.6126967,8.7,9.4,mid
552274.38,4162887.09,-122.4077146,37.6115958,8.7,3.8,mid
551336.38,4162885.09,-122.4183421,37.6116306,8.7,5.7,mid
552922.38,4162432.09,-122.4004058,37.6074578,8.7,5.6,mid
553152.38,4162074.09,-122.3978261,37.6042179,8.7,5.5,mid
551449.38,4162176.09,-122.4171117,37.6052341,8.7,5.6,mid
553073.38,4163011.09,-122.3986531,37.6126676,8.7,8.3,mid
552442.38,4162086.09,-122.4058686,37.6043668,8.7,4.3,mid
551735.38,4162030.09,-122.413882,37.6039021,8.6,7.0,mid
551831.38,4162886.09,-122.4127337,37.6116119,8.6,5.9,mid
552648.38,4161653.09,-122.4035661,37.6004524,8.6,5.6,mid
552982.38,4161446.09,-122.3997975,37.5985675,8.6,6.7,mid
553104.38,4161819.09,-122.3983884,37.6019223,8.6,5.1,mid
551456.38,4162455.09,-122.4170127,37.6077483,8.6,5.1,mid
552880.38,4162866.09,-122.4008503,37.6113719,8.6,2.8,mid
552117.38,4161170.09,-122.4096157,37.5961293,8.6,6.2,mid
551247.38,4162986.09,-122.4193433,37.6125459,8.6,3.2,mid
552470.38,4162266.09,-122.4055385,37.6059876,8.6,6.7,mid
552690.38,4161484.09,-122.4031025,37.5989268,8.6,8.1,mid
551945.38,4162982.09,-122.4114353,37.6124707,8.6,5.3,mid
551915.38,4162590.09,-122.4118031,37.6089393,8.6,5.8,mid
553091.38,4162877.09,-122.3984589,37.6114588,8.6,5.1,mid
553017.38,4161409.09,-122.3994037,37.598232,8.6,7.2,mid
552306.38,4161706.09,-122.4074365,37.6009496,8.6,6.0,mid
551537.38,4162355.09,-122.4161021,37.6068425,8.6,5.6,mid
552615.38,4162321.09,-122.4038919,37.606475,8.6,2.7,mid
552832.38,4162279.09,-122.4014365,37.606084,8.6,5.9,mid
551202.38,4162546.09,-122.419884,37.6085827,8.6,7.6,mid
551934.38,4161913.09,-122.4116359,37.6028364,8.6,4.3,mid
551595.38,4162374.09,-122.4154437,37.6070105,8.6,5.0,mid
551487.38,4161681.09,-122.416716,37.6007705,8.6,6.6,mid
552947.38,4162760.09,-122.4000989,37.6104126,8.6,7.4,mid
553126.38,4162819.09,-122.3980666,37.6109341,8.6,3.4,mid
551298.38,4161216.09,-122.4188896,37.59659,8.6,5.5,mid
551236.38,4162482.09,-122.4195033,37.608004,8.6,5.4,mid
553162.38,4161575.09,-122.3977491,37.5997198,8.6,5.5,mid
552541.38,4161194.09,-122.4048111,37.5963215,8.6,6.5,mid
552349.38,4162469.09,-122.4068948,37.6078241,8.6,3.3,mid
552943.38,4161530.09,-122.4002332,37.5993269,8.6,5.8,mid
551499.38,4161172.09,-122.4166159,37.5961822,8.6,6.0,mid
552568.38,4161291.09,-122.4044983,37.5971943,8.6,6.0,mid
552831.38,4162835.09,-122.4014077,37.6110953,8.6,6.1,mid
551387.38,4162479.09,-122.4177928,37.6079685,8.6,8.4,mid
552194.38,4161212.09,-122.4087405,37.5965035,8.6,3.1,mid
552932.38,4162990.09,-122.4002522,37.6124865,8.6,4.4,mid
552360.38,4162261.09,-122.406785,37.6059488,8.6,6.0,mid
553207.38,4161223.09,-122.397265,37.5965446,8.6,5.7,mid
552621.38,4161633.09,-122.4038734,37.6002737,8.6,3.2,mid
553185.38,4161908.09,-122.3974644,37.6027198,8.6,4.4,mid
553166.38,4162769.09,-122.397617,37.6104811,8.6,4.1,mid
552907.38,4162351.09,-122.4005816,37.6067286,8.6,5.1,mid
552373.38,4162372.09,-122.4066298,37.6069485,8.6,2.8,mid
551459.38,4163019.09,-122.4169391,37.6128315,8.6,4.9,mid
551416.38,4162797.09,-122.4174419,37.610833,8.6,8.2,mid
551667.38,4162591.09,-122.4146127,37.6089623,8.6,5.4,mid
551663.38,4162585.09,-122.4146584,37.6089084,8.6,5.3,mid
552073.38,4161234.09,-122.4101095,37.5967087,8.6,4.8,mid
551487.38,4161398.09,-122.4167359,37.5982198,8.6,7.2,mid
553051.38,4162927.09,-122.3989085,37.6119118,8.6,4.1,mid
552900.38,4161724.09,-122.4007063,37.6010779,8.6,6.6,mid
552577.38,4161291.09,-122.4043964,37.5971937,8.6,5.9,mid
551564.38,4161659.09,-122.4158453,37.6005679,8.6,4.5,mid
552137.38,4161253.09,-122.4093832,37.5968763,8.6,5.0,mid
551718.38,4163049.09,-122.4140025,37.6130874,8.6,3.1,mid
552921.38,4162798.09,-122.4003907,37.6107566,8.6,5.1,mid
552250.38,4162379.09,-122.4080228,37.6070186,8.6,7.5,mid
552099.38,4161443.09,-122.4098001,37.5985909,8.6,8.9,mid
552381.38,4162767.09,-122.4065109,37.6105081,8.5,3.2,mid
552093.38,4162931.09,-122.4097621,37.6120026,8.5,7.6,mid
552349.38,4163122.09,-122.406848,37.6137096,8.5,6.1,mid
551810.38,4162424.09,-122.4130044,37.607449,8.5,5.1,mid
551315.38,4162798.09,-122.4185861,37.6108477,8.5,5.8,mid
551807.38,4162172.09,-122.4130562,37.6051779,8.5,6.6,mid
552085.38,4162244.09,-122.4099017,37.6058112,8.5,6.0,mid
553110.38,4161908.09,-122.398314,37.6027242,8.5,4.0,mid
552635.38,4161177.09,-122.4037476,37.5961629,8.5,5.6,mid
553061.38,4162430.09,-122.3988312,37.6074318,8.5,4.1,mid
552537.38,4161252.09,-122.4048523,37.5968445,8.5,3.9,mid
553182.38,4161404.09,-122.397535,37.5981774,8.5,5.2,mid
552379.38,4162137.09,-122.4065787,37.6048301,8.5,7.2,mid
553136.38,4162867.09,-122.3979498,37.6113661,8.5,10.3,mid
552968.38,4161887.09,-122.3999242,37.6025431,8.5,4.7,mid
552870.38,4161760.09,-122.4010435,37.6014041,8.5,4.3,mid
552467.38,4162048.09,-122.4055881,37.6040229,8.5,5.1,mid
552430.38,4162104.09,-122.4060033,37.6045297,8.5,2.7,mid
553229.38,4161235.09,-122.3970149,37.5966515,8.5,7.4,mid
553009.38,4161418.09,-122.3994937,37.5983136,8.5,5.5,mid
552890.38,4161606.09,-122.4008281,37.6000149,8.5,3.4,mid
551643.38,4162751.09,-122.4148733,37.6104057,8.5,9.0,mid
551938.38,4161191.09,-122.4116418,37.5963287,8.5,6.4,mid
551496.38,4161452.09,-122.4166302,37.598706,8.5,8.1,mid
552459.38,4162061.09,-122.4056778,37.6041405,8.5,2.8,mid
551255.38,4162373.09,-122.4192957,37.6070205,8.5,5.4,mid
551870.38,4161586.09,-122.4123841,37.5998927,8.5,5.1,mid
552123.38,4161160.09,-122.4095484,37.5960389,8.5,4.4,mid
551232.38,4162039.09,-122.4195796,37.6040114,8.5,4.4,mid
552261.38,4162775.09,-122.4078699,37.6105871,8.5,2.3,mid
551291.38,4163123.09,-122.4188352,37.6137782,8.5,5.8,mid
552877.38,4161822.09,-122.4009597,37.6019625,8.5,3.8,mid
551256.38,4162216.09,-122.4192953,37.6056054,8.5,5.9,mid
552512.38,4162576.09,-122.4050404,37.6087792,8.5,7.4,mid
552525.38,4161132.09,-122.4049968,37.5957636,8.5,8.5,mid
552238.38,4162371.09,-122.4081593,37.6069471,8.5,3.9,mid
552744.38,4162224.09,-122.4024374,37.6055933,8.5,8.8,mid
553204.38,4162738.09,-122.3971888,37.6101995,8.5,4.8,mid
552547.38,4162817.09,-122.4046266,37.6109493,8.5,3.8,mid
552458.38,4161592.09,-122.4057228,37.5999135,8.5,5.0,mid
551491.38,4161420.09,-122.4166891,37.5984179,8.5,10.3,mid
552201.38,4161181.09,-122.4086634,37.5962237,8.5,7.0,mid
553229.38,4161595.09,-122.3969887,37.5998962,8.5,1.0,mid
553068.38,4163017.09,-122.3987093,37.612722,8.5,5.1,mid
552571.38,4162961.09,-122.4043443,37.6122458,8.5,4.8,mid
552940.38,4161371.09,-122.4002787,37.597894,8.5,2.9,mid
553226.38,4161720.09,-122.3970136,37.601023,8.5,5.8,mid
552191.38,4162443.09,-122.4086866,37.6075987,8.5,2.3,mid
551449.38,4162960.09,-122.4170565,37.6123003,8.4,7.3,mid
551957.38,4163098.09,-122.4112911,37.6135155,8.4,3.8,mid
553033.38,4162892.09,-122.3991149,37.6115974,8.4,3.9,mid
552769.38,4162120.09,-122.4021617,37.6046545,8.4,6.4,mid
552103.38,4162894.09,-122.4096515,37.6116686,8.4,5.8,mid
552879.38,4161404.09,-122.4009673,37.5981949,8.4,5.0,mid
551971.38,4161619.09,-122.4112376,37.6001845,8.4,7.6,mid
553183.38,4162738.09,-122.3974267,37.6102007,8.4,7.1,mid
552660.38,4161383.09,-122.4034496,37.5980182,8.4,7.0,mid
553166.38,4161102.09,-122.3977382,37.5954564,8.4,5.5,mid
552713.38,4161253.09,-122.4028586,37.5968435,8.4,6.4,mid
552656.38,4163023.09,-122.4033768,37.6127998,8.4,4.0,mid
551344.38,4162071.09,-122.4183086,37.6042936,8.4,7.8,mid
552276.38,4162322.09,-122.4077323,37.6065033,8.4,7.7,mid
552892.38,4161508.09,-122.4008125,37.5991315,8.4,3.8,mid
552104.38,4161925.09,-122.4097092,37.6029349,8.4,3.5,mid
552591.38,4161143.09,-122.4042484,37.595859,8.4,5.1,mid
552757.38,4161732.09,-122.4023256,37.6011582,8.4,3.9,mid
551663.38,4162858.09,-122.4146391,37.611369,8.4,3.9,mid
552100.38,4161132.09,-122.409811,37.5957878,8.4,4.7,mid
552064.38,4161378.09,-122.4102012,37.5980071,8.4,6.4,mid
553101.38,4161515.09,-122.3984445,37.5991826,8.4,5.8,mid
553114.38,4162161.09,-122.3982503,37.6050042,8.4,8.6,mid
552972.38,4161561.09,-122.3999024,37.5996046,8.4,2.6,mid
552291.38,4162531.09,-122.4075474,37.6083862,8.4,5.3,mid
552279.38,4162224.09,-122.4077053,37.6056199,8.4,4.2,mid
551952.38,4162563.09,-122.4113858,37.6086938,8.4,8.6,mid
552503.38,4161220.09,-122.4052397,37.596558,8.4,9.7,mid
551204.38,4162624.09,-122.4198559,37.6092856,8.4,4.8,mid
553067.38,4161906.09,-122.3988013,37.6027086,8.4,3.3,mid
551409.38,4161824.09,-122.4175896,37.6020637,8.4,7.5,mid
552400.38,4161102.09,-122.4064149,37.5955004,8.4,5.6,mid
551380.38,4162485.09,-122.4178717,37.608023,8.4,6.5,mid
551308.38,4161511.09,-122.4187557,37.5992483,8.4,6.9,mid
552339.38,4161401.09,-122.4070845,37.5981988,8.4,3.2,mid
551997.38,4161237.09,-122.4109702,37.59674,8.4,7.0,mid
551594.38,4161882.09,-122.4154897,37.6025761,8.4,7.5,mid
553183.38,4161273.09,-122.3975332,37.5969967,8.4,3.1,mid
552060.38,4162483.09,-122.4101679,37.6079667,8.4,5.8,mid
551784.38,4161923.09,-122.4133344,37.602935,8.4,3.7,mid
552983.38,4162527.09,-122.3997079,37.6083105,8.4,5.1,mid
552431.38,4161437.09,-122.4060397,37.598518,8.4,5.7,mid
553156.38,4162025.09,-122.3977844,37.603776,8.4,5.9,mid
551799.38,4161484.09,-122.4131956,37.5989774,8.4,5.8,mid
553106.38,4161140.09,-122.3984151,37.5958024,8.4,6.4,mid
551997.38,4161964.09,-122.4109185,37.6032925,8.4,5.1,mid
551322.38,4162855.09,-122.4185028,37.611361,8.4,6.6,mid
551324.38,4161527.09,-122.4185733,37.5993916,8.4,4.5,mid
551867.38,4162076.09,-122.4123833,37.6043093,8.4,6.1,mid
552829.38,4161785.09,-122.4015062,37.6016317,8.4,7.1,mid
551349.38,4162786.09,-122.4182017,37.6107376,8.4,5.3,mid
553132.38,4162825.09,-122.3979982,37.6109878,8.4,5.2,mid
551293.38,4161544.09,-122.4189233,37.5995465,8.4,6.0,mid
552884.38,4161764.09,-122.4008846,37.6014393,8.4,3.3,mid
551650.38,4162961.09,-122.4147791,37.612298,8.4,6.0,mid
551419.38,4161921.09,-122.4174695,37.6029374,8.4,5.1,mid
552222.38,4162959.09,-122.4082986,37.6122477,8.4,4.3,mid
552277.38,4161295.09,-122.4077944,37.5972469,8.4,6.3,mid
552419.38,4161571.09,-122.4061661,37.5997264,8.4,3.5,mid
553220.38,4162471.09,-122.3970269,37.6077921,8.4,3.1,mid
552820.38,4161897.09,-122.4016,37.6026417,8.4,6.5,mid
551948.38,4161482.09,-122.4115079,37.598951,8.4,4.4,mid
552462.38,4161485.09,-122.4056851,37.5989488,8.4,6.3,mid
551574.38,4163043.09,-122.4156344,37.6130414,8.4,3.4,mid
553204.38,4162691.09,-122.3971922,37.6097759,8.4,7.0,mid
552910.38,4161827.09,-122.4005855,37.6020056,8.4,13.0,mid
552601.38,4161296.09,-122.4041242,37.5972374,8.4,6.2,mid
551799.38,4161465.09,-122.4131969,37.5988062,8.4,3.8,mid
553044.38,4162601.09,-122.3990114,37.608974,8.4,5.2,mid
552846.38,4161836.09,-122.4013099,37.6020904,8.4,2.8,mid
553155.38,4161934.09,-122.3978023,37.6029559,8.3,3.7,mid
551361.38,4162148.09,-122.4181106,37.6049866,8.3,6.0,mid
552157.38,4162475.09,-122.4090696,37.6078891,8.3,7.2,mid
551949.38,4161546.09,-122.411492,37.5995278,8.3,10.6,mid
551702.38,4162880.09,-122.4141957,37.6115651,8.3,7.2,mid
551530.38,4161179.09,-122.4162642,37.5962435,8.3,2.3,mid
552454.38,4161492.09,-122.4057753,37.5990124,8.3,4.3,mid
553169.38,4162206.09,-122.397624,37.6054066,8.3,5.0,mid
551673.38,4161506.09,-122.4146213,37.5991828,8.3,4.8,mid
552128.38,4161901.09,-122.409439,37.6027173,8.3,4.0,mid
551283.38,4162625.09,-122.4189608,37.6092902,8.3,3.3,mid
552164.38,4161451.09,-122.4090633,37.5986593,8.3,5.2,mid
552425.38,4162736.09,-122.4060146,37.6102262,8.3,4.6,mid
552639.38,4161335.09,-122.4036909,37.5975868,8.3,3.9,mid
553145.38,4162536.09,-122.3978719,37.6083823,8.3,2.5,mid
552638.38,4161359.09,-122.4037005,37.5978031,8.3,6.3,mid
551759.38,4162783.09,-122.4135568,37.6106876,8.3,2.3,mid
552345.38,4162916.09,-122.4069081,37.6118531,8.3,3.7,mid
552066.38,4162801.09,-122.4100773,37.6108325,8.3,4.1,mid
551637.38,4161109.09,-122.4150571,37.5956066,8.3,6.2,mid
553119.38,4161472.09,-122.3982437,37.598794,8.3,5.5,mid
551391.38,4162860.09,-122.4177207,37.6114022,8.3,8.0,mid
551841.38,4162811.09,-122.4126258,37.6109353,8.3,7.6,mid
552122.38,4161165.09,-122.4095594,37.596084,8.3,4.3,mid
552772.38,4163016.09,-122.4020631,37.61273,8.3,3.1,mid
552425.38,4162757.09,-122.4060131,37.6104155,8.3,8.0,mid
552564.38,4163054.09,-122.404417,37.6130844,8.3,4.9,mid
552995.38,4161880.09,-122.3996188,37.6024784,8.3,7.5,mid
553010.38,4162661.09,-122.3993923,37.6095167,8.3,3.6,mid
552886.38,4161258.09,-122.4008985,37.5968786,8.3,6.4,mid
551345.38,4161251.09,-122.4183548,37.5969028,8.3,7.1,mid
552346.38,4161405.09,-122.4070049,37.5982344,8.3,5.4,mid
551800.38,4162220.09,-122.4131321,37.6056109,8.3,5.9,mid
553061.38,4163013.09,-122.3987889,37.6126863,8.3,8.8,mid
553109.38,4162503.09,-122.3982821,37.6080869,8.3,2.3,mid
551790.38,4162770.09,-122.4132065,37.6105687,8.3,4.3,mid
552465.38,4161364.09,-122.4056598,37.5978581,8.3,8.5,mid
551794.38,4162812.09,-122.4131582,37.610947,8.3,3.0,mid
553191.38,4162979.09,-122.3973185,37.6123724,8.3,4.4,mid
552236.38,4161147.09,-122.4082694,37.5959153,8.3,9.4,mid
553097.38,4161539.09,-122.398488,37.5993991,8.3,3.7,mid
551549.38,4162970.09,-122.4159228,37.6123848,8.3,9.1,mid
551951.38,4161552.09,-122.4114689,37.5995817,8.3,4.8,mid
552236.38,4161569.09,-122.4082392,37.5997188,8.3,5.4,mid
551237.38,4162469.09,-122.4194929,37.6078867,8.3,5.4,mid
553197.38,4161871.09,-122.3973311,37.6023856,8.3,4.5,mid
552701.38,4161298.09,-122.4029913,37.5972497,8.3,5.4,mid
552873.38,4162489.09,-122.4009568,37.6079744,8.3,4.8,mid
552952.38,4161861.09,-122.4001073,37.6023097,8.3,6.2,mid
552680.38,4162074.09,-122.4031733,37.604245,8.3,7.5,mid
551949.38,4162338.09,-122.4114358,37.6066661,8.3,7.3,mid
551910.38,4161497.09,-122.4119373,37.5990883,8.3,6.6,mid
551520.38,4162978.09,-122.4162508,37.6124586,8.3,4.1,mid
551891.38,4161525.09,-122.4121505,37.5993418,8.3,7.1,mid
552577.38,4161933.09,-122.4043502,37.6029801,8.3,5.4,mid
551565.38,4162374.09,-122.4157836,37.6070122,8.3,4.9,mid
551364.38,4161725.09,-122.4181063,37.6011739,8.2,4.8,mid
552595.38,4162083.09,-122.4041355,37.604331,8.2,8.3,mid
553086.38,4163000.09,-122.3985066,37.6125677,8.2,9.0,mid
551364.38,4161553.09,-122.4181184,37.5996237,8.2,3.8,mid
551204.38,4161323.09,-122.4199469,37.5975596,8.2,4.7,mid
552719.38,4162793.09,-122.4026796,37.6107232,8.2,3.9,mid
553041.38,4162624.09,-122.3990437,37.6091814,8.2,3.8,mid
552401.38,4162364.09,-122.4063132,37.6068748,8.2,5.8,mid
552093.38,4162951.09,-122.4097607,37.6121829,8.2,3.5,mid
551366.38,4163039.09,-122.4179914,37.613017,8.2,4.6,mid
551356.38,4162481.09,-122.4181438,37.6079883,8.2,9.5,mid
552532.38,4161993.09,-122.4048557,37.6035235,8.2,5.5,mid
552966.38,4161720.09,-122.3999589,37.601038,8.2,4.0,mid
551578.38,4161969.09,-122.4156648,37.6033612,8.2,4.3,mid
552121.38,4161138.09,-122.4095726,37.5958407,8.2,5.0,mid
551894.38,4161629.09,-122.4121091,37.6002789,8.2,5.4,mid
551461.38,4162856.09,-122.4169279,37.6113623,8.2,10.0,mid
552113.38,4162658.09,-122.409555,37.609541,8.2,7.4,mid
551221.38,4161668.09,-122.4197302,37.6006682,8.2,8.7,mid
551595.38,4162902.09,-122.4154064,37.6117694,8.2,5.0,mid
551678.38,4161605.09,-122.4145577,37.6000748,8.2,7.3,mid
552752.38,4162408.09,-122.4023335,37.6072513,8.2,2.2,mid
553229.38,4161269.09,-122.3970124,37.596958,8.2,5.8,mid
552667.38,4161123.09,-122.403389,37.5956744,8.2,8.1,mid
552362.38,4162646.09,-122.4067348,37.6094187,8.2,3.6,mid
552445.38,4162438.09,-122.4058094,37.6075392,8.2,4.6,mid
553204.38,4162981.09,-122.3971711,37.6123897,8.2,3.5,mid
553213.38,4162188.09,-122.3971268,37.6052418,8.2,5.9,mid
552801.38,4163102.09,-122.4017283,37.6135035,8.2,3.9,mid
553218.38,4161814.09,-122.3970974,37.6018707,8.2,4.5,mid
551984.38,4162423.09,-122.4110332,37.6074302,8.2,5.7,mid
552576.38,4162783.09,-122.4043005,37.6106412,8.2,5.7,mid
552585.38,4161947.09,-122.4042586,37.6031058,8.2,3.9,mid
552732.38,4162607.09,-122.4025457,37.609046,8.2,5.9,mid
551420.38,4162934.09,-122.4173869,37.6120676,8.2,4.4,mid
552964.38,4161864.09,-122.3999711,37.602336,8.2,10.9,mid
553014.38,4162656.09,-122.3993473,37.6094714,8.2,2.7,mid
551733.38,4162768.09,-122.4138524,37.6105539,8.2,6.5,mid
552919.38,4162988.09,-122.4003996,37.6124692,8.2,2.9,mid
551721.38,4162344.09,-122.4140184,37.606733,8.2,5.1,mid
552076.38,4162533.09,-122.4099831,37.6084164,8.2,5.9,mid
551228.38,4162165.09,-122.4196161,37.6051473,8.2,5.9,mid
551897.38,4163141.09,-122.4119679,37.6139065,8.2,8.0,mid
553159.38,4162865.09,-122.3976894,37.6113468,8.2,7.4,mid
552772.38,4162742.09,-122.4020828,37.6102605,8.2,2.3,mid
551630.38,4162290.09,-122.4150531,37.6062514,8.2,7.4,mid
553003.38,4162182.09,-122.3995063,37.6051999,8.2,3.2,mid
552366.38,4161756.09,-122.4067532,37.6013968,8.2,7.3,mid
551692.38,4162147.09,-122.4143608,37.6049591,8.2,6.5,mid
552929.38,4162850.09,-122.4002963,37.6112248,8.2,3.9,mid
552289.38,4162298.09,-122.4075868,37.6062863,8.2,3.8,mid
551910.38,4162378.09,-122.4118748,37.6070288,8.2,5.6,mid
551864.38,4161465.09,-122.4124606,37.5988025,8.2,6.1,mid
552267.38,4162225.09,-122.4078412,37.6056296,8.2,6.4,mid
552924.38,4161779.09,-122.4004304,37.6015722,8.2,5.0,mid
552673.38,4161492.09,-122.4032945,37.5989999,8.2,5.8,mid
552333.38,4162677.09,-122.4070612,37.6096997,8.2,5.8,mid
553229.38,4162368.09,-122.3969324,37.6068633,8.2,1.7,mid
553176.38,4162024.09,-122.3975579,37.6037658,8.2,5.7,mid
552146.38,4161328.09,-122.4092759,37.5975518,8.2,5.9,mid
551753.38,4162950.09,-122.4136129,37.6121931,8.2,5.4,mid
552162.38,4161964.09,-122.4090493,37.6032831,8.2,4.9,mid
551426.38,4161823.09,-122.417397,37.6020538,8.2,6.8,mid
553226.38,4162174.09,-122.3969806,37.6051149,8.2,4.5,mid
553160.38,4163053.09,-122.3976644,37.6130411,8.2,3.2,mid
552084.38,4162845.09,-122.4098702,37.611228,8.2,6.4,mid
552942.38,4161838.09,-122.4002222,37.6021029,8.2,7.5,mid
552951.38,4161848.09,-122.4001196,37.6021925,8.2,7.5,mid
552556.38,4162279.09,-122.4045633,37.6060998,8.2,2.4,mid
552573.38,4161657.09,-122.4044154,37.6004927,8.2,7.0,mid
553157.38,4161698.09,-122.3977968,37.6008287,8.1,5.7,mid
552810.38,4161772.09,-122.4017223,37.6015157,8.1,4.0,mid
552404.38,4162761.09,-122.4062507,37.6104528,8.1,5.8,mid
553017.38,4161902.09,-122.399368,37.6026754,8.1,11.8,mid
552956.38,4161802.09,-122.4000662,37.6017777,8.1,5.9,mid
552961.38,4162151.09,-122.3999843,37.6049229,8.1,3.0,mid
552225.38,4161982.09,-122.4083344,37.6034418,8.1,5.9,mid
552943.38,4161870.09,-122.4002086,37.6023913,8.1,5.0,mid
551988.38,4162509.09,-122.4109818,37.6082051,8.1,2.3,mid
552717.38,4161449.09,-122.4027991,37.5986098,8.1,6.0,mid
553203.38,4163108.09,-122.3971732,37.6135344,8.1,9.8,mid
552607.38,4162668.09,-122.4039575,37.609603,8.1,2.3,mid
552527.38,4162360.09,-122.404886,37.6068315,8.1,6.4,mid
551968.38,4162895.09,-122.4111809,37.6116853,8.1,4.0,mid
552414.38,4162756.09,-122.4061378,37.6104071,8.1,6.4,mid
551574.38,4162798.09,-122.4156517,37.6108332,8.1,4.0,mid
552892.38,4161426.09,-122.4008184,37.5983924,8.1,5.1,mid
552934.38,4161847.09,-122.4003122,37.6021845,8.1,10.8,mid
552949.38,4161855.09,-122.4001417,37.6022557,8.1,6.6,mid
551230.38,4162565.09,-122.4195654,37.6087524,8.1,6.7,mid
552737.38,4162097.09,-122.4025259,37.6044491,8.1,4.9,mid
552346.38,4162692.09,-122.4069128,37.6098342,8.1,4.7,mid
551455.38,4163037.09,-122.4169831,37.612994,8.1,3.9,mid
552746.38,4162460.09,-122.4023977,37.6077203,8.1,3.0,mid
551542.38,4162452.09,-122.4160386,37.6077165,8.1,5.8,mid
551516.38,4162991.09,-122.4162952,37.6125759,8.1,5.5,mid
552992.38,4161886.09,-122.3996523,37.6025327,8.1,9.3,mid
552853.38,4163141.09,-122.4011363,37.613852,8.1,5.6,mid
553182.38,4161369.09,-122.3975375,37.597862,8.1,4.9,mid
553100.38,4163001.09,-122.3983479,37.6125759,8.1,5.5,mid
551853.38,4162976.09,-122.4124781,37.6124218,8.1,5.6,mid
553004.38,4161891.09,-122.399516,37.602577,8.1,10.2,mid
552751.38,4161399.09,-122.4024176,37.5981572,8.1,2.2,mid
552659.38,4162173.09,-122.403404,37.6051385,8.1,7.8,mid
551512.38,4161619.09,-122.4164372,37.6002103,8.1,4.3,mid
551623.38,4162146.09,-122.4151426,37.6049539,8.1,6.2,mid
552276.38,4162702.09,-122.4077052,37.6099283,8.1,5.4,mid
553022.38,4162533.09,-122.3992656,37.6083624,8.1,3.4,mid
551842.38,4161639.09,-122.4126975,37.600372,8.1,3.9,mid
551950.38,4162552.09,-122.4114092,37.6085948,8.1,7.3,mid
552289.38,4162304.09,-122.4075863,37.6063404,8.1,4.4,mid
552660.38,4162750.09,-122.4033512,37.610339,8.1,2.2,mid
551657.38,4161374.09,-122.4148119,37.597994,8.1,4.8,mid
552922.38,4161832.09,-122.4004492,37.60205,8.1,8.8,mid
551699.38,4162781.09,-122.4142367,37.6106729,8.1,6.5,mid
551632.38,4161377.09,-122.4150949,37.5980224,8.1,4.5,mid
552992.38,4163038.09,-122.3995689,37.6129157,8.1,13.5,mid
551907.38,4161376.09,-122.4119798,37.5979979,8.1,4.7,mid
551928.38,4162759.09,-122.4116438,37.6104617,8.1,2.3,mid
552347.38,4161412.09,-122.4069931,37.5982974,8.1,5.1,mid
551327.38,4161782.09,-122.4185214,37.6016898,8.1,4.3,mid
552753.38,4162069.09,-122.4023466,37.6041958,8.1,6.1,mid
553073.38,4161195.09,-122.3987849,37.5963,8.1,6.2,mid
551210.38,4162610.09,-122.4197889,37.6091591,8.1,3.6,mid
552132.38,4162850.09,-122.4093261,37.6112704,8.1,7.3,mid
551839.38,4161753.09,-122.4127234,37.6013997,8.1,5.9,mid
552629.38,4163113.09,-122.4036763,37.6136125,8.1,2.6,mid
551814.38,4162688.09,-122.4129404,37.6098283,8.1,5.4,mid
553149.38,4163036.09,-122.3977902,37.6128886,8.1,3.7,mid
551912.38,4161602.09,-122.4119072,37.6000346,8.1,5.3,mid
551387.38,4161812.09,-122.4178396,37.6019568,8.1,5.5,mid
552575.38,4162383.09,-122.4043406,37.6070361,8.1,7.4,mid
552897.38,4161812.09,-122.4007339,37.6018712,8.1,10.7,mid
551476.38,4161801.09,-122.4168322,37.6018527,8.1,6.2,mid
551816.38,4161508.09,-122.4130013,37.5991928,8.1,8.8,mid
552955.38,4163076.09,-122.3999853,37.6132603,8.1,4.7,mid
551591.38,4161647.09,-122.4155403,37.6004582,8.1,3.1,mid
553055.38,4162567.09,-122.3988893,37.6086669,8.1,2.7,mid
553073.38,4161965.09,-122.398729,37.60324,8.1,7.7,mid
552732.38,4163123.09,-122.4025085,37.6136967,8.1,3.0,mid
552604.38,4162290.09,-122.4040187,37.6061962,8.0,5.6,mid
552926.38,4161826.09,-122.4004044,37.6019957,8.0,8.3,mid
551655.38,4161947.09,-122.4147941,37.6031585,8.0,7.5,mid
552226.38,4161549.09,-122.4083539,37.5995391,8.0,6.3,mid
553018.38,4162651.09,-122.3993024,37.6094261,8.0,3.1,mid
551489.38,4162303.09,-122.4166496,37.6063765,8.0,6.4,mid
552782.38,4162898.09,-122.4019583,37.6116659,8.0,2.7,mid
552871.38,4161793.09,-122.4010298,37.6017014,8.0,9.3,mid
551597.38,4162553.09,-122.4154084,37.6086237,8.0,2.4,mid
552728.38,4161999.09,-122.4026349,37.6035663,8.0,5.4,mid
553222.38,4161139.09,-122.3971012,37.5957867,8.0,5.2,mid
551337.38,4161509.09,-122.4184273,37.5992286,8.0,4.1,mid
552554.38,4161585.09,-122.4046358,37.5998449,8.0,3.1,mid
553201.38,4161339.09,-122.3973245,37.5975905,8.0,5.2,mid
552766.38,4162566.09,-122.4021635,37.6086745,8.0,5.6,mid
553012.38,4161290.09,-122.399469,37.5971598,8.0,5.1,mid
551945.38,4161557.09,-122.4115365,37.5996271,8.0,9.1,mid
551597.38,4161187.09,-122.4155047,37.5963119,8.0,5.4,mid
552824.38,4161841.09,-122.4015588,37.6021368,8.0,5.1,mid
553166.38,4161925.09,-122.3976784,37.6028741,8.0,4.5,mid
552764.38,4161737.09,-122.402246,37.6012028,8.0,5.9,mid
552918.38,4161302.09,-122.4005329,37.5972733,8.0,6.6,mid
552866.38,4162580.09,-122.4010296,37.608795,8.0,3.1,mid
552971.38,4161929.09,-122.3998871,37.6029214,8.0,4.7,mid
551570.38,4163106.09,-122.4156753,37.6136094,8.0,7.5,mid
551448.38,4162776.09,-122.4170808,37.610642,8.0,5.0,mid
551870.38,4161452.09,-122.4123936,37.598685,8.0,4.7,mid
552631.38,4161736.09,-122.4037527,37.6012015,8.0,5.6,mid
551711.38,4162588.09,-122.4141144,37.6089327,8.0,7.8,mid
553043.38,4162991.09,-122.3989945,37.6124891,8.0,6.4,mid
551756.38,4161719.09,-122.4136661,37.6010979,8.0,4.8,mid
552897.38,4161780.09,-122.4007362,37.6015828,8.0,2.8,mid
552402.38,4163102.09,-122.406249,37.6135263,8.0,2.5,mid
552021.38,4162668.09,-122.4105966,37.6096363,8.0,2.4,mid
551473.38,4161365.09,-122.4168968,37.5979232,8.0,5.1,mid
551406.38,4162453.09,-122.4175793,37.6077331,8.0,3.7,mid
551235.38,4162200.09,-122.4195344,37.6054623,8.0,6.8,mid
552831.38,4162290.09,-122.401447,37.6061832,8.0,5.2,mid
552072.38,4162811.09,-122.4100086,37.6109223,8.0,2.5,mid
552465.38,4162519.09,-122.405577,37.6082681,8.0,5.7,mid
553036.38,4162654.09,-122.3990982,37.6094521,8.0,7.2,mid
551448.38,4161166.09,-122.417194,37.596131,8.0,3.7,mid
553102.38,4161598.09,-122.3984271,37.5999306,8.0,7.0,mid
553163.38,4162750.09,-122.3976524,37.61031,8.0,5.7,mid
552973.38,4161871.09,-122.3998687,37.6023986,8.0,5.4,mid
551682.38,4162241.09,-122.4144675,37.6058069,8.0,2.7,mid
551724.38,4161125.09,-122.4140705,37.5957459,8.0,5.7,mid
553020.38,4162972.09,-122.3992564,37.6123192,8.0,4.4,mid
551991.38,4162192.09,-122.4109703,37.6053478,8.0,3.7,mid
552598.38,4162227.09,-122.4040912,37.6056287,8.0,6.9,mid
553125.38,4162002.09,-122.3981372,37.6035705,8.0,5.8,mid
552676.38,4161673.09,-122.4032474,37.6006311,8.0,6.5,mid
552710.38,4162780.09,-122.4027825,37.6106065,8.0,4.8,mid
552735.38,4161819.09,-122.4025686,37.6019436,8.0,8.2,mid
552923.38,4162858.09,-122.4003637,37.6112973,8.0,3.6,mid
551574.38,4162933.09,-122.4156422,37.6120499,8.0,3.5,mid
552734.38,4161388.09,-122.402611,37.598059,8.0,2.1,mid
552786.38,4161237.09,-122.4020328,37.5966951,8.0,5.6,mid
552102.38,4161158.09,-122.4097864,37.596022,8.0,7.0,mid
552748.38,4162246.09,-122.4023905,37.6057914,8.0,5.3,mid
551309.38,4161532.09,-122.4187429,37.5994375,8.0,5.1,mid
551894.38,4161135.09,-122.4121442,37.5958265,8.0,5.9,mid
551292.38,4162844.09,-122.4188434,37.6112636,8.0,7.7,mid
552936.38,4161384.09,-122.4003231,37.5980114,8.0,7.5,mid
551349.38,4162854.09,-122.418197,37.6113505,8.0,4.4,mid
551915.38,4162687.09,-122.4117962,37.6098135,8.0,3.8,mid
553047.38,4161390.09,-122.3990652,37.598059,8.0,6.6,mid
552253.38,4162956.09,-122.4079476,37.6122189,8.0,2.2,mid
552969.38,4161878.09,-122.3999135,37.6024619,8.0,6.7,mid
551782.38,4162896.09,-122.4132882,37.6117048,8.0,2.4,mid
552211.38,4162697.09,-122.4084419,37.6098869,8.0,5.8,mid
551713.38,4162280.09,-122.4141135,37.6061566,8.0,4.8,mid
552857.38,4162791.09,-122.4011163,37.6106972,8.0,6.9,mid
552560.38,4161910.09,-122.4045445,37.6027738,8.0,7.4,mid
553034.38,4163003.09,-122.3990956,37.6125978,8.0,5.8,mid
551913.38,4161517.09,-122.4119019,37.5992684,8.0,4.5,mid
551923.38,4162324.09,-122.4117313,37.6065414,7.9,6.3,mid
552245.38,4161669.09,-122.4081301,37.6006196,7.9,3.9,mid
552494.38,4161356.09,-122.4053319,37.5977843,7.9,5.0,mid
551386.38,4161647.09,-122.4178625,37.6004697,7.9,7.9,mid
553074.38,4161929.09,-122.3987203,37.6029155,7.9,2.9,mid
553177.38,4161647.09,-122.397574,37.6003679,7.9,8.1,mid
551779.38,4161930.09,-122.4133906,37.6029983,7.9,3.3,mid
552471.38,4161117.09,-122.4056096,37.5956315,7.9,3.3,mid
552761.38,4161685.09,-122.4022837,37.6007343,7.9,3.1,mid
552882.38,4163089.09,-122.4008115,37.6133817,7.9,3.8,mid
552616.38,4162794.09,-122.4038465,37.6107381,7.9,5.7,mid
553057.38,4162327.09,-122.398884,37.6065037,7.9,4.7,mid
552673.38,4161271.09,-122.4033104,37.597008,7.9,5.6,mid
552614.38,4161298.09,-122.4039768,37.5972547,7.9,3.6,mid
552482.38,4163070.09,-122.4053449,37.6132333,7.9,4.2,mid
551331.38,4161872.09,-122.4184698,37.6025007,7.9,3.9,mid
552721.38,4161284.09,-122.4027657,37.5971224,7.9,4.7,mid
553029.38,4161871.09,-122.3992343,37.6023953,7.9,2.4,mid
552377.38,4162941.09,-122.4065438,37.6120766,7.9,3.2,mid
551363.38,4161511.09,-122.4181326,37.5992452,7.9,4.1,mid
552978.38,4161865.09,-122.3998125,37.6023442,7.9,8.0,mid
553119.38,4162039.09,-122.3982025,37.6039043,7.9,2.1,mid
551334.38,4161516.09,-122.4184608,37.5992919,7.9,3.7,mid
551616.38,4161833.09,-122.415244,37.6021332,7.9,7.3,mid
553195.38,4161406.09,-122.3973876,37.5981947,7.9,5.4,mid
553178.38,4161130.09,-122.3976002,37.5957081,7.9,3.8,mid
552612.38,4162296.09,-122.4039276,37.6062498,7.9,5.2,mid
553161.38,4162388.09,-122.3977014,37.6070474,7.9,8.1,mid
553178.38,4161170.09,-122.3975973,37.5960686,7.9,5.6,mid
551659.38,4162944.09,-122.4146784,37.6121443,7.9,4.1,mid
552022.38,4162961.09,-122.4105644,37.6122771,7.9,2.1,mid
552446.38,4162169.09,-122.4058174,37.6051147,7.9,5.4,mid
552575.38,4162852.09,-122.4043068,37.6112632,7.9,5.9,mid
552001.38,4161729.09,-122.4108899,37.6011742,7.9,5.2,mid
552435.38,4162765.09,-122.4058992,37.610487,7.9,3.9,mid
552932.38,4161562.09,-122.4003555,37.5996159,7.9,4.1,mid
551914.38,4161512.09,-122.4118909,37.5992233,7.9,8.7,mid
552398.38,4162716.09,-122.4063219,37.6100475,7.9,4.2,mid
552437.38,4162776.09,-122.4058758,37.6105861,7.9,3.0,mid
551460.38,4162706.09,-122.4169498,37.6100104,7.9,5.2,mid
552863.38,4161802.09,-122.4011198,37.601783,7.9,7.5,mid
552405.38,4162740.09,-122.4062409,37.6102634,7.9,4.4,mid
551297.38,4161708.09,-122.4188665,37.6010245,7.9,3.1,mid
553010.38,4162926.09,-122.3993731,37.6119052,7.9,5.2,mid
552536.38,4162074.09,-122.4048046,37.6042533,7.9,7.5,mid
553171.38,4161233.09,-122.397672,37.5966368,7.9,6.3,mid
552549.38,4161340.09,-122.40471,37.597637,7.9,6.9,mid
552850.38,4161339.09,-122.4013005,37.5976107,7.9,3.8,mid
553016.38,4161274.09,-122.3994248,37.5970153,7.9,8.1,mid
551450.38,4162921.09,-122.4170479,37.6119487,7.9,8.4,mid
552035.38,4162809.09,-122.410428,37.6109063,7.9,7.3,mid
552075.38,4162523.09,-122.4099951,37.6083264,7.9,4.6,mid
553178.38,4161151.09,-122.3975987,37.5958974,7.9,4.9,mid
551484.38,4161411.09,-122.416769,37.5983371,7.9,4.5,mid
551881.38,4162556.09,-122.4121907,37.6086348,7.9,7.1,mid
551344.38,4162141.09,-122.4183037,37.6049245,7.9,6.4,mid
553148.38,4161170.09,-122.3979371,37.5960703,7.9,3.9,mid
552229.38,4162467.09,-122.4082544,37.6078129,7.9,2.0,mid
551451.38,4162947.09,-122.4170348,37.612183,7.9,5.4,mid
552104.38,4162992.09,-122.4096332,37.6125518,7.9,7.3,mid
552927.38,4162488.09,-122.4003451,37.6079622,7.9,5.6,mid
552229.38,4161144.09,-122.4083489,37.5958887,7.8,6.5,mid
553141.38,4163100.09,-122.3978762,37.6134659,7.8,3.1,mid
552144.38,4161957.09,-122.4092538,37.6032211,7.8,4.6,mid
553226.38,4162436.09,-122.3969615,37.6074763,7.8,9.0,mid
553019.38,4161923.09,-122.3993438,37.6028646,7.8,3.8,mid
552124.38,4161186.09,-122.4095352,37.5962732,7.8,5.9,mid
552173.38,4162861.09,-122.4088607,37.6113672,7.8,4.9,mid
553080.38,4162829.09,-122.398587,37.6110269,7.8,4.5,mid
551597.38,4162464.09,-122.4154147,37.6078215,7.8,7.2,mid
551213.38,4162474.09,-122.4197644,37.6079331,7.8,5.7,mid
552332.38,4162251.09,-122.407103,37.6058602,7.8,4.3,mid
552127.38,4163141.09,-122.409362,37.6138935,7.8,5.8,mid
553210.38,4161290.09,-122.3972261,37.5971483,7.8,6.8,mid
553153.38,4161974.09,-122.3978221,37.6033165,7.8,2.3,mid
552815.38,4161949.09,-122.4016529,37.6031107,7.8,6.3,mid
553172.38,4161919.09,-122.3976108,37.6028197,7.8,3.5,mid
551693.38,4163023.09,-122.4142876,37.6128544,7.8,6.5,mid
552847.38,4161786.09,-122.4013022,37.6016397,7.8,6.1,mid
553221.38,4162658.09,-122.397002,37.6094775,7.8,4.9,mid
551626.38,4161565.09,-122.4151496,37.5997172,7.8,4.7,mid
552327.38,4162915.09,-122.4071121,37.6118451,7.8,5.2,mid
552966.38,4161321.09,-122.3999878,37.5974418,7.8,5.4,mid
552456.38,4162258.09,-122.4056977,37.6059162,7.8,6.3,mid
551689.38,4163031.09,-122.4143323,37.6129268,7.8,4.7,mid
552542.38,4161613.09,-122.4047697,37.6000979,7.8,2.5,mid
552778.38,4162208.09,-122.4020534,37.6054472,7.8,5.1,mid
553031.38,4161234.09,-122.3992578,37.5966539,7.8,4.4,mid
553043.38,4161402.09,-122.3991097,37.5981674,7.8,5.4,mid
551915.38,4161610.09,-122.4118726,37.6001065,7.8,5.5,mid
552263.38,4161584.09,-122.4079323,37.5998525,7.8,4.8,mid
552686.38,4161294.09,-122.4031615,37.5972145,7.8,4.3,mid
552474.38,4161819.09,-122.4055253,37.6019585,7.8,5.4,mid
552850.38,4161780.09,-122.4012686,37.6015855,7.8,8.2,mid
552138.38,4161128.09,-122.4093808,37.5957496,7.8,6.2,mid
551655.38,4162738.09,-122.4147382,37.6102879,7.8,8.3,mid
552293.38,4161604.09,-122.407591,37.600031,7.8,6.2,mid
552662.38,4161611.09,-122.4034105,37.600073,7.8,3.8,mid
552170.38,4162140.09,-122.4089462,37.604869,7.8,5.3,mid
552986.38,4161840.09,-122.3997236,37.6021184,7.8,3.2,mid
552008.38,4162567.09,-122.4107511,37.6087267,7.8,5.2,mid
552804.38,4162188.09,-122.4017603,37.6052654,7.8,5.7,mid
551468.38,4161972.09,-122.4169108,37.6033944,7.8,3.2,mid
552703.38,4161471.09,-122.4029561,37.5988089,7.8,4.7,mid
552334.38,4162970.09,-122.4070289,37.6123405,7.8,3.0,mid
552596.38,4162540.09,-122.4040914,37.6084499,7.8,4.9,mid
553084.38,4161913.09,-122.3986082,37.6027707,7.8,2.5,mid
553142.38,4162105.09,-122.3979372,37.6044979,7.8,3.4,mid
551562.38,4162755.09,-122.4157907,37.6104463,7.8,2.3,mid
552326.38,4162251.09,-122.4071709,37.6058606,7.8,4.4,mid
551632.38,4162832.09,-122.4149922,37.6111364,7.8,7.5,mid
551568.38,4161153.09,-122.4158356,37.5960071,7.8,6.8,mid
552895.38,4162527.09,-122.4007048,37.6083156,7.8,6.5,mid
553212.38,4161632.09,-122.3971786,37.6002307,7.8,7.5,mid
551507.38,4162286.09,-122.4164469,37.6062223,7.8,7.2,mid
553045.38,4161764.09,-122.3990608,37.60143,7.8,3.5,mid
552046.38,4163128.09,-122.4102806,37.6137809,7.8,4.4,mid
551498.38,4161581.09,-122.4165984,37.5998686,7.8,2.9,mid
551803.38,4162713.09,-122.4130632,37.6100542,7.8,5.0,mid
553185.38,4162076.09,-122.3974522,37.604234,7.8,3.7,mid
552787.38,4161857.09,-122.4019768,37.6022831,7.8,6.0,mid
553122.38,4161547.09,-122.3982043,37.5994698,7.8,7.1,mid
552139.38,4161224.09,-122.4093626,37.5966148,7.8,7.5,mid
551499.38,4161152.09,-122.4166173,37.5960019,7.8,5.0,mid
551882.38,4161556.09,-122.4122503,37.5996217,7.8,3.9,mid
552526.38,4162252.09,-122.4049051,37.6058582,7.8,5.4,mid
552879.38,4162049.09,-122.4009207,37.6040083,7.7,9.3,mid
552580.38,4162367.09,-122.4042851,37.6068916,7.7,5.8,mid
552983.38,4161897.09,-122.3997535,37.6026323,7.7,3.1,mid
551879.38,4162959.09,-122.4121847,37.6122671,7.7,4.6,mid
552590.38,4163090.09,-122.4041198,37.6134074,7.7,2.0,mid
551826.38,4162548.09,-122.4128143,37.6085658,7.7,3.1,mid
552092.38,4163031.09,-122.4097663,37.612904,7.7,3.0,mid
552559.38,4161628.09,-122.4045761,37.6002322,7.7,2.5,mid
551285.38,4162872.09,-122.4189208,37.6115163,7.7,7.1,mid
552141.38,4161230.09,-122.4093395,37.5966688,7.7,5.2,mid
552795.38,4161801.09,-122.4018902,37.6017779,7.7,2.2,mid
551491.38,4161897.09,-122.4166555,37.6027171,7.7,3.4,mid
553048.38,4162932.09,-122.3989421,37.611957,7.7,3.9,mid
551682.38,4162902.09,-122.4144208,37.6117645,7.7,4.8,mid
551714.38,4161533.09,-122.414155,37.5994238,7.7,4.2,mid
552723.38,4161443.09,-122.4027316,37.5985554,7.7,4.7,mid
553149.38,4161655.09,-122.3978906,37.6004416,7.7,6.1,mid
551705.38,4162868.09,-122.4141626,37.6114567,7.7,5.3,mid
552911.38,4163067.09,-122.4004845,37.6131817,7.7,3.9,mid
552124.38,4162035.09,-122.4094748,37.6039252,7.7,5.1,mid
552975.38,4162486.09,-122.3998015,37.6079415,7.7,3.4,mid
552612.38,4161628.09,-122.4039757,37.6002291,7.7,7.3,mid
552543.38,4162983.09,-122.40466,37.6124457,7.7,4.4,mid
551972.38,4161611.09,-122.4112268,37.6001123,7.7,5.2,mid
552832.38,4162963.09,-122.4013871,37.6122489,7.7,5.3,mid
551657.38,4163060.09,-122.4146928,37.6131899,7.7,6.0,mid
553050.38,4162574.09,-122.3989454,37.6087303,7.7,3.4,mid
551908.38,4161620.09,-122.4119512,37.600197,7.7,7.0,mid
552826.38,4163129.09,-122.4014431,37.6137454,7.7,2.2,mid
553097.38,4162544.09,-122.3984151,37.6084572,7.7,8.5,mid
551852.38,4163094.09,-122.4124811,37.6134854,7.7,4.8,mid
551533.38,4162059.09,-122.4161683,37.6041748,7.7,3.4,mid
553033.38,4161406.09,-122.3992227,37.5982041,7.7,6.7,mid
552896.38,4161221.09,-122.4007879,37.5965445,7.7,4.0,mid
553229.38,4161193.09,-122.3970179,37.596273,7.7,6.2,mid
552859.38,4161118.09,-122.4012145,37.5956183,7.7,6.0,mid
553209.38,4161995.09,-122.3971862,37.6035026,7.7,5.4,mid
553103.38,4161432.09,-122.3984278,37.5984344,7.7,5.1,mid
551428.38,4162225.09,-122.4173461,37.6056769,7.7,4.5,mid
552737.38,4161717.09,-122.4025533,37.6010241,7.7,4.0,mid
552920.38,4163132.09,-122.4003778,37.613767,7.7,5.1,mid
553093.38,4162262.09,-122.3984809,37.6059157,7.7,5.9,mid
551479.38,4161338.09,-122.4168308,37.5976795,7.7,5.5,mid
552685.38,4161233.09,-122.4031772,37.5966648,7.7,5.4,mid
552162.38,4162637.09,-122.4090014,37.6093489,7.7,3.6,mid
552446.38,4161774.09,-122.4058457,37.6015545,7.7,2.1,mid
553224.38,4162985.09,-122.3969442,37.6124246,7.7,2.5,mid
552296.38,4162833.09,-122.4074692,37.6111078,7.7,2.1,mid
553036.38,4163024.09,-122.3990714,37.6127869,7.7,5.9,mid
553143.38,4161548.09,-122.3979663,37.5994776,7.7,6.5,mid
552392.38,4163074.09,-122.4063643,37.6132745,7.7,3.4,mid
551429.38,4161932.09,-122.4173554,37.603036,7.7,7.0,mid
551261.38,4161949.09,-122.4192574,37.6031986,7.7,7.8,mid
552539.38,4162484.09,-122.4047412,37.6079485,7.7,2.1,mid
551429.38,4162007.09,-122.4173501,37.603712,7.7,6.0,mid
552548.38,4161990.09,-122.4046747,37.6034955,7.7,4.8,mid
553010.38,4161777.09,-122.3994563,37.6015492,7.7,3.5,mid
551626.38,4161560.09,-122.4151499,37.5996721,7.7,6.4,mid
552407.38,4161522.09,-122.4063055,37.5992855,7.7,8.3,mid
551280.38,4161141.09,-122.4190988,37.595915,7.7,3.5,mid
552790.38,4161760.09,-122.4019498,37.6014087,7.7,5.7,mid
551690.38,4163090.09,-122.4143168,37.6134585,7.7,2.5,mid
553012.38,4161280.09,-122.3994697,37.5970696,7.7,3.6,mid
551893.38,4162521.09,-122.4120572,37.6083186,7.7,6.3,mid
552659.38,4162809.09,-122.4033582,37.6108708,7.7,2.1,mid
552585.38,4162601.09,-122.4042116,37.6090003,7.6,4.8,mid
551614.38,4162909.09,-122.4151907,37.6118314,7.6,10.0,mid
552509.38,4161462.09,-122.4051544,37.5987389,7.6,7.6,mid
553155.38,4163031.09,-122.3977226,37.6128432,7.6,3.4,mid
551324.38,4161506.09,-122.4185748,37.5992023,7.6,4.4,mid
552100.38,4161180.09,-122.4098075,37.5962204,7.6,7.1,mid
551580.38,4162631.09,-122.4155955,37.6093277,7.6,4.8,mid
551644.38,4161448.09,-122.4149539,37.5986617,7.6,4.7,mid
551402.38,4162440.09,-122.4176256,37.6076161,7.6,9.4,mid
552069.38,4162483.09,-122.410066,37.6079662,7.6,5.9,mid
553060.38,4162256.09,-122.3988552,37.6058636,7.6,4.5,mid
552497.38,4162456.09,-122.405219,37.6076985,7.6,2.3,mid
552379.38,4162287.09,-122.4065679,37.606182,7.6,5.8,mid
553083.38,4163008.09,-122.39854,37.61264,7.6,6.2,mid
551473.38,4162171.09,-122.4168401,37.6051877,7.6,4.4,mid
553191.38,4162969.09,-122.3973192,37.6122823,7.6,4.3,mid
551882.38,4162674.09,-122.412171,37.6096982,7.6,2.3,mid
551608.38,4163025.09,-122.4152505,37.6128772,7.6,5.4,mid
553189.38,4162577.09,-122.3973704,37.6087493,7.6,2.5,mid
551299.38,4162846.09,-122.418764,37.6112812,7.6,5.3,mid
552903.38,4162267.09,-122.400633,37.6059718,7.6,4.4,mid
552828.38,4163065.09,-122.401425,37.6131684,7.6,6.1,mid
552172.38,4163083.09,-122.4088562,37.6133681,7.6,2.0,mid
551388.38,4161818.09,-122.4178279,37.6020108,7.6,4.4,mid
553098.38,4161607.09,-122.3984718,37.6000119,7.6,6.8,mid
551360.38,4161368.09,-122.4181767,37.5979565,7.6,7.2,mid
552631.38,4161114.09,-122.4037974,37.5955953,7.6,4.3,mid
552148.38,4161158.09,-122.4092654,37.5960194,7.6,6.5,mid
553204.38,4161736.09,-122.3972616,37.6011685,7.6,7.4,mid
552738.38,4161810.09,-122.4025352,37.6018623,7.6,5.0,mid
552142.38,4161337.09,-122.4093206,37.5976331,7.6,5.5,mid
552859.38,4162707.09,-122.4010997,37.60994,7.6,5.3,mid
551457.38,4162947.09,-122.4169668,37.6121827,7.6,5.4,mid
553119.38,4163080.09,-122.3981269,37.6132869,7.6,5.8,mid
551637.38,4161554.09,-122.4150257,37.5996174,7.6,6.2,mid
552961.38,4161827.09,-122.4000078,37.6020027,7.6,2.8,mid
553178.38,4161993.09,-122.3975375,37.6034863,7.6,1.9,mid
552972.38,4161234.09,-122.3999261,37.5966573,7.6,3.5,mid
551586.38,4162910.09,-122.4155079,37.611842,7.6,6.0,mid
552999.38,4161473.09,-122.399603,37.5988099,7.6,5.5,mid
552662.38,4162527.09,-122.4033446,37.608329,7.6,5.1,mid
552861.38,4161621.09,-122.4011555,37.6001518,7.6,5.1,mid
552063.38,4162323.09,-122.4101453,37.6065244,7.6,4.1,mid
552778.38,4161995.09,-122.4020688,37.6035274,7.6,2.9,mid
551605.38,4162708.09,-122.4153068,37.6100203,7.6,4.8,mid
552256.38,4162355.09,-122.4079565,37.6068019,7.6,5.5,mid
552294.38,4162697.09,-122.4075016,37.6098822,7.6,5.2,mid
551724.38,4162263.09,-122.4139901,37.6060028,7.6,6.2,mid
553076.38,4161764.09,-122.3987096,37.6014282,7.6,3.8,mid
552380.38,4162452.09,-122.4065448,37.6076691,7.6,5.5,mid
552326.38,4162256.09,-122.4071706,37.6059056,7.6,6.6,mid
551329.38,4162111.09,-122.4184757,37.6046549,7.6,6.7,mid
551325.38,4162580.09,-122.4184881,37.6088823,7.6,4.1,mid
552669.38,4161280.09,-122.403355,37.5970893,7.6,5.9,mid
553163.38,4161391.09,-122.3977512,37.5980614,7.6,7.1,mid
552857.38,4161789.09,-122.4011887,37.6016662,7.6,3.2,mid
551251.38,4163123.09,-122.4192884,37.6137805,7.6,3.0,mid
551440.38,4162712.09,-122.4171759,37.6100656,7.6,5.4,mid
551449.38,4162715.09,-122.4170738,37.6100921,7.6,4.7,mid
551802.38,4161247.09,-122.4131784,37.5968411,7.6,5.6,mid
553063.38,4162533.09,-122.3988011,37.60836,7.6,5.1,mid
552468.38,4161194.09,-122.405638,37.5963257,7.6,6.3,mid
551649.38,4162810.09,-122.4148011,37.6109371,7.6,4.7,mid
551538.38,4162694.09,-122.4160669,37.6098978,7.6,4.6,mid
552594.38,4161314.09,-122.4042022,37.5974001,7.6,2.7,mid
552032.38,4162525.09,-122.4104821,37.6083468,7.6,4.4,mid
553139.38,4161811.09,-122.3979925,37.6018482,7.6,3.6,mid
551947.38,4161589.09,-122.4115116,37.5999154,7.5,4.2,mid
552666.38,4161504.09,-122.4033729,37.5991084,7.5,5.1,mid
552851.38,4162799.09,-122.4011837,37.6107697,7.5,3.5,mid
551501.38,4161382.09,-122.4165785,37.5980748,7.5,3.2,mid
551681.38,4161984.09,-122.4144969,37.6034906,7.5,7.6,mid
551587.38,4162648.09,-122.415515,37.6094805,7.5,4.3,mid
553084.38,4162271.09,-122.3985822,37.6059974,7.5,5.0,mid
551623.38,4162303.09,-122.4151315,37.606369,7.5,7.2,mid
551220.38,4162480.09,-122.4196847,37.6079868,7.5,5.5,mid
551665.38,4163124.09,-122.4145977,37.6137663,7.5,2.3,mid
551232.38,4161410.09,-122.4196237,37.5983422,7.5,5.3,mid
551569.38,4162331.09,-122.4157413,37.6066244,7.5,5.1,mid
552793.38,4163109.09,-122.4018184,37.613567,7.5,2.3,mid
552452.38,4161367.09,-122.4058069,37.5978859,7.5,5.4,mid
553037.38,4161391.09,-122.3991784,37.5980686,7.5,6.3,mid
552841.38,4162840.09,-122.401294,37.6111398,7.5,3.0,mid
551633.38,4162799.09,-122.4149832,37.6108389,7.5,2.3,mid
551343.38,4162081.09,-122.4183192,37.6043838,7.5,4.2,mid
552918.38,4162183.09,-122.4004692,37.6052138,7.5,5.2,mid
552716.38,4161952.09,-122.4027742,37.6031434,7.5,3.7,mid
551562.38,4163038.09,-122.4157707,37.612997,7.5,4.2,mid
551776.38,4161863.09,-122.4134293,37.6023946,7.5,4.3,mid
552133.38,4163140.09,-122.409294,37.6138841,7.5,3.4,mid
551416.38,4161129.09,-122.4175591,37.5957993,7.5,5.0,mid
553029.38,4163013.09,-122.3991515,37.6126882,7.5,8.3,mid
552028.38,4162516.09,-122.4105281,37.6082659,7.5,4.1,mid
552970.38,4162493.09,-122.3998576,37.6080048,7.5,4.3,mid
551332.38,4161126.09,-122.4185108,37.5957769,7.5,7.0,mid
552569.38,4162549.09,-122.4043966,37.6085326,7.5,6.5,mid
552453.38,4162213.09,-122.4057349,37.6055108,7.5,2.3,mid
551650.38,4162462.09,-122.4148144,37.6078005,7.5,2.7,mid
551837.38,4162590.09,-122.4126867,37.6089437,7.5,2.2,mid
552434.38,4162098.09,-122.4059584,37.6044754,7.5,3.1,mid
551636.38,4161136.09,-122.4150666,37.59585,7.5,4.7,mid
552877.38,4162090.09,-122.4009404,37.6043779,7.5,3.6,mid
551270.38,4162805.09,-122.4190954,37.6109133,7.5,4.8,mid
552866.38,4162966.09,-122.4010017,37.612274,7.5,4.5,mid
551929.38,4162844.09,-122.4116264,37.6112278,7.5,3.7,mid
551789.38,4161326.09,-122.41332,37.5975539,7.5,3.3,mid
552015.38,4163014.09,-122.41064,37.6127551,7.5,3.1,mid
552631.38,4161102.09,-122.4037983,37.5954872,7.5,4.5,mid
552712.38,4161240.09,-122.4028708,37.5967264,7.5,4.5,mid
551583.38,4161396.09,-122.4156486,37.5981964,7.5,4.7,mid
552667.38,4161667.09,-122.4033498,37.6005775,7.5,6.4,mid
552008.38,4162472.09,-122.4107578,37.6078705,7.5,2.3,mid
551381.38,4162029.09,-122.4178924,37.603913,7.5,6.2,mid
552783.38,4162573.09,-122.4019704,37.6087366,7.5,5.0,mid
552147.38,4161596.09,-122.4092455,37.5999672,7.5,4.5,mid
551927.38,4162456.09,-122.4116766,37.6077309,7.5,4.0,mid
553002.38,4161293.09,-122.399582,37.5971874,7.5,6.5,mid
551785.38,4162682.09,-122.4132694,37.6097758,7.5,7.8,mid
552526.38,4162538.09,-122.4048846,37.6084359,7.5,6.1,mid
552974.38,4161304.09,-122.3998984,37.5972881,7.5,4.6,mid
552358.38,4161594.09,-122.4068554,37.5999372,7.5,5.1,mid
551825.38,4162983.09,-122.4127949,37.6124865,7.5,5.6,mid
551256.38,4161164.09,-122.419369,37.5961237,7.5,10.8,mid
552742.38,4161619.09,-122.4025037,37.6001406,7.5,4.4,mid
551263.38,4161518.09,-122.4192649,37.5993139,7.5,7.2,mid
553102.38,4161451.09,-122.3984378,37.5986057,7.5,5.3,mid
551714.38,4161542.09,-122.4141543,37.5995049,7.5,5.0,mid
552533.38,4161978.09,-122.4048455,37.6033882,7.5,3.1,mid
552824.38,4162104.09,-122.4015398,37.6045072,7.5,4.0,mid
552949.38,4161965.09,-122.4001337,37.6032472,7.5,3.7,mid
552285.38,4162418.09,-122.4076235,37.6073681,7.5,2.3,mid
551384.38,4163053.09,-122.4177864,37.6131421,7.5,8.2,mid
552589.38,4162483.09,-122.4041748,37.6079366,7.5,7.0,mid
552482.38,4163122.09,-122.4053411,37.613702,7.5,6.6,mid
552625.38,4161531.09,-122.4038354,37.5993541,7.5,5.2,mid
551422.38,4162085.09,-122.4174239,37.6044154,7.5,4.5,mid
553119.38,4161996.09,-122.3982057,37.6035168,7.5,4.9,mid
552707.38,4161446.09,-122.4029126,37.5985833,7.5,4.5,mid
551464.38,4161206.09,-122.41701,37.5964906,7.5,5.1,mid
551884.38,4161815.09,-122.4122092,37.6019559,7.5,5.5,mid
552543.38,4162823.09,-122.4046715,37.6110036,7.5,3.7,mid
553190.38,4162101.09,-122.3973937,37.604459,7.5,3.5,mid
552742.38,4162920.09,-122.4024099,37.6118665,7.5,6.1,mid
552421.38,4163053.09,-122.4060372,37.6130836,7.5,6.1,mid
552437.38,4161298.09,-122.4059817,37.5972648,7.4,7.1,mid
552169.38,4162613.09,-122.4089238,37.6091322,7.4,5.3,mid
552827.38,4161861.09,-122.4015233,37.6023168,7.4,4.8,mid
553054.38,4162252.09,-122.3989234,37.6058279,7.4,2.8,mid
552009.38,4162635.09,-122.4107349,37.6093396,7.4,2.2,mid
551837.38,4162659.09,-122.4126819,37.6095656,7.4,6.2,mid
552890.38,4162036.09,-122.400797,37.6038905,7.4,9.8,mid
551598.38,4162429.09,-122.4154058,37.607506,7.4,5.9,mid
551916.38,4161153.09,-122.4118937,37.5959875,7.4,6.1,mid
551668.38,4161175.09,-122.4147013,37.5961997,7.4,5.7,mid
553113.38,4161926.09,-122.3982787,37.6028862,7.4,3.7,mid
551915.38,4163120.09,-122.4117654,37.6137162,7.4,7.8,mid
552735.38,4162105.09,-122.402548,37.6045213,7.4,7.3,mid
552739.38,4162265.09,-122.4024911,37.6059631,7.4,5.9,mid
551275.38,4161261.09,-122.419147,37.5969969,7.4,3.9,mid
552359.38,4162742.09,-122.4067619,37.6102841,7.4,3.7,mid
551850.38,4162795.09,-122.4125249,37.6107906,7.4,5.2,mid
552130.38,4161585.09,-122.4094389,37.599869,7.4,5.7,mid
551882.38,4163032.09,-122.4121456,37.6129249,7.4,6.8,mid
552057.38,4161348.09,-122.4102827,37.5977371,7.4,7.4,mid
552736.38,4162209.09,-122.4025291,37.6054586,7.4,5.0,mid
551453.38,4162938.09,-122.4170127,37.6121018,7.4,5.5,mid
551871.38,4162630.09,-122.4122987,37.6093023,7.4,3.7,mid
552833.38,4162536.09,-122.4014066,37.6084003,7.4,5.4,mid
552818.38,4162792.09,-122.4015581,37.6107085,7.4,5.1,mid
551520.38,4161107.09,-122.4163826,37.5955952,7.4,5.6,mid
552305.38,4162504.09,-122.4073908,37.6081421,7.4,5.7,mid
551595.38,4162381.09,-122.4154432,37.6070736,7.4,5.6,mid
552880.38,4161915.09,-122.400919,37.6028005,7.4,2.4,mid
552124.38,4162595.09,-122.4094349,37.6089725,7.4,2.3,mid
553188.38,4162008.09,-122.3974231,37.6036209,7.4,5.2,mid
552109.38,4162114.09,-122.4096391,37.6046381,7.4,4.4,mid
551230.38,4161169.09,-122.4196632,37.5961702,7.4,3.8,mid
552151.38,4162307.09,-122.4091495,37.6063752,7.4,5.6,mid
553144.38,4162560.09,-122.3978815,37.6085987,7.4,5.3,mid
553015.38,4161770.09,-122.3994002,37.6014858,7.4,3.6,mid
552430.38,4161745.09,-122.406029,37.6012941,7.4,5.0,mid
552607.38,4161172.09,-122.4040651,37.5961195,7.4,4.5,mid
552931.38,4161799.09,-122.4003497,37.6017521,7.4,2.2,mid
552267.38,4162242.09,-122.40784,37.6057828,7.4,4.1,mid
552788.38,4162474.09,-122.4019209,37.6078441,7.4,5.2,mid
552600.38,4162098.09,-122.4040778,37.6044659,7.4,3.8,mid
552736.38,4161626.09,-122.4025711,37.600204,7.4,5.0,mid
551453.38,4161349.09,-122.4171245,37.5977801,7.4,6.6,mid
551453.38,4161329.09,-122.4171259,37.5975998,7.4,4.8,mid
553128.38,4162886.09,-122.3980391,37.6115378,7.4,9.0,mid
551802.38,4161494.09,-122.4131609,37.5990674,7.4,6.4,mid
552136.38,4162621.09,-122.4092971,37.6092062,7.4,4.9,mid
552132.38,4161960.09,-122.4093895,37.6032488,7.4,5.5,mid
551650.38,4163140.09,-122.4147665,37.6139114,7.4,6.5,mid
552647.38,4162406.09,-122.4035232,37.6072393,7.4,4.6,mid
551537.38,4162041.09,-122.4161242,37.6040124,7.4,3.2,mid
552136.38,4162308.09,-122.4093194,37.6063851,7.4,6.5,mid
551917.38,4162943.09,-122.4117553,37.6121208,7.4,7.7,mid
553045.38,4161883.09,-122.3990522,37.6025026,7.4,2.7,mid
552562.38,4162994.09,-122.4044439,37.6125438,7.4,3.4,mid
552074.38,4163127.09,-122.4099635,37.6137703,7.4,2.5,mid
551282.38,4162495.09,-122.4189812,37.6081186,7.4,2.8,mid
552479.38,4161799.09,-122.40547,37.601778,7.4,6.1,mid
552958.38,4161383.09,-122.4000739,37.5980011,7.4,5.3,mid
552487.38,4161804.09,-122.4053791,37.6018226,7.4,2.2,mid
551448.38,4162131.09,-122.4171262,37.6048285,7.4,5.0,mid
551867.38,4162536.09,-122.4123507,37.6084553,7.4,4.8,mid
551197.38,4161429.09,-122.4200188,37.5985154,7.4,3.2,mid
551262.38,4161157.09,-122.4193015,37.5960602,7.4,9.4,mid
552978.38,4162584.09,-122.3997604,37.6088246,7.3,5.0,mid
552154.38,4161420.09,-122.4091787,37.5983805,7.3,7.8,mid
552710.38,4162787.09,-122.402782,37.6106696,7.3,4.4,mid
552443.38,4162334.09,-122.4058395,37.606602,7.3,4.4,mid
551596.38,4162367.09,-122.4154329,37.6069473,7.3,5.3,mid
552602.38,4163097.09,-122.4039833,37.6134698,7.3,2.2,mid
552928.38,4161200.09,-122.400427,37.5963534,7.3,6.5,mid
553172.38,4162173.09,-122.3975924,37.605109,7.3,4.9,mid
552361.38,4162532.09,-122.4067543,37.6083912,7.3,10.1,mid
553096.38,4161433.09,-122.3985071,37.5984438,7.3,5.7,mid
551645.38,4161377.09,-122.4149476,37.5980217,7.3,4.2,mid
553227.38,4162028.09,-122.3969798,37.6037989,7.3,2.3,mid
552352.38,4162699.09,-122.4068443,37.6098969,7.3,4.8,mid
551893.38,4162883.09,-122.4120315,37.6115813,7.3,5.5,mid
551826.38,4161512.09,-122.4128877,37.5992282,7.3,5.5,mid
551785.38,4162667.09,-122.4132704,37.6096406,7.3,7.5,mid
552278.38,4161187.09,-122.4077908,37.5962734,7.3,6.0,mid
552853.38,4161802.09,-122.4012331,37.6017836,7.3,6.4,mid
551907.38,4163126.09,-122.4118556,37.6137707,7.3,5.6,mid
553003.38,4162677.09,-122.3994704,37.6096613,7.3,5.2,mid
552107.38,4161394.09,-122.409713,37.5981488,7.3,4.7,mid
551275.38,4162333.09,-122.4190719,37.6066588,7.3,4.1,mid
551370.38,4161444.09,-122.418058,37.5986409,7.3,3.1,mid
551575.38,4162593.09,-122.4156548,37.6089855,7.3,4.9,mid
551727.38,4162738.09,-122.4139225,37.6102838,7.3,3.9,mid
551981.38,4161551.09,-122.4111291,37.599571,7.3,5.9,mid
552557.38,4162993.09,-122.4045006,37.612535,7.3,4.1,mid
552711.38,4162192.09,-122.4028136,37.6053068,7.3,5.9,mid
552791.38,4161978.09,-122.4019227,37.6033734,7.3,4.6,mid
551892.38,4162747.09,-122.4120525,37.6103556,7.3,6.7,mid
553060.38,4162562.09,-122.398833,37.6086215,7.3,2.7,mid
553087.38,4161977.09,-122.3985695,37.6033474,7.3,5.9,mid
552111.38,4162973.09,-122.4095552,37.6123802,7.3,3.1,mid
552631.38,4162978.09,-122.4036633,37.6123956,7.3,3.2,mid
551909.38,4161119.09,-122.4119754,37.5956814,7.3,5.9,mid
551626.38,4162922.09,-122.4150538,37.6119479,7.3,6.0,mid
552450.38,4162704.09,-122.4057337,37.6099364,7.3,5.9,mid
551886.38,4162432.09,-122.4121428,37.6075169,7.3,4.9,mid
551650.38,4162595.09,-122.414805,37.6089993,7.3,4.1,mid
552858.38,4162477.09,-122.4011276,37.6078671,7.3,2.3,mid
551190.38,4162786.09,-122.4200031,37.6107465,7.3,1.4,mid
552692.38,4162135.09,-122.4030329,37.6047942,7.3,6.7,mid
552470.38,4163091.09,-122.4054793,37.6134233,7.3,4.5,mid
551560.38,4162621.09,-122.4158228,37.6092387,7.3,5.8,mid
553181.38,4162731.09,-122.3974498,37.6101377,7.3,3.7,mid
552689.38,4161286.09,-122.403128,37.5971423,7.3,5.3,mid
552127.38,4162706.09,-122.409393,37.6099728,7.3,2.3,mid
552533.38,4161314.09,-122.4048931,37.5974036,7.3,3.5,mid
552963.38,4162547.09,-122.399933,37.6084919,7.3,3.0,mid
551220.38,4162280.09,-122.4196987,37.6061842,7.3,3.2,mid
552697.38,4162588.09,-122.4029436,37.6088768,7.3,2.3,mid
552717.38,4162564.09,-122.4027188,37.6086593,7.3,5.3,mid
551293.38,4162562.09,-122.4188519,37.6087218,7.3,5.2,mid
551848.38,4161322.09,-122.412652,37.5975145,7.3,3.2,mid
551651.38,4162681.09,-122.4147876,37.6097743,7.3,4.8,mid
551919.38,4161584.09,-122.4118291,37.5998719,7.3,5.0,mid
552810.38,4161736.09,-122.4017249,37.6011912,7.3,5.2,mid
552274.38,4161178.09,-122.4078367,37.5961925,7.3,7.7,mid
552838.38,4163038.09,-122.4013137,37.6129245,7.3,5.4,mid
552294.38,4162997.09,-122.4074801,37.6125861,7.3,5.9,mid
551816.38,4162154.09,-122.4129556,37.6050152,7.3,5.1,mid
551554.38,4162004.09,-122.4159343,37.603678,7.3,3.8,mid
552727.38,4163133.09,-122.4025645,37.6137871,7.3,5.8,mid
552840.38,4162994.09,-122.4012942,37.6125278,7.3,4.8,mid
552521.38,4162515.09,-122.4049429,37.6082289,7.2,6.5,mid
551237.38,4161389.09,-122.4195685,37.5981526,7.2,4.0,mid
552547.38,4162427.09,-122.4046546,37.6074343,7.2,5.4,mid
552735.38,4162835.09,-122.4024953,37.6111008,7.2,3.7,mid
551370.38,4162181.09,-122.4180063,37.6052836,7.2,4.1,mid
552734.38,4162991.09,-122.4024954,37.6125069,7.2,2.3,mid
551455.38,4161340.09,-122.4171025,37.5976988,7.2,8.2,mid
552958.38,4161554.09,-122.4000615,37.5995423,7.2,9.5,mid
551541.38,4161874.09,-122.4160907,37.602507,7.2,4.4,mid
552583.38,4162528.09,-122.4042395,37.6083425,7.2,4.3,mid
552539.38,4161711.09,-122.4047967,37.6009814,7.2,3.4,mid
553191.38,4162035.09,-122.3973872,37.6038641,7.2,4.7,mid
552242.38,4163129.09,-122.4080599,37.6137788,7.2,5.2,mid
552245.38,4163032.09,-122.4080328,37.6129043,7.2,2.4,mid
553204.38,4161667.09,-122.3972667,37.6005466,7.2,4.1,mid
552934.38,4161248.09,-122.4003555,37.5967857,7.2,6.0,mid
551369.38,4161463.09,-122.418068,37.5988122,7.2,6.5,mid
552663.38,4161969.09,-122.4033734,37.6032997,7.2,6.2,mid
553134.38,4163051.09,-122.3979591,37.6130246,7.2,2.7,mid
552893.38,4162968.09,-122.4006956,37.6122904,7.2,5.6,mid
551853.38,4161242.09,-122.412601,37.5967932,7.2,5.0,mid
553123.38,4162110.09,-122.3981521,37.604544,7.2,2.1,mid
553069.38,4162699.09,-122.3987211,37.6098558,7.2,6.4,mid
552478.38,4161235.09,-122.4055218,37.5966947,7.2,3.6,mid
551880.38,4162913.09,-122.4121767,37.6118525,7.2,7.1,mid
553165.38,4161690.09,-122.3977068,37.6007561,7.2,4.5,mid
553197.38,4161330.09,-122.3973705,37.5975096,7.2,4.4,mid
551991.38,4161209.09,-122.4110402,37.596488,7.2,4.1,mid
551268.38,4162280.09,-122.4191549,37.6061815,7.2,2.1,mid
551943.38,4162604.09,-122.4114848,37.6090639,7.2,4.8,mid
553022.38,4161114.09,-122.3993684,37.5955729,7.2,4.0,mid
551931.38,4162682.09,-122.4116153,37.6097676,7.2,6.1,mid
553073.38,4161693.09,-122.3987487,37.6007885,7.2,5.2,mid
552810.38,4162260.09,-122.4016871,37.605914,7.2,7.3,mid
552217.38,4163102.09,-122.408345,37.6135368,7.2,5.2,mid
551507.38,4162009.09,-122.4164664,37.6037257,7.2,7.4,mid
551965.38,4162585.09,-122.4112369,37.6088914,7.2,4.7,mid
552037.38,4163124.09,-122.4103829,37.6137453,7.2,4.3,mid
551706.38,4161728.09,-122.4142318,37.6011818,7.2,8.1,mid
552821.38,4162999.09,-122.4015091,37.612574,7.2,4.9,mid
551499.38,4162252.09,-122.4165399,37.6059163,7.2,5.1,mid
551508.38,4163006.09,-122.4163848,37.6127116,7.2,6.5,mid
551241.38,4161701.09,-122.4195013,37.6009645,7.2,3.9,mid
552412.38,4162693.09,-122.406165,37.6098394,7.2,4.2,mid
552576.38,4162611.09,-122.4043128,37.609091,7.2,2.0,mid
552646.38,4162036.09,-122.4035612,37.6039045,7.2,4.5,mid
553030.38,4162590.09,-122.3991708,37.6088756,7.2,2.3,mid
551599.38,4163061.09,-122.4153499,37.6132022,7.2,6.7,mid
551196.38,4161858.09,-122.4200001,37.6023821,7.2,4.2,mid
551376.38,4161535.09,-122.4179837,37.5994608,7.2,5.1,mid
553076.38,4162224.09,-122.3986762,37.6055742,7.2,3.3,mid
552614.38,4162365.09,-122.4039,37.6068716,7.2,4.1,mid
551313.38,4162131.09,-122.4186555,37.6048361,7.2,4.3,mid
552261.38,4163098.09,-122.4078468,37.6134983,7.2,7.0,mid
552222.38,4162711.09,-122.4083163,37.6100125,7.2,2.0,mid
551717.38,4162122.09,-122.4140794,37.6047323,7.2,5.2,mid
551319.38,4161989.09,-122.4185975,37.6035559,7.2,2.4,mid
552407.38,4162666.09,-122.4062236,37.6095964,7.2,2.6,mid
552983.38,4162738.09,-122.3996926,37.6102123,7.2,2.3,mid
551988.38,4162539.09,-122.4109796,37.6084755,7.2,2.1,mid
552577.38,4162908.09,-122.4042802,37.6117678,7.2,4.7,mid
552895.38,4162297.09,-122.4007215,37.6062426,7.2,5.1,mid
553028.38,4163066.09,-122.399159,37.6131659,7.2,1.8,mid
551935.38,4162629.09,-122.4115737,37.6092897,7.2,5.0,mid
551659.38,4161783.09,-122.4147604,37.6016802,7.2,8.4,mid
552886.38,4161267.09,-122.4008979,37.5969597,7.2,6.2,mid
553112.38,4162570.09,-122.3982433,37.6086906,7.2,4.3,mid
551668.38,4162690.09,-122.4145943,37.6098545,7.2,5.5,mid
551445.38,4161412.09,-122.4172107,37.5983483,7.2,5.5,mid
552628.38,4162720.09,-122.4037159,37.6100704,7.2,4.5,mid
551206.38,4162457.09,-122.4198449,37.6077803,7.2,5.7,mid
551250.38,4161917.09,-122.4193842,37.6029108,7.2,3.9,mid
551599.38,4162892.09,-122.4153618,37.611679,7.2,4.1,mid
552358.38,4162556.09,-122.4067866,37.6086077,7.2,8.4,mid
552370.38,4161275.09,-122.4067423,37.5970613,7.2,4.4,mid
553086.38,4163106.09,-122.3984989,37.6135231,7.2,4.2,mid
551520.38,4161590.09,-122.4163486,37.5999485,7.2,5.0,mid
551750.38,4161310.09,-122.4137629,37.5974119,7.2,3.5,mid
552598.38,4161507.09,-122.404143,37.5991394,7.2,7.8,mid
551622.38,4162427.09,-122.4151341,37.6074867,7.1,2.4,mid
553053.38,4161558.09,-122.3989851,37.5995729,7.1,5.9,mid
552668.38,4162194.09,-122.4033006,37.6053273,7.1,3.7,mid
551900.38,4162787.09,-122.411959,37.6107157,7.1,2.9,mid
551394.38,4161805.09,-122.4177608,37.6018933,7.1,5.0,mid
552277.38,4161518.09,-122.4077784,37.5992568,7.1,5.5,mid
551978.38,4163102.09,-122.4110529,37.6135504,7.1,3.6,mid
553165.38,4162580.09,-122.3976421,37.6087777,7.1,5.2,mid
551770.38,4161805.09,-122.4135014,37.6018722,7.1,5.0,mid
553146.38,4163044.09,-122.3978236,37.6129608,7.1,4.1,mid
551262.38,4161363.09,-122.4192871,37.5979169,7.1,3.1,mid
552846.38,4162087.09,-122.4012918,37.6043527,7.1,9.2,mid
551637.38,4162842.09,-122.4149348,37.6112262,7.1,3.4,mid
553177.38,4163098.09,-122.3974685,37.6134458,7.1,5.3,mid
552603.38,4162340.09,-122.4040264,37.6066469,7.1,3.3,mid
551524.38,4161916.09,-122.4162803,37.6028865,7.1,5.5,mid
552352.38,4162568.09,-122.4068537,37.6087162,7.1,11.3,mid
551297.38,4162145.09,-122.4188358,37.6049632,7.1,5.3,mid
553015.38,4163013.09,-122.3993101,37.612689,7.1,3.5,mid
551788.38,4161131.09,-122.4133452,37.5957964,7.1,7.6,mid
552305.38,4162519.09,-122.4073897,37.6082772,7.1,3.9,mid
551405.38,4162811.09,-122.4175655,37.6109598,7.1,4.8,mid
552530.38,4162310.09,-122.4048556,37.6063807,7.1,7.4,mid
552039.38,4162343.09,-122.4104158,37.6067061,7.1,4.3,mid
551541.38,4162165.09,-122.4160702,37.6051298,7.1,5.0,mid
552523.38,4162042.09,-122.4049542,37.6039656,7.1,4.1,mid
551411.38,4161912.09,-122.4175607,37.6028568,7.1,5.5,mid
551856.38,4162631.09,-122.4124686,37.6093121,7.1,2.2,mid
552055.38,4162863.09,-122.4101975,37.6113919,7.1,5.8,mid
552718.38,4162386.09,-122.4027203,37.6070549,7.1,2.6,mid
552406.38,4162694.09,-122.4062329,37.6098488,7.1,3.8,mid
552963.38,4163063.09,-122.3998956,37.6131427,7.1,4.0,mid
552052.38,4162996.09,-122.410222,37.6125908,7.1,2.1,mid
552255.38,4161251.09,-122.4080467,37.5968516,7.1,6.8,mid
552464.38,4161822.09,-122.4056383,37.6019861,7.1,3.7,mid
551299.38,4161538.09,-122.4188557,37.5994921,7.1,3.3,mid
552041.38,4162455.09,-122.4103852,37.6077154,7.1,4.9,mid
552137.38,4161415.09,-122.4093717,37.5983364,7.1,5.0,mid
551471.38,4163034.09,-122.4168021,37.612966,7.1,6.0,mid
552257.38,4162366.09,-122.4079444,37.606901,7.1,4.2,mid
551326.38,4162152.09,-122.4185068,37.6050246,7.1,6.7,mid
551546.38,4161524.09,-122.4160587,37.5993521,7.1,2.8,mid
551589.38,4161733.09,-122.4155569,37.6012335,7.1,3.6,mid
552752.38,4162624.09,-122.4023179,37.6091981,7.1,2.0,mid
552861.38,4161753.09,-122.401146,37.6013415,7.1,2.6,mid
553215.38,4163089.09,-122.3970386,37.6133624,7.1,7.0,mid
551696.38,4161964.09,-122.4143284,37.6033095,7.1,5.0,mid
552089.38,4163140.09,-122.4097926,37.6138866,7.1,7.1,mid
552935.38,4162478.09,-122.4002552,37.6078717,7.1,5.2,mid
551591.38,4163068.09,-122.4154401,37.6132657,7.1,3.9,mid
552677.38,4161947.09,-122.4032164,37.6031006,7.1,6.4,mid
552201.38,4161143.09,-122.4086661,37.5958812,7.1,3.8,mid
552357.38,4162144.09,-122.4068274,37.6048944,7.1,4.6,mid
552641.38,4161649.09,-122.4036457,37.6004167,7.1,3.3,mid
552292.38,4162462.09,-122.407541,37.6077642,7.1,7.3,mid
553166.38,4161555.09,-122.3977053,37.5995393,7.1,2.6,mid
552920.38,4161102.09,-122.4005247,37.5954706,7.1,6.3,mid
552804.38,4162985.09,-122.4017027,37.6124488,7.1,4.5,mid
552164.38,4162899.09,-122.40896,37.6117102,7.1,7.0,mid
551198.38,4162555.09,-122.4199287,37.608664,7.1,5.4,mid
552139.38,4162646.09,-122.4092613,37.6094313,7.1,3.6,mid
551394.38,4162785.09,-122.417692,37.6107261,7.1,4.4,mid
552676.38,4162197.09,-122.4032097,37.6053539,7.1,3.7,mid
551232.38,4161992.09,-122.4195829,37.6035878,7.1,2.6,mid
552974.38,4161795.09,-122.3998628,37.6017135,7.1,6.1,mid
552909.38,4161658.09,-122.4006091,37.6004825,7.1,4.4,mid
552717.38,4162494.09,-122.4027238,37.6080284,7.1,2.9,mid
551303.38,4162238.09,-122.4187613,37.605801,7.1,3.8,mid
551591.38,4162475.09,-122.4154819,37.607921,7.1,7.0,mid
551270.38,4162099.09,-122.4191449,37.6045501,7.1,5.5,mid
552784.38,4162000.09,-122.4020004,37.6035721,7.1,4.1,mid
551856.38,4162830.09,-122.4124545,37.6111057,7.1,3.6,mid
551712.38,4162600.09,-122.4141022,37.6090408,7.1,2.0,mid
552907.38,4161415.09,-122.4006493,37.5982924,7.1,5.8,mid
553083.38,4162871.09,-122.39855,37.6114052,7.1,4.6,mid
553159.38,4162596.09,-122.3977089,37.6089223,7.1,5.4,mid
552795.38,4161911.09,-122.4018822,37.6027693,7.1,2.0,mid
553229.38,4161671.09,-122.3969832,37.6005812,7.1,6.2,mid
551512.38,4162940.09,-122.4163441,37.6121165,7.1,5.3,mid
552305.38,4162514.09,-122.40739,37.6082322,7.1,3.9,mid
551822.38,4161350.09,-122.4129445,37.5977684,7.1,2.8,mid
551337.38,4161332.09,-122.4184397,37.5976333,7.1,2.0,mid
552127.38,4162667.09,-122.4093957,37.6096213,7.1,5.6,mid
552703.38,4162973.09,-122.4028479,37.6123464,7.1,4.5,mid
552680.38,4162237.09,-122.4031615,37.6057142,7.1,5.1,mid
551218.38,4162630.09,-122.4196968,37.6093389,7.1,2.2,mid
553166.38,4162266.09,-122.3976536,37.6059476,7.1,3.4,mid
551270.38,4162167.09,-122.4191402,37.605163,7.1,4.8,mid
551983.38,4161323.09,-122.4111227,37.5975159,7.1,5.1,mid
553019.38,4162960.09,-122.3992686,37.6122111,7.1,3.9,mid
553112.38,4161277.09,-122.3983371,37.5970368,7.1,6.1,mid
552130.38,4162531.09,-122.4093714,37.6083953,7.0,4.3,mid
553025.38,4162586.09,-122.3992278,37.6088399,7.0,3.8,mid
552389.38,4161768.09,-122.4064918,37.6015037,7.0,3.7,mid
551751.38,4162142.09,-122.4136928,37.6049107,7.0,5.1,mid
551714.38,4162852.09,-122.4140617,37.611312,7.0,3.6,mid
552192.38,4162097.09,-122.4087,37.6044802,7.0,5.4,mid
552949.38,4163086.09,-122.4000526,37.6133508,7.0,3.4,mid
552672.38,4161166.09,-122.4033293,37.5960617,7.0,4.3,mid
552274.38,4163070.09,-122.4077015,37.6132452,7.0,9.5,mid
552620.38,4162447.09,-122.4038261,37.6076103,7.0,3.6,mid
551793.38,4162432.09,-122.4131964,37.6075221,7.0,8.2,mid
551844.38,4162823.09,-122.4125909,37.6110433,7.0,3.0,mid
551805.38,4161783.09,-122.4131064,37.601672,7.0,5.0,mid
551792.38,4162753.09,-122.413185,37.6104153,7.0,4.8,mid
552102.38,4163000.09,-122.4096553,37.612624,7.0,4.4,mid
552071.38,4161634.09,-122.4101037,37.600314,7.0,5.1,mid
552617.38,4161956.09,-122.4038955,37.6031851,7.0,3.5,mid
551328.38,4162560.09,-122.4184555,37.6087018,7.0,5.5,mid
552936.38,4161613.09,-122.4003065,37.6000753,7.0,9.7,mid
552982.38,4161791.09,-122.3997725,37.601677,7.0,6.1,mid
552811.38,4162148.09,-122.4016839,37.6049045,7.0,5.6,mid
552048.38,4161431.09,-122.4103787,37.5984857,7.0,1.9,mid
551719.38,4162988.09,-122.4139955,37.6125375,7.0,6.1,mid
551519.38,4162907.09,-122.4162672,37.6118187,7.0,4.7,mid
552993.38,4161851.09,-122.3996436,37.6022172,7.0,2.0,mid
552581.38,4162474.09,-122.404266,37.6078559,7.0,6.5,mid
553135.38,4161853.09,-122.3980348,37.602227,7.0,5.0,mid
552794.38,4162064.09,-122.4018825,37.6041484,7.0,5.1,mid
551290.38,4162032.09,-122.418923,37.6039451,7.0,5.6,mid
552661.38,4161277.09,-122.4034459,37.5970628,7.0,3.9,mid
551339.38,4161117.09,-122.4184321,37.5956954,7.0,6.5,mid
552881.38,4162319.09,-122.4008785,37.6064417,7.0,5.8,mid
552040.38,4162733.09,-122.4103767,37.6102211,7.0,3.5,mid
551576.38,4162369.09,-122.4156593,37.6069665,7.0,4.3,mid
551217.38,4162549.09,-122.4197138,37.6086089,7.0,6.1,mid
552762.38,4163108.09,-122.4021697,37.6135598,7.0,4.5,mid
552596.38,4161655.09,-122.404155,37.6004734,7.0,3.6,mid
551925.38,4162897.09,-122.411668,37.6117057,7.0,2.4,mid
552755.38,4163037.09,-122.4022542,37.6129203,7.0,5.0,mid
552708.38,4162975.09,-122.4027911,37.6123642,7.0,2.3,mid
551309.38,4162012.09,-122.4187092,37.6037638,7.0,5.3,mid
552767.38,4163022.09,-122.4021193,37.6127844,7.0,4.7,mid
552347.38,4162410.09,-122.4069217,37.6072924,7.0,2.6,mid
552359.38,4161340.09,-122.4068623,37.5976478,7.0,5.8,mid
552152.38,4162388.09,-122.4091324,37.6071052,7.0,4.7,mid
552989.38,4162716.09,-122.3996262,37.6100136,7.0,4.6,mid
551228.38,4161399.09,-122.4196697,37.5982433,7.0,6.0,mid
553061.38,4161956.09,-122.3988656,37.6031596,7.0,4.2,mid
552184.38,4162810.09,-122.4087398,37.6109069,7.0,2.5,mid
551303.38,4162032.09,-122.4187758,37.6039444,7.0,4.3,mid
552378.38,4162155.09,-122.4065887,37.6049924,7.0,5.4,mid
551928.38,4162616.09,-122.4116539,37.6091729,7.0,3.7,mid
552496.38,4162425.09,-122.4052325,37.6074191,7.0,7.9,mid
552971.38,4161748.09,-122.3999002,37.6012901,7.0,3.5,mid
552514.38,4162016.09,-122.405058,37.6037318,7.0,3.8,mid
551764.38,4162149.09,-122.413545,37.604973,7.0,3.6,mid
552870.38,4161125.09,-122.4010894,37.5956808,7.0,6.5,mid
552912.38,4162273.09,-122.4005306,37.6060253,7.0,4.2,mid
551977.38,4161166.09,-122.4112018,37.5961012,7.0,2.9,mid
553138.38,4162554.09,-122.3979499,37.6085449,7.0,5.1,mid
552109.38,4161565.09,-122.4096782,37.5996899,7.0,4.5,mid
551357.38,4161451.09,-122.4182048,37.5987048,7.0,6.2,mid
552456.38,4161184.09,-122.4057747,37.5962363,7.0,2.5,mid
551914.38,4162387.09,-122.4118288,37.6071097,7.0,5.2,mid
553019.38,4163007.09,-122.3992652,37.6126347,7.0,9.4,mid
552662.38,4161844.09,-122.4033937,37.6021731,7.0,3.3,mid
552083.38,4163140.09,-122.4098606,37.6138869,7.0,4.3,mid
552230.38,4161317.09,-122.4083252,37.5974479,7.0,3.6,mid
552699.38,4162477.09,-122.402929,37.6078762,7.0,5.7,mid
551968.38,4162906.09,-122.4111801,37.6117844,7.0,3.1,mid
551948.38,4161231.09,-122.4115257,37.5966887,7.0,3.6,mid
553197.38,4162037.09,-122.397319,37.6038818,7.0,4.9,mid
552199.38,4163114.09,-122.4085481,37.613646,7.0,2.1,mid
552671.38,4163137.09,-122.4031987,37.6138264,7.0,2.1,mid
552600.38,4162330.09,-122.4040611,37.606557,7.0,6.7,mid
552393.38,4162439.09,-122.4063984,37.6075512,7.0,5.4,mid
552607.38,4162808.09,-122.4039475,37.6108648,7.0,5.3,mid
553158.38,4161630.09,-122.3977904,37.6002158,7.0,3.0,mid
553141.38,4163042.09,-122.3978804,37.6129431,7.0,2.3,mid
552534.38,4162981.09,-122.4047621,37.6124282,7.0,3.9,mid
552539.38,4161363.09,-122.4048217,37.5978449,7.0,4.3,mid
552650.38,4161966.09,-122.4035209,37.6032734,7.0,4.3,mid
551913.38,4162521.09,-122.4118306,37.6083175,7.0,2.8,mid
551636.38,4161793.09,-122.4150202,37.6017716,7.0,3.6,mid
552463.38,4162595.09,-122.4055942,37.6089532,7.0,6.8,mid
551391.38,4161744.09,-122.4177991,37.6013437,7.0,5.0,mid
552705.38,4161277.09,-122.4029475,37.5970602,7.0,5.7,mid
551792.38,4162763.09,-122.4131843,37.6105055,7.0,4.7,mid
552198.38,4162196.09,-122.408625,37.6053721,7.0,4.1,mid
553134.38,4161952.09,-122.3980389,37.6031193,6.9,2.8,mid
552546.38,4163136.09,-122.404615,37.6138245,6.9,2.5,mid
553026.38,4162878.09,-122.3991953,37.6114716,6.9,6.7,mid
552092.38,4162010.09,-122.4098391,37.6037017,6.9,4.9,mid
552918.38,4161197.09,-122.4005405,37.596327,6.9,5.9,mid
551886.38,4162872.09,-122.4121116,37.6114826,6.9,2.1,mid
553031.38,4161932.09,-122.3992072,37.602945,6.9,4.1,mid
552819.38,4161776.09,-122.4016201,37.6015512,6.9,3.1,mid
551435.38,4162028.09,-122.4172807,37.6039009,6.9,3.7,mid
552718.38,4162074.09,-122.4027428,37.6042429,6.9,4.4,mid
553032.38,4162955.09,-122.3991217,37.6121653,6.9,4.0,mid
552377.38,4161115.09,-122.4066745,37.5956189,6.9,7.0,mid
552612.38,4162594.09,-122.4039062,37.6089357,6.9,8.3,mid
552094.38,4162624.09,-122.4097727,37.6092356,6.9,6.7,mid
551484.38,4162020.09,-122.4167261,37.6038261,6.9,3.5,mid
551670.38,4162621.09,-122.4145766,37.6092325,6.9,5.9,mid
553007.38,4162098.09,-122.3994671,37.6044426,6.9,3.0,mid
552976.38,4162738.09,-122.3997719,37.6102127,6.9,3.6,mid
552747.38,4161859.09,-122.4024297,37.6023034,6.9,2.0,mid
551818.38,4162859.09,-122.4128829,37.6113693,6.9,4.1,mid
552769.38,4163106.09,-122.4020906,37.6135414,6.9,3.8,mid
551492.38,4162913.09,-122.4165726,37.6118743,6.9,4.7,mid
551333.38,4161414.09,-122.4184793,37.5983726,6.9,7.5,mid
552174.38,4162798.09,-122.4088539,37.6107993,6.9,4.1,mid
551958.38,4162576.09,-122.4113169,37.6088107,6.9,5.2,mid
551647.38,4161549.09,-122.4149128,37.5995718,6.9,6.7,mid
553015.38,4162980.09,-122.3993125,37.6123916,6.9,2.8,mid
552262.38,4162359.09,-122.4078883,37.6068376,6.9,3.9,mid
553126.38,4161937.09,-122.3981306,37.6029846,6.9,3.8,mid
551680.38,4163078.09,-122.414431,37.6133509,6.9,5.0,mid
552112.38,4162903.09,-122.4095489,37.6117492,6.9,3.6,mid
552838.38,4163057.09,-122.4013123,37.6130958,6.9,2.1,mid
552268.38,4161381.09,-122.4078902,37.5980225,6.9,5.8,mid
551306.38,4162657.09,-122.418698,37.6095773,6.9,4.8,mid
551714.38,4162205.09,-122.4141075,37.6054806,6.9,3.5,mid
551950.38,4162391.09,-122.4114207,37.6071437,6.9,3.1,mid
552638.38,4162825.09,-122.403595,37.6110162,6.9,6.6,mid
552960.38,4161313.09,-122.4000563,37.5973701,6.9,6.5,mid
552265.38,4161258.09,-122.4079329,37.5969141,6.9,3.7,mid
552128.38,4161410.09,-122.409474,37.5982919,6.9,6.3,mid
552220.38,4163051.09,-122.4083147,37.613077,6.9,2.2,mid
552680.38,4161484.09,-122.4032157,37.5989274,6.9,5.4,mid
551512.38,4162088.09,-122.4164041,37.6044374,6.9,2.3,mid
553213.38,4161384.09,-122.3971853,37.5979954,6.9,6.8,mid
551439.38,4161819.09,-122.4172501,37.602017,6.9,3.9,mid
552968.38,4162528.09,-122.3998777,37.6083204,6.9,3.8,mid
552308.38,4162525.09,-122.4073553,37.6083312,6.9,3.9,mid
551521.38,4163013.09,-122.416237,37.612774,6.9,3.9,mid
551280.38,4161923.09,-122.419044,37.6029632,6.9,5.8,mid
552827.38,4161509.09,-122.4015487,37.5991443,6.9,4.2,mid
553049.38,4161509.09,-122.399034,37.5991315,6.9,7.9,mid
552672.38,4162234.09,-122.4032524,37.6056876,6.9,5.3,mid
552985.38,4162604.09,-122.3996796,37.6090044,6.9,3.6,mid
551464.38,4161477.09,-122.4169909,37.5989331,6.9,5.0,mid
552980.38,4162822.09,-122.3997205,37.6109695,6.9,4.6,mid
551828.38,4162894.09,-122.4127672,37.6116841,6.9,5.8,mid
551382.38,4161526.09,-122.4179163,37.5993793,6.9,5.9,mid
551378.38,4161398.09,-122.4179706,37.5982259,6.9,4.2,mid
553177.38,4162257.09,-122.3975296,37.6058658,6.9,4.8,mid
553050.38,4163010.09,-122.3989138,37.6126599,6.9,4.1,mid
551719.38,4162598.09,-122.414023,37.6090224,6.9,3.2,mid
552489.38,4161242.09,-122.4053967,37.5967571,6.9,3.6,mid
551492.38,4162941.09,-122.4165707,37.6121266,6.9,4.2,mid
551993.38,4161256.09,-122.4110142,37.5969115,6.9,5.2,mid
552518.38,4161528.09,-122.4050477,37.5993332,6.9,5.4,mid
552087.38,4162854.09,-122.4098356,37.611309,6.9,2.0,mid
551769.38,4162416.09,-122.4134695,37.6073792,6.9,1.9,mid
552997.38,4161247.09,-122.399642,37.5967731,6.9,5.9,mid
553075.38,4161466.09,-122.3987426,37.5987424,6.9,5.9,mid
552589.38,4162059.09,-122.4042052,37.6041151,6.9,6.9,mid
553203.38,4161102.09,-122.3973191,37.5954543,6.9,5.4,mid
552199.38,4162207.09,-122.4086129,37.6054712,6.9,3.2,mid
552175.38,4162705.09,-122.4088492,37.6099611,6.9,2.3,mid
552282.38,4162885.09,-122.4076241,37.6115773,6.9,3.7,mid
552304.38,4161222.09,-122.4074937,37.5965874,6.9,4.1,mid
551713.38,4161609.09,-122.4141609,37.6001089,6.9,5.4,mid
552396.38,4162154.09,-122.4063849,37.6049823,6.9,5.3,mid
552609.38,4162890.09,-122.4039189,37.6116037,6.9,4.9,mid
552037.38,4162776.09,-122.4104076,37.6106088,6.9,4.0,mid
552526.38,4162048.09,-122.4049197,37.6040195,6.9,3.1,mid
553102.38,4162199.09,-122.3983835,37.6053474,6.9,2.0,mid
552810.38,4161155.09,-122.4017669,37.5959546,6.9,7.4,mid
553211.38,4162425.09,-122.3971322,37.607378,6.9,5.8,mid
552797.38,4161820.09,-122.4018661,37.601949,6.9,4.8,mid
551750.38,4162719.09,-122.4136633,37.6101113,6.9,6.0,mid
552780.38,4162125.09,-122.4020367,37.604699,6.9,4.1,mid
552123.38,4161430.09,-122.4095292,37.5984724,6.9,5.2,mid
553198.38,4162009.09,-122.3973098,37.6036294,6.9,2.0,mid
551846.38,4162734.09,-122.4125746,37.610241,6.9,3.4,mid
551257.38,4162842.09,-122.4192401,37.6112475,6.9,4.6,mid
552160.38,4161668.09,-122.4090931,37.6006154,6.9,6.7,mid
551408.38,4161623.09,-122.417615,37.6002522,6.9,3.9,mid
553214.38,4162647.09,-122.3970821,37.6093787,6.9,4.3,mid
551514.38,4161389.09,-122.4164307,37.5981372,6.9,2.7,mid
551876.38,4162937.09,-122.4122203,37.612069,6.9,7.9,mid
551593.38,4161859.09,-122.4155027,37.6023689,6.8,4.1,mid
551660.38,4161776.09,-122.4147495,37.601617,6.8,4.5,mid
553212.38,4163083.09,-122.397073,37.6133085,6.8,4.8,mid
552622.38,4161912.09,-122.403842,37.6027883,6.8,4.8,mid
553192.38,4161353.09,-122.3974254,37.5977172,6.8,6.8,mid
551550.38,4162180.09,-122.4159672,37.6052645,6.8,5.9,mid
553124.38,4162836.09,-122.398088,37.6110874,6.8,4.7,mid
551392.38,4162671.09,-122.4177226,37.6096987,6.8,5.3,mid
551680.38,4161570.09,-122.4145375,37.5997592,6.8,2.9,mid
552006.38,4162283.09,-122.4107939,37.6061671,6.8,5.3,mid
552098.38,4163007.09,-122.4097001,37.6126874,6.8,5.1,mid
553073.38,4162205.09,-122.3987116,37.6054032,6.8,3.7,mid
553057.38,4162298.09,-122.3988861,37.6062423,6.8,4.0,mid
551247.38,4161492.09,-122.419448,37.5990804,6.8,8.0,mid
552805.38,4161767.09,-122.4017793,37.6014709,6.8,5.5,mid
552276.38,4161550.09,-122.4077875,37.5995453,6.8,4.5,mid
551778.38,4162780.09,-122.4133417,37.6106595,6.8,4.4,mid
551870.38,4162771.09,-122.4123,37.6105732,6.8,6.7,mid
553075.38,4162540.09,-122.3986646,37.6084224,6.8,3.3,mid
551849.38,4163005.09,-122.4125214,37.6126834,6.8,2.7,mid
551294.38,4162206.09,-122.4188655,37.6055131,6.8,4.0,mid
551191.38,4162079.09,-122.4200413,37.6043742,6.8,5.0,mid
552057.38,4162768.09,-122.4101816,37.6105356,6.8,2.0,mid
552331.38,4161303.09,-122.4071821,37.5973159,6.8,6.5,mid
551543.38,4161945.09,-122.416063,37.6031468,6.8,3.1,mid
553009.38,4161454.09,-122.3994911,37.5986381,6.8,5.6,mid
551977.38,4161455.09,-122.4111813,37.598706,6.8,4.5,mid
552884.38,4162429.09,-122.4008366,37.607433,6.8,6.3,mid
552532.38,4161662.09,-122.4048795,37.6005401,6.8,4.7,mid
553168.38,4163108.09,-122.3975697,37.6135364,6.8,6.1,mid
553125.38,4161452.09,-122.3981772,37.5986134,6.8,4.1,mid
552308.38,4161217.09,-122.4074488,37.5965421,6.8,3.0,mid
552125.38,4161146.09,-122.4095268,37.5959126,6.8,6.4,mid
551386.38,4161130.09,-122.4178988,37.59581,6.8,3.5,mid
551920.38,4162985.09,-122.4117184,37.6124991,6.8,2.2,mid
552515.38,4161290.09,-122.4050988,37.5971883,6.8,5.9,mid
551552.38,4162175.09,-122.4159449,37.6052193,6.8,5.0,mid
552817.38,4161149.09,-122.401688,37.5959001,6.8,4.2,mid
553115.38,4161564.09,-122.3982823,37.5996234,6.8,7.0,mid
553107.38,4162069.09,-122.3983363,37.6041754,6.8,5.6,mid
551305.38,4161714.09,-122.4187754,37.6010781,6.8,7.0,mid
552004.38,4162692.09,-122.4107875,37.6098536,6.8,7.5,mid
553090.38,4162919.09,-122.3984672,37.6118375,6.8,6.2,mid
553052.38,4163017.09,-122.3988906,37.6127229,6.8,5.1,mid
551340.38,4162268.09,-122.4183401,37.6060694,6.8,4.0,mid
552572.38,4162032.09,-122.4043998,37.6038727,6.8,3.0,mid
551323.38,4162328.09,-122.4185284,37.6066111,6.8,5.1,mid
551462.38,4161966.09,-122.4169792,37.6033406,6.8,6.2,mid
551260.38,4161170.09,-122.4193233,37.5961775,6.8,4.7,mid
552587.38,4161701.09,-122.4042536,37.6008885,6.8,6.9,mid
553166.38,4162031.09,-122.3976707,37.6038295,6.8,5.4,mid
553123.38,4162441.09,-122.398128,37.6075273,6.8,3.8,mid
552065.38,4162988.09,-122.4100753,37.612518,6.8,4.9,mid
552785.38,4161207.09,-122.4020463,37.5964247,6.8,4.7,mid
553142.38,4161946.09,-122.3979487,37.6030648,6.8,4.6,mid
552053.38,4161385.09,-122.4103253,37.5980708,6.8,2.2,mid
552699.38,4162194.09,-122.4029494,37.6053255,6.8,4.9,mid
552779.38,4161243.09,-122.4021117,37.5967495,6.8,5.2,mid
551889.38,4161621.09,-122.4121664,37.6002071,6.8,4.8,mid
552715.38,4161434.09,-122.4028229,37.5984747,6.8,4.7,mid
551210.38,4161928.09,-122.4198366,37.6030122,6.8,6.6,mid
552904.38,4162110.09,-122.400633,37.6045567,6.8,4.9,mid
552996.38,4162852.09,-122.399537,37.611239,6.8,6.1,mid
552734.38,4161756.09,-122.4025844,37.6013758,6.8,2.8,mid
551890.38,4162413.09,-122.4120988,37.6073454,6.8,5.8,mid
552749.38,4163039.09,-122.402322,37.6129386,6.8,7.9,mid
552277.38,4161689.09,-122.4077662,37.600798,6.8,3.3,mid
552323.38,4161399.09,-122.4072659,37.5981816,6.8,2.4,mid
552435.38,4161288.09,-122.4060051,37.5971748,6.8,4.7,mid
552655.38,4161658.09,-122.4034864,37.6004971,6.8,3.9,mid
553083.38,4161918.09,-122.3986191,37.6028158,6.8,2.3,mid
552629.38,4162101.09,-122.4037491,37.6044913,6.8,7.5,mid
551390.38,4162256.09,-122.4177744,37.6059584,6.8,2.5,mid
552623.38,4162725.09,-122.4037722,37.6101158,6.8,5.2,mid
552596.38,4161424.09,-122.4041716,37.5983914,6.8,5.1,mid
552283.38,4161879.09,-122.4076847,37.6025102,6.8,3.2,mid
552930.38,4161626.09,-122.4003735,37.6001929,6.8,11.4,mid
551622.38,4161106.09,-122.4152273,37.5955804,6.8,3.5,mid
552785.38,4162327.09,-122.4019655,37.6065193,6.8,5.4,mid
552676.38,4161822.09,-122.4032367,37.601974,6.8,3.9,mid
551970.38,4161248.09,-122.4112753,37.5968407,6.8,4.7,mid
552518.38,4161155.09,-122.4050745,37.5959713,6.8,6.3,mid
551809.38,4161333.09,-122.413093,37.5976159,6.8,6.4,mid
551611.38,4161199.09,-122.4153453,37.5964193,6.8,4.4,mid
552642.38,4161603.09,-122.4036376,37.6000021,6.8,2.5,mid
551715.38,4162893.09,-122.4140475,37.6116815,6.8,4.5,mid
552101.38,4161164.09,-122.4097973,37.5960762,6.8,4.1,mid
552667.38,4162159.09,-122.4033144,37.6050119,6.8,6.3,mid
553146.38,4161664.09,-122.3979239,37.6005229,6.8,5.2,mid
552890.38,4162219.09,-122.4007838,37.6055399,6.8,5.7,mid
552297.38,4162306.09,-122.4074955,37.6063579,6.8,3.9,mid
551309.38,4161438.09,-122.4187495,37.5985903,6.8,4.5,mid
551952.38,4161413.09,-122.4114675,37.5983288,6.8,7.6,mid
552111.38,4161184.09,-122.4096826,37.5962559,6.8,5.9,mid
552752.38,4163015.09,-122.4022897,37.6127222,6.8,7.1,mid
552680.38,4162129.09,-122.4031693,37.6047408,6.8,4.3,mid
552131.38,4163060.09,-122.4093224,37.6131632,6.8,4.8,mid
551606.38,4161504.09,-122.4153804,37.5991685,6.8,3.7,mid
553190.38,4162755.09,-122.3973461,37.6103535,6.8,3.9,mid
551910.38,4161650.09,-122.4119264,37.6004673,6.8,4.6,mid
551979.38,4161261.09,-122.4111724,37.5969573,6.8,3.5,mid
552639.38,4161596.09,-122.4036721,37.5999392,6.8,1.8,mid
552224.38,4163136.09,-122.4082633,37.6138429,6.8,1.9,mid
552597.38,4162822.09,-122.4040598,37.6109915,6.8,7.0,mid
552153.38,4162874.09,-122.4090864,37.6114855,6.8,8.5,mid
551841.38,4163104.09,-122.412605,37.6135761,6.8,10.1,mid
553078.38,4161908.09,-122.3986765,37.602726,6.8,3.0,mid
552421.38,4162709.09,-122.4060619,37.6099831,6.8,4.5,mid
552804.38,4161170.09,-122.4018337,37.5960902,6.8,3.9,mid
551502.38,4163064.09,-122.4164487,37.6132347,6.8,5.7,mid
552862.38,4161873.09,-122.401126,37.602423,6.8,4.7,mid
552609.38,4161590.09,-122.4040124,37.5998868,6.8,6.0,mid
552940.38,4162844.09,-122.4001721,37.6111701,6.8,3.5,mid
552981.38,4161983.09,-122.3997699,37.6034076,6.7,4.6,mid
552933.38,4163112.09,-122.400232,37.613586,6.7,3.6,mid
551785.38,4163039.09,-122.4132441,37.6129935,6.7,2.3,mid
553159.38,4161684.09,-122.3977752,37.6007024,6.7,6.2,mid
551916.38,4162571.09,-122.4117931,37.608768,6.7,2.8,mid
551361.38,4161569.09,-122.4181512,37.5997681,6.7,5.1,mid
552160.38,4161350.09,-122.4091158,37.5977493,6.7,5.1,mid
553185.38,4162597.09,-122.3974143,37.6089298,6.7,4.5,mid
552131.38,4162807.09,-122.4093404,37.6108829,6.7,5.0,mid
553070.38,4161497.09,-122.3987969,37.5990221,6.7,4.1,mid
553212.38,4161261.09,-122.3972056,37.5968868,6.7,3.5,mid
551509.38,4162782.09,-122.4163893,37.6106926,6.7,3.5,mid
551890.38,4161555.09,-122.4121597,37.5996122,6.7,3.4,mid
552244.38,4162882.09,-122.4080548,37.6115524,6.7,4.3,mid
552205.38,4161633.09,-122.4085858,37.6002974,6.7,4.4,mid
551306.38,4161897.09,-122.4187513,37.6027274,6.7,3.7,mid
552138.38,4161157.09,-122.4093787,37.596011,6.7,4.2,mid
552788.38,4162679.09,-122.4019061,37.6096917,6.7,4.3,mid
552525.38,4161550.09,-122.4049668,37.5995311,6.7,5.0,mid
551987.38,4161286.09,-122.41108,37.5971822,6.7,4.0,mid
552721.38,4163064.09,-122.4026374,37.6131656,6.7,2.1,mid
551496.38,4162030.09,-122.4165895,37.6039155,6.7,4.8,mid
552380.38,4163046.09,-122.4065022,37.6130228,6.7,2.0,mid
552709.38,4161737.09,-122.402869,37.601206,6.7,2.6,mid
551903.38,4162777.09,-122.4119257,37.6106254,6.7,3.9,mid
551819.38,4162504.09,-122.4128968,37.6081696,6.7,2.1,mid
551667.38,4162541.09,-122.4146162,37.6085116,6.7,4.7,mid
552926.38,4161801.09,-122.4004062,37.6017704,6.7,2.8,mid
553160.38,4161780.09,-122.3977569,37.6015676,6.7,3.4,mid
551996.38,4162357.09,-122.4109019,37.6068347,6.7,6.7,mid
552647.38,4162606.09,-122.4035088,37.6090419,6.7,2.6,mid
552928.38,4162250.09,-122.400351,37.6058171,6.7,4.6,mid
553160.38,4161154.09,-122.3978024,37.5959254,6.7,3.7,mid
552624.38,4162187.09,-122.4037995,37.6052667,6.7,1.8,mid
551496.38,4161235.09,-122.4166454,37.5967502,6.7,6.0,mid
552080.38,4163130.09,-122.4098953,37.613797,6.7,4.4,mid
551252.38,4162634.09,-122.4193114,37.6093731,6.7,3.8,mid
553007.38,4162408.09,-122.3994446,37.6072366,6.7,5.1,mid
551306.38,4162345.09,-122.4187198,37.6067653,6.7,4.4,mid
551321.38,4162322.09,-122.4185515,37.6065571,6.7,2.0,mid
551907.38,4161129.09,-122.4119973,37.5957717,6.7,5.0,mid
552483.38,4162408.09,-122.405381,37.6072667,6.7,3.1,mid
551230.38,4162194.09,-122.4195914,37.6054085,6.7,5.5,mid
552802.38,4161748.09,-122.4018147,37.6012998,6.7,4.0,mid
552602.38,4161210.09,-122.404119,37.5964623,6.7,5.6,mid
551456.38,4161484.09,-122.417081,37.5989967,6.7,6.6,mid
552915.38,4161771.09,-122.4005329,37.6015006,6.7,5.7,mid
552623.38,4162390.09,-122.4037963,37.6070964,6.7,4.1,mid
551408.38,4163000.09,-122.4175182,37.6126631,6.7,4.2,mid
552858.38,4161571.09,-122.4011931,37.5997013,6.7,2.0,mid
551325.38,4162123.09,-122.4185202,37.6047633,6.7,6.9,mid
551543.38,4162962.09,-122.4159914,37.6123131,6.7,5.4,mid
552501.38,4161105.09,-122.4052706,37.5955217,6.7,6.7,mid
551589.38,4162890.09,-122.4154753,37.6116615,6.7,6.4,mid
551536.38,4162925.09,-122.4160733,37.61198,6.7,5.5,mid
553127.38,4161835.09,-122.3981267,37.6020652,6.7,3.2,mid
552626.38,4161167.09,-122.4038502,37.5960733,6.7,5.1,mid
552888.38,4161465.09,-122.4008609,37.5987442,6.7,2.4,mid
552512.38,4162004.09,-122.4050815,37.6036237,6.7,3.0,mid
551592.38,4162773.09,-122.4154495,37.6106068,6.7,2.3,mid
552994.38,4161141.09,-122.3996836,37.5958179,6.7,7.4,mid
552955.38,4161220.09,-122.4001197,37.5965321,6.7,5.3,mid
551576.38,4162425.09,-122.4156554,37.6074712,6.7,4.6,mid
551835.38,4162910.09,-122.4126867,37.611828,6.7,4.5,mid
552088.38,4163037.09,-122.4098112,37.6129583,6.7,2.0,mid
552041.38,4162644.09,-122.4103717,37.6094189,6.7,5.6,mid
551421.38,4162909.09,-122.4173773,37.6118422,6.7,3.8,mid
553025.38,4161170.09,-122.3993304,37.5960774,6.7,4.6,mid
552565.38,4162053.09,-122.4044776,37.6040624,6.7,6.8,mid
551495.38,4162869.09,-122.4165418,37.6114775,6.7,5.0,mid
552477.38,4162177.09,-122.4054656,37.605185,6.7,7.3,mid
551381.38,4161557.09,-122.4179255,37.5996588,6.7,2.5,mid
551783.38,4161262.09,-122.4133925,37.5969774,6.7,4.0,mid
551861.38,4161649.09,-122.4124816,37.6004611,6.7,5.2,mid
551514.38,4161629.09,-122.4164138,37.6003003,6.7,6.6,mid
553041.38,4162262.09,-122.39907,37.6059187,6.7,3.9,mid
552235.38,4163017.09,-122.4081472,37.6127697,6.7,3.9,mid
552036.38,4161179.09,-122.4105326,37.596215,6.7,6.5,mid
553074.38,4161833.09,-122.3987273,37.6020503,6.7,3.9,mid
552489.38,4161594.09,-122.4053715,37.5999297,6.7,4.4,mid
551853.38,4161293.09,-122.4125974,37.5972529,6.7,4.6,mid
552490.38,4162561.09,-122.4052908,37.6086453,6.7,3.5,mid
551571.38,4161878.09,-122.4157506,37.6025414,6.7,8.4,mid
552710.38,4161295.09,-122.4028895,37.5972222,6.7,3.2,mid
551878.38,4162592.09,-122.4122221,37.6089594,6.7,4.0,mid
552916.38,4163140.09,-122.4004226,37.6138394,6.7,2.4,mid
552851.38,4161983.09,-122.4012426,37.603415,6.7,2.0,mid
552316.38,4161362.09,-122.4073478,37.5978486,6.7,4.9,mid
551644.38,4162839.09,-122.4148557,37.6111988,6.7,4.7,mid
553012.38,4162985.09,-122.3993461,37.6124368,6.7,2.5,mid
552746.38,4161396.09,-122.4024744,37.5981304,6.7,1.8,mid
551409.38,4162335.09,-122.4175536,37.6066694,6.7,2.6,mid
552740.38,4162955.09,-122.40243,37.6121821,6.7,5.0,mid
552421.38,4162492.09,-122.4060774,37.6080273,6.7,5.4,mid
552512.38,4162986.09,-122.405011,37.6124745,6.7,3.6,mid
552149.38,4162514.09,-122.4091574,37.608241,6.7,5.0,mid
552832.38,4162524.09,-122.4014188,37.6082922,6.7,7.2,mid
553065.38,4162556.09,-122.3987768,37.6085672,6.7,2.8,mid
552451.38,4162992.09,-122.4057017,37.6125321,6.7,4.0,mid
551587.38,4161808.09,-122.4155742,37.6019095,6.7,3.7,mid
553071.38,4161812.09,-122.3987628,37.6018612,6.7,3.7,mid
553072.38,4162416.09,-122.3987076,37.607305,6.7,3.4,mid
553095.38,4162388.09,-122.3984491,37.6070513,6.6,3.1,mid
552749.38,4162162.09,-122.4023852,37.6050342,6.6,3.1,mid
551907.38,4162521.09,-122.4118986,37.6083178,6.6,5.4,mid
552877.38,4162288.09,-122.4009261,37.6061625,6.6,3.3,mid
553015.38,4162578.09,-122.3993416,37.6087683,6.6,2.5,mid
552536.38,4162442.09,-122.4047782,37.6075701,6.6,4.1,mid
553221.38,4162527.09,-122.3970115,37.6082968,6.6,5.6,mid
552435.38,4161265.09,-122.4060068,37.5969675,6.6,10.8,mid
552567.38,4162048.09,-122.4044553,37.6040172,6.6,3.9,mid
551361.38,4162006.09,-122.4181205,37.6037068,6.6,3.3,mid
551267.38,4161487.09,-122.4192218,37.5990343,6.6,5.0,mid
551218.38,4161526.09,-122.4197741,37.5993885,6.6,3.5,mid
552784.38,4162024.09,-122.4019987,37.6037884,6.6,4.4,mid
553173.38,4162740.09,-122.3975398,37.6102193,6.6,3.1,mid
551805.38,4162677.09,-122.4130431,37.6097296,6.6,5.8,mid
551451.38,4162661.09,-122.4170549,37.6096053,6.6,3.6,mid
551942.38,4162881.09,-122.4114765,37.6115605,6.6,4.0,mid
552925.38,4161371.09,-122.4004486,37.5978948,6.6,4.4,mid
551693.38,4161929.09,-122.4143649,37.6029942,6.6,3.3,mid
553166.38,4162379.09,-122.3976454,37.606966,6.6,5.2,mid
551725.38,4161169.09,-122.4140561,37.5961425,6.6,4.8,mid
551457.38,4162903.09,-122.4169699,37.6117861,6.6,4.1,mid
553167.38,4162783.09,-122.3976047,37.6106072,6.6,4.5,mid
551312.38,4161993.09,-122.4186766,37.6035923,6.6,5.0,mid
551986.38,4161278.09,-122.4110919,37.5971102,6.6,7.0,mid
552515.38,4163121.09,-122.4049673,37.6136911,6.6,4.2,mid
552985.38,4161961.09,-122.3997262,37.6032091,6.6,4.3,mid
552967.38,4161205.09,-122.3999848,37.5963962,6.6,5.8,mid
552113.38,4161353.09,-122.409648,37.597779,6.6,3.9,mid
552687.38,4161114.09,-122.4031631,37.5955921,6.6,4.1,mid
551528.38,4161120.09,-122.4162911,37.5957119,6.6,2.5,mid
551798.38,4162288.09,-122.41315,37.6062239,6.6,2.7,mid
551911.38,4162566.09,-122.4118501,37.6087232,6.6,5.1,mid
552484.38,4161310.09,-122.4054485,37.5973703,6.6,3.3,mid
552989.38,4163018.09,-122.3996043,37.6127356,6.6,4.7,mid
551362.38,4162770.09,-122.4180556,37.6105927,6.6,6.2,mid
553038.38,4161885.09,-122.3991313,37.602521,6.6,3.0,mid
552335.38,4162898.09,-122.4070227,37.6116915,6.6,2.7,mid
553185.38,4161724.09,-122.3974777,37.6010614,6.6,5.3,mid
552830.38,4163052.09,-122.4014033,37.6130512,6.6,6.7,mid
551297.38,4161556.09,-122.4188771,37.5996545,6.6,3.5,mid
553199.38,4162794.09,-122.3972413,37.6107045,6.6,8.3,mid
551805.38,4162187.09,-122.4130778,37.6053132,6.6,6.3,mid
551309.38,4162606.09,-122.4186675,37.6091175,6.6,1.8,mid
551755.38,4161175.09,-122.4137159,37.5961949,6.6,8.2,mid
553217.38,4162200.09,-122.3970806,37.6053498,6.6,4.8,mid
551340.38,4161521.09,-122.4183925,37.5993366,6.6,3.2,mid
552932.38,4161806.09,-122.4003378,37.6018151,6.6,2.4,mid
552265.38,4162007.09,-122.4078794,37.6036649,6.6,6.1,mid
552147.38,4162622.09,-122.4091724,37.6092146,6.6,3.9,mid
551411.38,4161993.09,-122.417555,37.6035868,6.6,4.5,mid
552470.38,4161773.09,-122.4055739,37.6015441,6.6,4.3,mid
552804.38,4162160.09,-122.4017623,37.6050131,6.6,2.3,mid
553073.38,4162727.09,-122.3986737,37.6101079,6.6,4.7,mid
551706.38,4162675.09,-122.4141649,37.6097172,6.6,6.1,mid
551733.38,4161168.09,-122.4139656,37.596133,6.6,5.4,mid
552884.38,4161681.09,-122.4008906,37.6006912,6.6,4.1,mid
551404.38,4162000.09,-122.4176338,37.6036503,6.6,4.6,mid
552230.38,4161683.09,-122.4082991,37.6007466,6.6,3.4,mid
551824.38,4161525.09,-122.4129095,37.5993455,6.6,6.1,mid
552402.38,4162275.09,-122.4063082,37.6060725,6.6,6.1,mid
553122.38,4162175.09,-122.3981587,37.6051299,6.6,2.0,mid
552949.38,4162462.09,-122.4000978,37.6077266,6.6,5.3,mid
553149.38,4161258.09,-122.3979194,37.5968634,6.6,4.9,mid
553007.38,4162862.09,-122.3994117,37.6113285,6.6,5.2,mid
553041.38,4163036.09,-122.3990139,37.6128948,6.6,7.4,mid
553161.38,4161219.09,-122.3977863,37.5965112,6.6,4.8,mid
551393.38,4162137.09,-122.4177488,37.6048857,6.6,2.8,mid
552415.38,4162403.09,-122.4061518,37.6072255,6.6,2.2,mid
553228.38,4161211.09,-122.397028,37.5964353,6.6,5.3,mid
552842.38,4162970.09,-122.4012733,37.6123114,6.6,4.9,mid
551612.38,4161807.09,-122.4152911,37.6018991,6.6,4.0,mid
553224.38,4162209.09,-122.3970007,37.6054305,6.6,4.3,mid
553161.38,4163125.09,-122.3976478,37.61369,6.6,6.4,mid
552664.38,4161941.09,-122.4033641,37.6030472,6.6,3.3,mid
552532.38,4162643.09,-122.404809,37.6093819,6.6,3.1,mid
552753.38,4163095.09,-122.4022726,37.6134431,6.6,3.2,mid
552997.38,4162266.09,-122.3995682,37.6059573,6.6,2.6,mid
551508.38,4161383.09,-122.4164991,37.5980834,6.6,3.5,mid
551990.38,4162939.09,-122.4109285,37.6120806,6.6,2.2,mid
553065.38,4161482.09,-122.3988547,37.5988872,6.6,5.2,mid
552687.38,4161681.09,-122.4031223,37.6007025,6.6,3.8,mid
552080.38,4162963.09,-122.4099072,37.6122918,6.6,6.2,mid
551748.38,4162606.09,-122.4136939,37.6090929,6.6,5.6,mid
551570.38,4162886.09,-122.4156908,37.6116266,6.6,2.4,mid
553053.38,4161950.09,-122.3989567,37.603106,6.6,3.9,mid
552883.38,4161145.09,-122.4009407,37.5958603,6.6,3.6,mid
552982.38,4163032.09,-122.3996826,37.6128622,6.6,3.3,mid
552274.38,4162834.09,-122.4077184,37.6111181,6.6,4.0,mid
553102.38,4162010.09,-122.3983972,37.6036439,6.5,3.9,mid
553007.38,4161553.09,-122.3995065,37.5995305,6.5,5.8,mid
553184.38,4162369.09,-122.3974422,37.6068749,6.5,5.2,mid
552300.38,4161610.09,-122.4075113,37.6000847,6.5,5.4,mid
551815.38,4162876.09,-122.4129157,37.6115226,6.5,5.4,mid
553094.38,4161149.09,-122.3985503,37.5958842,6.5,5.5,mid
551913.38,4162894.09,-122.4118041,37.6116793,6.5,5.3,mid
552201.38,4162991.09,-122.4085342,37.6125373,6.5,5.8,mid
551903.38,4161580.09,-122.4120107,37.5998368,6.5,3.0,mid
551584.38,4162375.09,-122.4155682,37.6070201,6.5,4.7,mid
553017.38,4163044.09,-122.3992852,37.6129683,6.5,13.0,mid
551530.38,4161157.09,-122.4162658,37.5960453,6.5,2.2,mid
551587.38,4162326.09,-122.4155377,37.6065783,6.5,3.2,mid
552800.38,4161688.09,-122.4018417,37.6007591,6.5,5.5,mid
552064.38,4162878.09,-122.4100945,37.6115266,6.5,6.4,mid
551362.38,4161650.09,-122.4181342,37.6004981,6.5,7.0,mid
551733.38,4162966.09,-122.4138384,37.6123384,6.5,3.0,mid
551378.38,4161409.09,-122.4179699,37.598325,6.5,4.9,mid
552335.38,4163060.09,-122.4070111,37.6131516,6.5,1.8,mid
552811.38,4162963.09,-122.401625,37.6122501,6.5,3.9,mid
551424.38,4161863.09,-122.4174169,37.6024144,6.5,5.3,mid
551945.38,4162887.09,-122.4114421,37.6116145,6.5,5.6,mid
553173.38,4162562.09,-122.3975528,37.608615,6.5,2.0,mid
551335.38,4161474.09,-122.4184524,37.5989133,6.5,5.9,mid
552847.38,4161197.09,-122.4013447,37.596331,6.5,4.6,mid
551498.38,4161303.09,-122.416618,37.5973629,6.5,2.0,mid
552947.38,4161811.09,-122.4001675,37.6018593,6.5,2.1,mid
551882.38,4161574.09,-122.412249,37.5997839,6.5,4.9,mid
553224.38,4162712.09,-122.3969641,37.609964,6.5,3.4,mid
553113.38,4161584.09,-122.3983035,37.5998038,6.5,5.8,mid
551288.38,4162418.09,-122.4189186,37.6074242,6.5,2.6,mid
552133.38,4162931.09,-122.4093089,37.6120004,6.5,3.9,mid
552502.38,4161641.09,-122.4052208,37.6003526,6.5,2.6,mid
551758.38,4162383.09,-122.4135964,37.6070824,6.5,4.7,mid
551903.38,4161116.09,-122.4120436,37.5956547,6.5,4.3,mid
552993.38,4162709.09,-122.3995814,37.6099503,6.5,3.3,mid
552914.38,4161293.09,-122.4005788,37.5971924,6.5,5.8,mid
551860.38,4161479.09,-122.4125049,37.5989289,6.5,4.4,mid
551317.38,4161888.09,-122.4186273,37.6026457,6.5,5.6,mid
552368.38,4162680.09,-122.4066644,37.6097248,6.5,2.6,mid
552968.38,4162738.09,-122.3998625,37.6102131,6.5,2.8,mid
551765.38,4161825.09,-122.4135566,37.6020528,6.5,5.1,mid
552551.38,4162700.09,-122.4045897,37.6098946,6.5,2.0,mid
552084.38,4163045.09,-122.409856,37.6130306,6.5,3.0,mid
551665.38,4161239.09,-122.4147308,37.5967767,6.5,4.4,mid
552726.38,4163084.09,-122.4025793,37.6133455,6.5,3.9,mid
551960.38,4163127.09,-122.4112551,37.6137767,6.5,1.9,mid
553007.38,4162702.09,-122.3994233,37.6098864,6.5,2.9,mid
552925.38,4162230.09,-122.4003865,37.605637,6.5,6.7,mid
553015.38,4161566.09,-122.399415,37.5996472,6.5,6.0,mid
551625.38,4162035.09,-122.4151277,37.6039534,6.5,2.2,mid
552153.38,4162418.09,-122.4091189,37.6073756,6.5,2.0,mid
552837.38,4161926.09,-122.4014054,37.6029021,6.5,3.5,mid
552322.38,4161299.09,-122.4072843,37.5972804,6.5,4.9,mid
551997.38,4162999.09,-122.410845,37.612621,6.5,4.3,mid
551268.38,4161633.09,-122.4192002,37.6003501,6.5,2.2,mid
552524.38,4162004.09,-122.4049456,37.6036231,6.5,9.2,mid
552621.38,4161249.09,-122.403901,37.5968127,6.5,4.0,mid
552938.38,4161112.09,-122.4003201,37.5955597,6.5,4.0,mid
552736.38,4161288.09,-122.4025955,37.5971576,6.5,3.7,mid
552059.38,4162854.09,-122.4101528,37.6113106,6.5,5.9,mid
553161.38,4162271.09,-122.3977099,37.6059929,6.5,4.0,mid
552761.38,4162415.09,-122.402231,37.6073138,6.5,4.7,mid
552781.38,4162167.09,-122.4020224,37.6050775,6.5,3.3,mid
553225.38,4161465.09,-122.3970435,37.5987247,6.5,5.9,mid
551508.38,4161660.09,-122.4164796,37.60058,6.5,3.3,mid
551362.38,4161661.09,-122.4181334,37.6005972,6.5,4.2,mid
551403.38,4161798.09,-122.4176594,37.6018297,6.5,3.4,mid
551599.38,4162313.09,-122.4154027,37.6064605,6.5,4.1,mid
552585.38,4161329.09,-122.404303,37.5975358,6.5,9.1,mid
551987.38,4162354.09,-122.4110041,37.6068081,6.5,4.8,mid
552925.38,4161603.09,-122.4004318,37.5999858,6.5,5.0,mid
551267.38,4161767.09,-122.4192022,37.6015579,6.5,2.4,mid
553016.38,4162035.09,-122.3993697,37.6038742,6.5,4.1,mid
552698.38,4162282.09,-122.4029544,37.6061187,6.5,3.0,mid
552131.38,4161173.09,-122.4094569,37.5961556,6.5,4.3,mid
552689.38,4162629.09,-122.4030313,37.6092468,6.5,4.8,mid
552539.38,4161343.09,-122.4048231,37.5976646,6.5,5.3,mid
551838.38,4162934.09,-122.412651,37.6120441,6.5,2.1,mid
552481.38,4161657.09,-122.4054576,37.600498,6.5,2.5,mid
552789.38,4162146.09,-122.4019332,37.6048877,6.5,3.1,mid
553135.38,4161684.09,-122.3980471,37.6007038,6.5,5.2,mid
551549.38,4162714.09,-122.4159409,37.6100775,6.5,3.7,mid
552626.38,4163021.09,-122.4037169,37.6127835,6.5,4.3,mid
552088.38,4162374.09,-122.4098585,37.6069827,6.5,5.2,mid
552998.38,4161555.09,-122.3996084,37.599549,6.5,3.1,mid
551444.38,4162196.09,-122.4171669,37.6054146,6.5,3.9,mid
552718.38,4162010.09,-122.4027474,37.603666,6.5,2.6,mid
553084.38,4161934.09,-122.3986067,37.60296,6.5,4.4,mid
551275.38,4162062.09,-122.4190909,37.6042163,6.5,4.7,mid
553118.38,4162460.09,-122.3981833,37.6076989,6.5,4.9,mid
553080.38,4162891.09,-122.3985825,37.6115857,6.5,4.5,mid
551713.38,4162998.09,-122.4140627,37.612628,6.4,4.7,mid
552673.38,4161140.09,-122.4033198,37.5958273,6.4,3.5,mid
552974.38,4161191.09,-122.3999066,37.5962697,6.4,4.4,mid
551367.38,4161565.09,-122.4180835,37.5997317,6.4,5.8,mid
552492.38,4162722.09,-122.4052565,37.6100962,6.4,14.0,mid
551313.38,4162035.09,-122.4186623,37.6039708,6.4,5.2,mid
552364.38,4161316.09,-122.4068074,37.5974312,6.4,4.3,mid
552139.38,4162818.09,-122.409249,37.6109816,6.4,2.0,mid
552656.38,4161970.09,-122.4034526,37.6033091,6.4,4.8,mid
552016.38,4161442.09,-122.4107404,37.5985866,6.4,6.8,mid
552776.38,4162018.09,-122.4020898,37.6037348,6.4,5.2,mid
552070.38,4162659.09,-122.4100421,37.6095524,6.4,4.8,mid
551324.38,4162834.09,-122.4184816,37.6111716,6.4,3.6,mid
551543.38,4162738.09,-122.4160072,37.6102941,6.4,2.0,mid
552672.38,4161880.09,-122.4032779,37.602497,6.4,3.0,mid
551755.38,4162878.09,-122.4135954,37.611544,6.4,1.9,mid
551456.38,4162304.09,-122.4170234,37.6063874,6.4,2.3,mid
552316.38,4161409.09,-122.4073444,37.5982722,6.4,4.2,mid
551471.38,4162967.09,-122.4168068,37.6123622,6.4,2.7,mid
552520.38,4161562.09,-122.4050226,37.5996395,6.4,5.5,mid
551915.38,4161625.09,-122.4118715,37.6002417,6.4,4.2,mid
553153.38,4161368.09,-122.3978661,37.5978546,6.4,6.2,mid
552799.38,4161146.09,-122.4018921,37.5958741,6.4,4.8,mid
552809.38,4162162.09,-122.4017055,37.6050308,6.4,3.1,mid
552580.38,4162065.09,-122.4043068,37.6041697,6.4,6.1,mid
553022.38,4162988.09,-122.3992326,37.6124633,6.4,8.5,mid
552781.38,4161723.09,-122.4020544,37.6010757,6.4,3.9,mid
552608.38,4161301.09,-122.4040445,37.5972821,6.4,3.7,mid
552721.38,4162110.09,-122.4027062,37.6045672,6.4,5.0,mid
551994.38,4162382.09,-122.4109228,37.6070601,6.4,4.5,mid
552857.38,4162590.09,-122.4011308,37.6088856,6.4,2.8,mid
553010.38,4162574.09,-122.3993986,37.6087326,6.4,3.2,mid
552426.38,4162196.09,-122.406042,37.6053592,6.4,2.5,mid
552865.38,4163118.09,-122.401002,37.613644,6.4,3.8,mid
552885.38,4162229.09,-122.4008397,37.6056303,6.4,2.7,mid
553036.38,4161263.09,-122.3991991,37.596915,6.4,3.6,mid
552122.38,4162521.09,-122.4094628,37.6083057,6.4,3.3,mid
552534.38,4162011.09,-122.4048318,37.6036856,6.4,3.9,mid
552209.38,4162199.09,-122.4085001,37.6053985,6.4,2.8,mid
551534.38,4162942.09,-122.4160947,37.6121333,6.4,5.4,mid
551738.38,4162131.09,-122.4138408,37.6048123,6.4,2.6,mid
552742.38,4161279.09,-122.4025282,37.5970761,6.4,4.2,mid
552616.38,4162893.09,-122.4038394,37.6116304,6.4,3.3,mid
553096.38,4162848.09,-122.3984044,37.6111972,6.4,6.1,mid
552669.38,4162568.09,-122.4032623,37.6086981,6.4,2.5,mid
551264.38,4161526.09,-122.419253,37.5993859,6.4,3.7,mid
552969.38,4162437.09,-122.399873,37.6075002,6.4,5.0,mid
553045.38,4162581.09,-122.3990015,37.6087937,6.4,3.8,mid
551551.38,4162879.09,-122.4159066,37.6115645,6.4,4.5,mid
552761.38,4163031.09,-122.4021866,37.6128659,6.4,3.9,mid
551660.38,4163133.09,-122.4146537,37.6138477,6.4,5.7,mid
552601.38,4161500.09,-122.4041095,37.5990761,6.4,4.3,mid
552996.38,4161658.09,-122.3996235,37.6004775,6.4,5.1,mid
551768.38,4162724.09,-122.413459,37.6101553,6.4,2.3,mid
552892.38,4162263.09,-122.4007579,37.6059363,6.4,4.4,mid
552758.38,4162625.09,-122.4022499,37.6092067,6.4,3.5,mid
552482.38,4162556.09,-122.4053818,37.6086006,6.4,2.8,mid
552422.38,4162369.09,-122.4060749,37.6069186,6.4,2.9,mid
552704.38,4161137.09,-122.4029689,37.5957985,6.4,5.6,mid
552257.38,4163091.09,-122.4078926,37.6134354,6.4,4.1,mid
552891.38,4162244.09,-122.4007706,37.6057651,6.4,4.0,mid
552720.38,4162948.09,-122.4026571,37.6121201,6.4,6.1,mid
553037.38,4162948.09,-122.3990656,37.6121019,6.4,3.5,mid
552523.38,4162525.09,-122.4049195,37.6083189,6.4,6.1,mid
551622.38,4162508.09,-122.4151284,37.6082167,6.4,3.9,mid
551337.38,4161673.09,-122.4184158,37.6007068,6.4,3.2,mid
552323.38,4162471.09,-122.4071892,37.6078436,6.4,5.1,mid
551851.38,4163073.09,-122.4124939,37.6132962,6.4,2.0,mid
552541.38,4162044.09,-122.4047501,37.6039826,6.4,4.2,mid
552403.38,4162646.09,-122.4062703,37.6094163,6.4,2.6,mid
552604.38,4162746.09,-122.4039859,37.6103061,6.4,2.1,mid
552787.38,4162583.09,-122.4019244,37.6088265,6.4,7.4,mid
551365.38,4161446.09,-122.4181145,37.5986593,6.4,6.7,mid
553097.38,4162173.09,-122.398442,37.6051133,6.4,5.2,mid
552509.38,4161541.09,-122.4051487,37.5994509,6.4,4.2,mid
552355.38,4162545.09,-122.4068214,37.6085087,6.4,5.3,mid
552271.38,4161245.09,-122.4078659,37.5967966,6.4,10.1,mid
552145.38,4161309.09,-122.4092886,37.5973806,6.4,3.3,mid
551843.38,4161274.09,-122.412712,37.5970822,6.4,4.4,mid
552273.38,4161161.09,-122.4078492,37.5960394,6.4,5.5,mid
552923.38,4161187.09,-122.4004846,37.5962365,6.4,4.4,mid
552887.38,4161277.09,-122.4008858,37.5970498,6.4,5.9,mid
552924.38,4161143.09,-122.4004764,37.5958399,6.4,5.9,mid
552744.38,4162112.09,-122.4024455,37.6045839,6.4,2.9,mid
551470.38,4162545.09,-122.4168478,37.6085587,6.4,4.4,mid
552716.38,4161815.09,-122.4027841,37.6019086,6.4,5.6,mid
552179.38,4162678.09,-122.4088058,37.6097175,6.4,4.1,mid
552718.38,4161794.09,-122.4027629,37.6017192,6.4,4.2,mid
551783.38,4162555.09,-122.413301,37.6086313,6.4,4.1,mid
552220.38,4162210.09,-122.4083747,37.6054971,6.4,3.2,mid
552902.38,4162294.09,-122.4006424,37.6062152,6.4,4.7,mid
551668.38,4162933.09,-122.4145772,37.6120447,6.4,4.4,mid
552777.38,4163060.09,-122.4020032,37.6131263,6.4,2.1,mid
553125.38,4162465.09,-122.3981036,37.6077435,6.4,5.0,mid
552613.38,4162270.09,-122.4039182,37.6060154,6.4,6.5,mid
552857.38,4161659.09,-122.4011981,37.6004945,6.4,3.7,mid
552632.38,4161682.09,-122.4037452,37.6007147,6.4,2.2,mid
553133.38,4163058.09,-122.3979699,37.6130878,6.4,3.3,mid
552598.38,4162435.09,-122.4040763,37.6075034,6.4,4.8,mid
552612.38,4162236.09,-122.403932,37.605709,6.4,3.5,mid
552260.38,4162991.09,-122.4078658,37.612534,6.4,5.7,mid
551555.38,4162634.09,-122.4158785,37.6093561,6.4,5.1,mid
552720.38,4162355.09,-122.4026999,37.6067754,6.4,2.9,mid
552102.38,4161559.09,-122.4097579,37.5996363,6.4,5.5,mid
552682.38,4161678.09,-122.4031791,37.6006758,6.4,3.0,mid
552551.38,4162335.09,-122.4046159,37.6066048,6.4,3.4,mid
551519.38,4161602.09,-122.4163591,37.6000567,6.4,3.8,mid
551972.38,4162412.09,-122.4111699,37.6073317,6.4,2.8,mid
552692.38,4161277.09,-122.4030947,37.597061,6.4,4.9,mid
553016.38,4162796.09,-122.3993145,37.6107331,6.4,2.3,mid
552347.38,4161304.09,-122.4070008,37.597324,6.3,6.1,mid
552582.38,4162445.09,-122.4042568,37.6075945,6.3,5.0,mid
552797.38,4162571.09,-122.4018119,37.6087178,6.3,4.6,mid
551797.38,4163095.09,-122.4131042,37.6134975,6.3,3.8,mid
553021.38,4162035.09,-122.399313,37.6038739,6.3,5.8,mid
552249.38,4162368.09,-122.4080349,37.6069195,6.3,3.7,mid
552178.38,4162624.09,-122.408821,37.6092308,6.3,6.7,mid
553022.38,4161566.09,-122.3993357,37.5996468,6.3,4.1,mid
551397.38,4161641.09,-122.4177384,37.600415,6.3,3.5,mid
552969.38,4161486.09,-122.3999419,37.5989288,6.3,4.3,mid
551753.38,4161566.09,-122.4137109,37.5997191,6.3,4.5,mid
551411.38,4161415.09,-122.4175956,37.5983773,6.3,4.4,mid
552692.38,4161466.09,-122.4030811,37.5987644,6.3,4.1,mid
552790.38,4162213.09,-122.4019171,37.6054915,6.3,4.8,mid
551348.38,4162436.09,-122.4182376,37.6075831,6.3,4.7,mid
553084.38,4163019.09,-122.3985279,37.6127391,6.3,4.8,mid
553194.38,4161998.09,-122.3973559,37.6035305,6.3,1.6,mid
552833.38,4162770.09,-122.4013897,37.6105093,6.3,6.5,mid
552990.38,4161240.09,-122.3997218,37.5967104,6.3,3.8,mid
552857.38,4162807.09,-122.4011151,37.6108414,6.3,3.7,mid
552776.38,4161273.09,-122.4021435,37.5970201,6.3,4.9,mid
552976.38,4161771.09,-122.3998419,37.6014971,6.3,3.9,mid
552983.38,4162840.09,-122.3996852,37.6111316,6.3,5.3,mid
551222.38,4161143.09,-122.4197556,37.5959363,6.3,2.5,mid
552683.38,4162885.09,-122.4030809,37.6115544,6.3,10.4,mid
552138.38,4162472.09,-122.409285,37.6078631,6.3,3.1,mid
552543.38,4161998.09,-122.4047307,37.6035679,6.3,3.7,mid
551979.38,4161359.09,-122.4111654,37.5978406,6.3,4.7,mid
553132.38,4161232.09,-122.3981139,37.5966301,6.3,4.1,mid
552639.38,4162423.09,-122.4036126,37.6073929,6.3,6.0,mid
552439.38,4162731.09,-122.4058564,37.6101804,6.3,6.1,mid
551708.38,4162124.09,-122.4141812,37.6047509,6.3,3.1,mid
552803.38,4162071.09,-122.4017801,37.604211,6.3,6.1,mid
552832.38,4163007.09,-122.4013839,37.6126455,6.3,3.7,mid
552018.38,4162313.09,-122.4106558,37.6064368,6.3,5.0,mid
552077.38,4162369.09,-122.4099834,37.6069382,6.3,2.1,mid
551347.38,4161119.09,-122.4183414,37.595713,6.3,7.0,mid
552015.38,4161435.09,-122.4107522,37.5985236,6.3,9.7,mid
553019.38,4163026.09,-122.3992638,37.6128059,6.3,5.4,mid
551544.38,4162587.09,-122.4160065,37.6089331,6.3,4.8,mid
552174.38,4161263.09,-122.4089634,37.5969643,6.3,5.1,mid
551337.38,4162961.09,-122.4183254,37.6123156,6.3,3.2,mid
552946.38,4161115.09,-122.4002292,37.5955863,6.3,5.8,mid
552120.38,4161492.09,-122.4095588,37.5990314,6.3,5.1,mid
552974.38,4161836.09,-122.3998599,37.6020831,6.3,2.1,mid
553200.38,4161826.09,-122.3973004,37.6019799,6.3,3.4,mid
553044.38,4162761.09,-122.3989998,37.6104161,6.3,6.0,mid
552383.38,4162195.09,-122.4065292,37.6053526,6.3,2.5,mid
551927.38,4162718.09,-122.411658,37.6100923,6.3,3.7,mid
552546.38,4163078.09,-122.4046192,37.6133018,6.3,4.5,mid
553149.38,4162616.09,-122.3978208,37.6091031,6.3,2.1,mid
552921.38,4161591.09,-122.400478,37.5998779,6.3,3.5,mid
552913.38,4161220.09,-122.4005954,37.5965346,6.3,4.2,mid
552094.38,4162706.09,-122.4097668,37.6099747,6.3,2.4,mid
551770.38,4161571.09,-122.4135179,37.5997632,6.3,5.3,mid
552600.38,4161618.09,-122.4041123,37.6001397,6.3,3.6,mid
552971.38,4162824.09,-122.3998223,37.6109881,6.3,3.4,mid
552960.38,4162523.09,-122.3999687,37.6082758,6.3,3.5,mid
552962.38,4162245.09,-122.3999662,37.6057701,6.3,2.6,mid
553107.38,4162374.09,-122.3983142,37.6069244,6.3,3.9,mid
552688.38,4161400.09,-122.4031312,37.5981698,6.3,6.1,mid
551723.38,4161460.09,-122.4140582,37.5987654,6.3,4.7,mid
551768.38,4161145.09,-122.4135707,37.5959237,6.3,4.5,mid
552558.38,4161765.09,-122.4045776,37.601467,6.3,1.9,mid
552619.38,4161522.09,-122.403904,37.5992734,6.3,2.8,mid
552112.38,4161211.09,-122.4096694,37.5964992,6.3,3.0,mid
552919.38,4161615.09,-122.4004989,37.6000943,6.3,4.1,mid
552671.38,4162902.09,-122.4032156,37.6117083,6.3,9.3,mid
552349.38,4162378.09,-122.4069013,37.6070039,6.3,4.1,mid
551671.38,4161889.09,-122.4146169,37.6026349,6.3,4.3,mid
552370.38,4162131.09,-122.4066811,37.6047765,6.3,4.0,mid
551586.38,4162367.09,-122.4155462,37.6069479,6.3,4.0,mid
552592.38,4162891.09,-122.4041114,37.6116137,6.3,1.9,mid
551920.38,4162492.09,-122.4117534,37.6080557,6.3,3.6,mid
551515.38,4161663.09,-122.4164001,37.6006067,6.3,3.9,mid
552992.38,4161333.09,-122.3996924,37.5975485,6.3,4.5,mid
551973.38,4161954.09,-122.4111911,37.6032037,6.3,3.2,mid
551252.38,4162848.09,-122.4192964,37.6113018,6.3,4.9,mid
552613.38,4162105.09,-122.4039301,37.6045283,6.3,6.0,mid
551781.38,4162959.09,-122.4132951,37.6122726,6.3,3.7,mid
551532.38,4162773.09,-122.4161293,37.6106102,6.3,3.6,mid
552967.38,4161767.09,-122.3999442,37.6014616,6.3,3.4,mid
552318.38,4162338.09,-122.4072553,37.6066452,6.3,2.0,mid
552747.38,4162176.09,-122.4024069,37.6051605,6.3,2.8,mid
552659.38,4161515.09,-122.4034514,37.599208,6.3,5.3,mid
552911.38,4161784.09,-122.4005773,37.601618,6.3,2.4,mid
552963.38,4162282.09,-122.3999522,37.6061035,6.3,2.6,mid
551672.38,4161880.09,-122.4146062,37.6025537,6.3,3.1,mid
552115.38,4163138.09,-122.4094981,37.6138671,6.3,1.7,mid
551681.38,4162625.09,-122.4144517,37.6092679,6.3,5.0,mid
552509.38,4161521.09,-122.4051501,37.5992706,6.2,3.1,mid
551930.38,4162361.09,-122.4116494,37.6068744,6.2,5.8,mid
552624.38,4162363.09,-122.4037869,37.606853,6.2,4.2,mid
552627.38,4162504.09,-122.4037427,37.6081237,6.2,4.1,mid
552629.38,4161249.09,-122.4038104,37.5968122,6.2,3.1,mid
552137.38,4161213.09,-122.4093861,37.5965158,6.2,4.6,mid
552357.38,4163115.09,-122.4067579,37.613646,6.2,7.5,mid
553188.38,4161697.09,-122.3974457,37.6008179,6.2,4.4,mid
551632.38,4161820.09,-122.4150636,37.6020152,6.2,4.3,mid
553208.38,4162732.09,-122.3971439,37.6101452,6.2,2.7,mid
552871.38,4162085.09,-122.4010087,37.6043332,6.2,2.2,mid
552957.38,4162432.09,-122.4000093,37.6074558,6.2,4.8,mid
552525.38,4162436.09,-122.4049032,37.6075166,6.2,5.0,mid
551944.38,4162808.09,-122.411459,37.6109025,6.2,4.6,mid
552340.38,4162908.09,-122.4069653,37.6117813,6.2,3.3,mid
552128.38,4161662.09,-122.409456,37.6005631,6.2,4.3,mid
553120.38,4162207.09,-122.398179,37.6054185,6.2,5.1,mid
553185.38,4161160.09,-122.3975187,37.5959781,6.2,3.7,mid
553071.38,4162548.09,-122.3987094,37.6084947,6.2,3.2,mid
552259.38,4161966.09,-122.4079503,37.6032957,6.2,4.1,mid
553007.38,4162993.09,-122.3994022,37.6125092,6.2,3.5,mid
551728.38,4162901.09,-122.4138997,37.6117529,6.2,3.3,mid
553107.38,4162857.09,-122.3982791,37.6112777,6.2,3.5,mid
552049.38,4163063.09,-122.4102513,37.6131949,6.2,5.3,mid
552909.38,4161689.09,-122.4006068,37.6007619,6.2,4.8,mid
551295.38,4162984.09,-122.4187996,37.6125252,6.2,3.4,mid
552184.38,4161479.09,-122.4088347,37.5989106,6.2,4.3,mid
552302.38,4162484.09,-122.4074262,37.607962,6.2,4.3,mid
553007.38,4162978.09,-122.3994033,37.612374,6.2,2.8,mid
552064.38,4161294.09,-122.4102072,37.59725,6.2,2.5,mid
553040.38,4162096.09,-122.3990934,37.6044226,6.2,6.0,mid
552526.38,4162690.09,-122.4048736,37.6098059,6.2,6.8,mid
552511.38,4161681.09,-122.405116,37.6007126,6.2,4.8,mid
552815.38,4162824.09,-122.4015897,37.6109971,6.2,4.5,mid
551329.38,4161390.09,-122.4185263,37.5981565,6.2,3.0,mid
552748.38,4161944.09,-122.4024123,37.6030695,6.2,5.8,mid
553202.38,4161428.09,-122.3973067,37.5983926,6.2,3.6,mid
551725.38,4162173.09,-122.4139851,37.6051916,6.2,3.7,mid
552768.38,4161830.09,-122.4021939,37.6020408,6.2,1.8,mid
552907.38,4161160.09,-122.4006677,37.5959941,6.2,5.2,mid
551888.38,4163141.09,-122.4120699,37.613907,6.2,0.8,mid
552644.38,4162190.09,-122.4035727,37.6052926,6.2,4.5,mid
551999.38,4162373.09,-122.4108668,37.6069787,6.2,4.2,mid
552680.38,4161772.09,-122.403195,37.6015231,6.2,8.0,mid
552853.38,4162684.09,-122.4011693,37.6097331,6.2,2.6,mid
552319.38,4161567.09,-122.4072992,37.5996961,6.2,4.3,mid
552389.38,4162347.09,-122.4064503,37.6067222,6.2,2.0,mid
552675.38,4161213.09,-122.4032919,37.5964851,6.2,4.2,mid
551438.38,4161810.09,-122.417262,37.6019359,6.2,5.3,mid
552863.38,4161426.09,-122.4011469,37.5983941,6.2,4.7,mid
551299.38,4161509.09,-122.4188578,37.5992308,6.2,2.9,mid
553117.38,4161578.09,-122.3982587,37.5997495,6.2,5.3,mid
551272.38,4162408.09,-122.4191006,37.607335,6.2,3.4,mid
553188.38,4162089.09,-122.3974172,37.604351,6.2,3.1,mid
551819.38,4162830.09,-122.4128737,37.6111078,6.2,2.1,mid
552996.38,4161947.09,-122.3996026,37.6030822,6.2,2.0,mid
553134.38,4162448.09,-122.3980029,37.6075898,6.2,3.7,mid
552494.38,4162363.09,-122.4052597,37.6068604,6.2,3.5,mid
553100.38,4162954.09,-122.3983513,37.6121523,6.2,5.0,mid
551717.38,4161837.09,-122.4140995,37.6021636,6.2,5.6,mid
552725.38,4162417.09,-122.4026388,37.6073339,6.2,5.0,mid
552514.38,4162703.09,-122.4050087,37.6099237,6.2,6.4,mid
552728.38,4161643.09,-122.4026605,37.6003577,6.2,4.6,mid
551785.38,4162162.09,-122.4133062,37.605089,6.2,4.1,mid
552190.38,4161640.09,-122.4087553,37.6003613,6.2,6.1,mid
551387.38,4161338.09,-122.4178729,37.5976846,6.2,2.6,mid
552763.38,4162858.09,-122.4021764,37.6113065,6.2,3.1,mid
552813.38,4162544.09,-122.4016326,37.6084735,6.2,3.9,mid
551599.38,4162626.09,-122.4153806,37.6092815,6.2,3.6,mid
551616.38,4161608.09,-122.4152598,37.6001053,6.2,4.1,mid
553203.38,4162724.09,-122.3972011,37.6100734,6.2,3.1,mid
552552.38,4162057.09,-122.4046245,37.6040991,6.2,5.8,mid
552966.38,4161450.09,-122.3999784,37.5986045,6.2,4.5,mid
551793.38,4162675.09,-122.4131792,37.6097123,6.2,5.7,mid
551454.38,4162047.09,-122.4170641,37.6040711,6.2,4.0,mid
552651.38,4162107.09,-122.4034994,37.6045441,6.2,3.5,mid
551342.38,4162095.09,-122.4183295,37.60451,6.2,5.6,mid
552485.38,4162271.09,-122.4053682,37.6060318,6.1,6.1,mid
552843.38,4162954.09,-122.4012631,37.6121671,6.1,3.9,mid
553102.38,4161410.09,-122.3984408,37.5982361,6.1,3.1,mid
551221.38,4162390.09,-122.4196797,37.6071756,6.1,3.1,mid
552570.38,4162019.09,-122.4044234,37.6037556,6.1,4.6,mid
551624.38,4162993.09,-122.4150715,37.6125879,6.1,3.2,mid
553150.38,4162131.09,-122.3978447,37.6047317,6.1,4.5,mid
552476.38,4161719.09,-122.4055098,37.6010571,6.1,6.0,mid
551919.38,4163015.09,-122.4117276,37.6127696,6.1,3.4,mid
551696.38,4161261.09,-122.4143781,37.5969733,6.1,3.0,mid
552571.38,4161172.09,-122.4044729,37.5961215,6.1,2.6,mid
552798.38,4161725.09,-122.4018617,37.6010927,6.1,4.8,mid
551644.38,4161590.09,-122.4149439,37.5999415,6.1,4.1,mid
551806.38,4161273.09,-122.4131312,37.5970753,6.1,3.7,mid
552059.38,4161249.09,-122.4102671,37.5968447,6.1,4.2,mid
552966.38,4162126.09,-122.3999295,37.6046973,6.1,3.8,mid
553141.38,4161797.09,-122.3979709,37.6017219,6.1,4.4,mid
552366.38,4162204.09,-122.4067212,37.6054347,6.1,3.0,mid
552206.38,4162961.09,-122.4084797,37.6122666,6.1,3.2,mid
551605.38,4161907.09,-122.4153633,37.6028008,6.1,4.2,mid
552913.38,4161792.09,-122.4005541,37.60169,6.1,2.0,mid
553082.38,4161416.09,-122.3986669,37.5982914,6.1,4.8,mid
551758.38,4163039.09,-122.41355,37.612995,6.1,3.1,mid
552369.38,4162713.09,-122.4066507,37.6100221,6.1,4.1,mid
553116.38,4162177.09,-122.3982265,37.6051483,6.1,3.8,mid
552408.38,4162278.09,-122.40624,37.6060992,6.1,4.1,mid
553092.38,4161314.09,-122.398561,37.5973715,6.1,5.6,mid
553120.38,4162584.09,-122.3981516,37.6088164,6.1,6.8,mid
553177.38,4162755.09,-122.3974934,37.6103543,6.1,3.0,mid
552245.38,4161584.09,-122.4081362,37.5998535,6.1,4.1,mid
553227.38,4161728.09,-122.3970017,37.601095,6.1,7.7,mid
551447.38,4161803.09,-122.4171606,37.6018723,6.1,7.5,mid
551912.38,4162728.09,-122.4118273,37.6101832,6.1,4.7,mid
551446.38,4162061.09,-122.4171537,37.6041977,6.1,6.4,mid
552491.38,4161786.09,-122.405335,37.6016601,6.1,5.9,mid
552425.38,4161705.09,-122.4060885,37.6009338,6.1,4.8,mid
552228.38,4161993.09,-122.4082996,37.6035408,6.1,4.1,mid
552842.38,4162508.09,-122.4013067,37.6081474,6.1,4.7,mid
552521.38,4161301.09,-122.40503,37.5972871,6.1,3.5,mid
551707.38,4163004.09,-122.4141303,37.6126824,6.1,2.0,mid
552728.38,4161273.09,-122.4026872,37.5970229,6.1,3.7,mid
553047.38,4161891.09,-122.3990289,37.6025746,6.1,2.0,mid
552671.38,4161341.09,-122.403328,37.597639,6.1,1.8,mid
553100.38,4162949.09,-122.3983517,37.6121073,6.1,3.2,mid
553004.38,4162850.09,-122.3994466,37.6112205,6.1,3.1,mid
552459.38,4162999.09,-122.4056105,37.6125947,6.1,4.4,mid
552041.38,4163036.09,-122.4103438,37.612952,6.1,7.9,mid
552129.38,4163052.09,-122.4093456,37.6130912,6.1,1.8,mid
552617.38,4162098.09,-122.4038852,37.604465,6.1,3.6,mid
551277.38,4161214.09,-122.4191276,37.5965731,6.1,6.7,mid
552188.38,4161110.09,-122.4088157,37.5955845,6.1,3.2,mid
552996.38,4162000.09,-122.3995988,37.6035599,6.1,3.9,mid
551997.38,4162350.09,-122.4108911,37.6067715,6.1,2.3,mid
551296.38,4161866.09,-122.4188667,37.6024486,6.1,4.4,mid
553099.38,4162513.09,-122.3983947,37.6081777,6.1,4.1,mid
553079.38,4162877.09,-122.3985949,37.6114595,6.1,2.5,mid
553206.38,4161467.09,-122.3972585,37.5987439,6.1,5.6,mid
552349.38,4161607.09,-122.4069565,37.6000549,6.1,4.5,mid
551903.38,4162922.09,-122.4119154,37.6119323,6.1,5.2,mid
551485.38,4162117.09,-122.416708,37.6047003,6.1,5.6,mid
552455.38,4162723.09,-122.4056757,37.6101074,6.1,4.3,mid
552964.38,4163046.09,-122.3998855,37.6129894,6.1,3.2,mid
551678.38,4161392.09,-122.4145727,37.598155,6.1,4.2,mid
552059.38,4162780.09,-122.4101581,37.6106436,6.1,4.3,mid
552868.38,4162878.09,-122.4009854,37.6114807,6.1,2.8,mid
553167.38,4162110.09,-122.3976536,37.6045415,6.1,4.0,mid
551563.38,4161514.09,-122.4158668,37.5992611,6.1,8.1,mid
553175.38,4162101.09,-122.3975636,37.6044599,6.1,3.7,mid
552451.38,4163101.09,-122.4056939,37.6135145,6.1,3.2,mid
551452.38,4162984.09,-122.4170208,37.6125164,6.1,3.3,mid
551870.38,4162712.09,-122.4123042,37.6100414,6.1,5.1,mid
552520.38,4161993.09,-122.4049917,37.6035241,6.1,3.3,mid
552299.38,4161263.09,-122.4075474,37.5969572,6.1,10.6,mid
552801.38,4162564.09,-122.4017671,37.6086545,6.1,5.1,mid
552390.38,4161569.09,-122.4064947,37.59971,6.1,5.2,mid
552374.38,4161232.09,-122.4067001,37.5966736,6.1,7.3,mid
552596.38,4161946.09,-122.4041341,37.6030962,6.1,3.7,mid
553209.38,4161335.09,-122.3972342,37.597554,6.1,5.1,mid
552530.38,4161539.09,-122.404911,37.5994317,6.1,2.9,mid
551258.38,4161513.09,-122.4193219,37.5992691,6.1,6.6,mid
551586.38,4161796.09,-122.4155864,37.6018014,6.1,5.0,mid
551671.38,4161464.09,-122.414647,37.5988043,6.1,3.3,mid
551749.38,4162683.09,-122.4136772,37.6097868,6.1,2.0,mid
552621.38,4162856.09,-122.4037854,37.6112966,6.1,1.7,mid
551960.38,4161150.09,-122.4113955,37.595958,6.1,3.0,mid
551970.38,4163056.09,-122.4111468,37.6131362,6.1,3.3,mid
552913.38,4162295.09,-122.4005177,37.6062235,6.1,5.3,mid
552187.38,4161105.09,-122.4088274,37.5955395,6.1,3.8,mid
553056.38,4161223.09,-122.3989754,37.5965534,6.1,5.7,mid
551646.38,4162703.09,-122.4148427,37.6099729,6.1,4.4,mid
552602.38,4161200.09,-122.4041197,37.5963721,6.1,5.3,mid
552497.38,4162321.09,-122.4052287,37.6064817,6.1,5.5,mid
552589.38,4161174.09,-122.4042689,37.5961385,6.0,4.1,mid
551909.38,4162329.09,-122.4118896,37.6065872,6.0,5.1,mid
552290.38,4162371.09,-122.4075702,37.6069442,6.0,5.3,mid
553225.38,4162665.09,-122.3969562,37.6095403,6.0,8.4,mid
552573.38,4161434.09,-122.4044314,37.5984828,6.0,5.3,mid
552575.38,4161748.09,-122.4043862,37.6013128,6.0,2.3,mid
551358.38,4162192.09,-122.4181415,37.6053834,6.0,4.5,mid
551654.38,4161476.09,-122.4148387,37.5989135,6.0,4.3,mid
551388.38,4161899.09,-122.4178222,37.6027409,6.0,2.3,mid
551599.38,4162817.09,-122.4153671,37.611003,6.0,4.5,mid
552605.38,4162977.09,-122.403958,37.6123881,6.0,2.3,mid
552226.38,4162793.09,-122.4082651,37.6107513,6.0,2.1,mid
552513.38,4162329.09,-122.4050468,37.6065529,6.0,6.9,mid
552573.38,4161597.09,-122.4044197,37.599952,6.0,6.5,mid
552640.38,4162288.09,-122.403611,37.6061761,6.0,6.1,mid
551863.38,4163106.09,-122.4123556,37.6135929,6.0,3.6,mid
552961.38,4162251.09,-122.3999771,37.6058242,6.0,6.0,mid
551506.38,4161896.09,-122.4164856,37.6027072,6.0,6.7,mid
552671.38,4161902.09,-122.4032876,37.6026953,6.0,5.3,mid
551255.38,4162585.09,-122.4192808,37.6089312,6.0,4.9,mid
553111.38,4162852.09,-122.3982341,37.6112324,6.0,4.2,mid
551219.38,4162416.09,-122.4197005,37.60741,6.0,3.1,mid
553069.38,4161306.09,-122.3988221,37.5973007,6.0,4.3,mid
551883.38,4161514.09,-122.4122419,37.5992431,6.0,4.4,mid
552966.38,4162068.09,-122.3999337,37.6041745,6.0,2.3,mid
552775.38,4162432.09,-122.4020712,37.6074663,6.0,4.7,mid
553179.38,4162716.09,-122.3974736,37.6100027,6.0,4.8,mid
552537.38,4162285.09,-122.4047781,37.606155,6.0,3.9,mid
551307.38,4162927.09,-122.4186677,37.6120108,6.0,6.7,mid
552753.38,4161878.09,-122.4023604,37.6024743,6.0,6.7,mid
551355.38,4162467.09,-122.4181561,37.6078621,6.0,6.5,mid
552805.38,4161106.09,-122.401827,37.5955133,6.0,4.4,mid
553123.38,4161943.09,-122.3981642,37.6030389,6.0,2.0,mid
552617.38,4161528.09,-122.4039262,37.5993275,6.0,3.2,mid
551453.38,4161501.09,-122.4171138,37.59915,6.0,6.8,mid
551990.38,4161265.09,-122.4110475,37.5969928,6.0,4.8,mid
552552.38,4161966.09,-122.4046311,37.603279,6.0,3.0,mid
551295.38,4161199.09,-122.4189248,37.5964369,6.0,2.1,mid
553050.38,4162444.09,-122.3989548,37.6075586,6.0,2.9,mid
551194.38,4161392.09,-122.4200554,37.5981821,6.0,2.8,mid
551890.38,4162541.09,-122.4120898,37.6084991,6.0,4.2,mid
552142.38,4161143.09,-122.4093344,37.5958846,6.0,3.6,mid
552638.38,4162734.09,-122.4036016,37.610196,6.0,3.9,mid
553193.38,4162085.09,-122.3973609,37.6043147,6.0,2.3,shrub
551667.38,4162716.09,-122.4146038,37.6100889,6.0,3.5,shrub
552426.38,4161926.09,-122.4060613,37.6029256,6.0,3.9,shrub
552403.38,4162730.09,-122.4062643,37.6101734,6.0,3.2,shrub
552063.38,4161239.09,-122.4102225,37.5967543,6.0,7.2,shrub
552519.38,4161688.09,-122.4050249,37.6007752,6.0,3.0,shrub
552387.38,4161584.09,-122.4065276,37.5998454,6.0,6.4,shrub
553042.38,4161275.09,-122.3991302,37.5970228,6.0,3.5,shrub
552401.38,4161582.09,-122.4063692,37.5998266,6.0,5.4,shrub
553037.38,4161877.09,-122.3991432,37.602449,6.0,2.8,shrub
553092.38,4162697.09,-122.3984606,37.6098365,6.0,2.3,shrub
552584.38,4161164.09,-122.4043262,37.5960487,6.0,4.0,shrub
551778.38,4162754.09,-122.4133436,37.6104251,6.0,4.2,shrub
551731.38,4162641.09,-122.4138841,37.6094093,6.0,1.6,shrub
553198.38,4162080.09,-122.3973046,37.6042693,6.0,3.6,shrub
552793.38,4163079.09,-122.4018206,37.6132966,6.0,4.4,shrub
553181.38,4161230.09,-122.397559,37.5966092,6.0,5.7,shrub
552887.38,4161211.09,-122.4008906,37.5964549,6.0,4.1,shrub
552925.38,4162651.09,-122.400356,37.6094315,6.0,4.2,shrub
551933.38,4162976.09,-122.4115717,37.6124173,6.0,5.7,shrub
552237.38,4162851.09,-122.4081364,37.6112734,6.0,3.6,shrub
552129.38,4162618.09,-122.4093766,37.6091795,6.0,4.1,shrub
553009.38,4162028.09,-122.3994495,37.6038115,6.0,3.7,shrub
551501.38,4162560.09,-122.4164955,37.6086922,6.0,1.8,shrub
551897.38,4162920.09,-122.4119836,37.6119146,6.0,6.1,shrub
552152.38,4162633.09,-122.4091149,37.6093134,6.0,5.3,shrub
553062.38,4161810.09,-122.3988649,37.6018436,6.0,3.2,shrub
552428.38,4162792.09,-122.4059766,37.6107308,6.0,2.0,shrub
551548.38,4161587.09,-122.4160316,37.5999199,6.0,4.2,shrub
552659.38,4162301.09,-122.4033948,37.6062922,6.0,5.0,shrub
553194.38,4161163.09,-122.3974166,37.5960046,6.0,5.2,shrub
552601.38,4162262.09,-122.4040547,37.605944,6.0,3.8,shrub
552144.38,4163062.09,-122.409175,37.6131805,6.0,1.6,shrub
552965.38,4161522.09,-122.3999846,37.5992535,6.0,3.2,shrub
552169.38,4161271.09,-122.4090195,37.5970367,6.0,4.3,shrub
551976.38,4163059.09,-122.4110786,37.6131629,6.0,3.9,shrub
552997.38,4163007.09,-122.3995145,37.612636,6.0,4.0,shrub
552497.38,4162565.09,-122.4052112,37.6086809,6.0,3.2,shrub
551311.38,4161377.09,-122.4187311,37.5980404,6.0,3.5,shrub
551969.38,4161595.09,-122.411262,37.5999683,6.0,3.8,shrub
552002.38,4162458.09,-122.4108268,37.6077446,6.0,3.3,shrub
551609.38,4162068.09,-122.4153067,37.6042517,6.0,3.2,shrub
552874.38,4161722.09,-122.4010009,37.6010613,6.0,3.5,shrub
553073.38,4162885.09,-122.3986623,37.611532,6.0,3.2,shrub
553192.38,4162853.09,-122.3973164,37.6112367,6.0,1.5,shrub
551434.38,4162895.09,-122.417231,37.6117153,6.0,3.0,shrub
553216.38,4162722.09,-122.397054,37.6100546,6.0,3.3,shrub
551806.38,4163009.09,-122.4130083,37.6127219,6.0,5.9,shrub
551613.38,4161207.09,-122.4153221,37.5964912,6.0,2.9,shrub
551219.38,4162450.09,-122.4196981,37.6077165,6.0,3.9,shrub
552718.38,4163022.09,-122.4026744,37.6127872,6.0,6.1,shrub
552558.38,4162460.09,-122.4045276,37.6077311,6.0,3.7,shrub
552692.38,4162371.09,-122.4030159,37.6069212,6.0,3.3,shrub
552712.38,4162179.09,-122.4028032,37.6051896,6.0,4.4,shrub
552800.38,4162815.09,-122.4017603,37.6109168,6.0,3.8,shrub
552321.38,4162287.09,-122.407225,37.6061853,5.9,4.4,shrub
552996.38,4162669.09,-122.3995503,37.6095896,5.9,3.5,shrub
552216.38,4162650.09,-122.4083886,37.609463,5.9,4.7,shrub
551203.38,4162126.09,-122.4199021,37.6047972,5.9,2.4,shrub
552889.38,4162793.09,-122.4007536,37.6107134,5.9,4.3,shrub
552031.38,4163134.09,-122.4104501,37.6138358,5.9,3.2,shrub
552774.38,4161938.09,-122.4021182,37.6030139,5.9,2.4,shrub
552629.38,4162509.09,-122.4037197,37.6081686,5.9,5.2,shrub
552960.38,4163053.09,-122.3999304,37.6130527,5.9,2.7,shrub
552833.38,4161614.09,-122.4014732,37.6000903,5.9,4.3,shrub
552769.38,4163072.09,-122.402093,37.6132349,5.9,3.1,shrub
553148.38,4161824.09,-122.3978896,37.6019649,5.9,4.5,shrub
553027.38,4162670.09,-122.399199,37.6095969,5.9,2.5,shrub
551930.38,4162948.09,-122.4116077,37.6121651,5.9,4.2,shrub
552986.38,4163010.09,-122.3996389,37.6126636,5.9,3.1,shrub
551608.38,4161846.09,-122.4153337,37.6022509,5.9,3.0,shrub
551230.38,4161507.09,-122.4196395,37.5992166,5.9,4.9,shrub
551563.38,4162525.09,-122.4157956,37.6083732,5.9,4.7,shrub
553175.38,4161744.09,-122.3975896,37.6012423,5.9,3.2,shrub
552416.38,4162147.09,-122.4061588,37.6049181,5.9,5.4,shrub
551777.38,4162840.09,-122.4133488,37.6112003,5.9,4.4,shrub
551752.38,4161182.09,-122.4137493,37.5962581,5.9,4.2,shrub
551705.38,4162145.09,-122.4142137,37.6049403,5.9,2.7,shrub
553217.38,4162983.09,-122.3970236,37.6124069,5.9,2.7,shrub
552119.38,4162639.09,-122.4094884,37.6093694,5.9,4.2,shrub
552809.38,4163015.09,-122.4016439,37.6127189,5.9,3.4,shrub
552778.38,4162053.09,-122.4020646,37.6040502,5.9,3.9,shrub
552691.38,4161654.09,-122.4030789,37.6004589,5.9,4.7,shrub
551481.38,4163003.09,-122.4166909,37.6126861,5.9,3.2,shrub
553007.38,4162391.09,-122.3994458,37.6070834,5.9,3.4,shrub
552640.38,4161959.09,-122.4036347,37.6032108,5.9,6.0,shrub
552225.38,4162798.09,-122.4082761,37.6107964,5.9,2.5,shrub
551336.38,4162936.09,-122.4183385,37.6120903,5.9,4.9,shrub
553147.38,4162257.09,-122.3978695,37.6058676,5.9,4.2,shrub
553105.38,4161954.09,-122.3983673,37.603139,5.9,6.0,shrub
551964.38,4162921.09,-122.4112244,37.6119198,5.9,2.0,shrub
551480.38,4162791.09,-122.4167172,37.6107754,5.9,3.9,shrub
551358.38,4162375.09,-122.4181286,37.6070328,5.9,4.1,shrub
552109.38,4163087.09,-122.4095697,37.6134078,5.9,3.5,shrub
552887.38,4161773.09,-122.40085,37.6015202,5.9,2.3,shrub
552783.38,4163028.09,-122.4019376,37.6128375,5.9,5.9,shrub
551906.38,4161573.09,-122.4119772,37.5997735,5.9,3.3,shrub
551446.38,4161513.09,-122.4171923,37.5992586,5.9,5.8,shrub
553165.38,4162724.09,-122.3976316,37.6100756,5.9,4.4,shrub
551558.38,4161726.09,-122.4159085,37.6011721,5.9,6.8,shrub
552698.38,4161906.09,-122.4029814,37.6027298,5.9,5.6,shrub
551194.38,4161636.09,-122.4200383,37.6003813,5.9,4.4,shrub
553222.38,4161162.09,-122.3970995,37.595994,5.9,5.4,shrub
552961.38,4162680.09,-122.399946,37.6096908,5.9,4.0,shrub
552156.38,4162694.09,-122.4090653,37.609863,5.9,3.8,shrub
552994.38,4162998.09,-122.3995491,37.612555,5.9,2.8,shrub
552234.38,4161466.09,-122.4082692,37.5987906,5.9,3.9,shrub
552969.38,4162120.09,-122.399896,37.604643,5.9,2.6,shrub
552821.38,4162740.09,-122.4015278,37.6102396,5.9,3.5,shrub
552954.38,4161816.09,-122.4000879,37.601904,5.9,2.3,shrub
551675.38,4161204.09,-122.41462,37.5964607,5.9,3.6,shrub
551624.38,4163021.09,-122.4150695,37.6128403,5.9,4.2,shrub
552949.38,4161751.09,-122.4001492,37.6013184,5.9,4.0,shrub
552330.38,4162572.09,-122.4071027,37.6087535,5.9,5.0,shrub
551889.38,4162922.09,-122.4120741,37.6119331,5.9,4.9,shrub
552014.38,4162911.09,-122.4106586,37.6118269,5.9,4.8,shrub
552131.38,4161483.09,-122.4094348,37.5989496,5.9,4.1,shrub
551441.38,4161362.09,-122.4172595,37.5978979,5.9,3.2,shrub
552544.38,4162052.09,-122.4047155,37.6040545,5.9,5.3,shrub
552731.38,4162515.09,-122.4025637,37.6082169,5.9,2.6,shrub
553126.38,4162591.09,-122.3980831,37.6088791,5.9,3.9,shrub
552389.38,4161575.09,-122.4065056,37.5997642,5.9,4.6,shrub
553143.38,4162453.09,-122.3979006,37.6076343,5.9,3.6,shrub
552233.38,4161529.09,-122.4082761,37.5993584,5.9,4.4,shrub
551441.38,4161493.09,-122.4172503,37.5990786,5.9,7.5,shrub
552743.38,4162581.09,-122.402423,37.608811,5.9,5.9,shrub
552669.38,4161709.09,-122.4033242,37.6009559,5.9,2.0,shrub
553022.38,4161867.09,-122.3993139,37.6023597,5.9,1.8,shrub
553090.38,4161944.09,-122.398538,37.6030498,5.9,3.1,shrub
551437.38,4161511.09,-122.4172944,37.5992411,5.9,3.8,shrub
551513.38,4161408.09,-122.4164407,37.5983085,5.9,5.8,shrub
553157.38,4162735.09,-122.3977215,37.6101752,5.9,2.3,shrub
552427.38,4162360.09,-122.4060189,37.6068372,5.9,2.5,shrub
553159.38,4161827.09,-122.3977648,37.6019913,5.9,5.3,shrub
551937.38,4162591.09,-122.4115537,37.608947,5.9,4.3,shrub
552685.38,4161178.09,-122.4031811,37.5961691,5.9,3.5,shrub
551240.38,4162256.09,-122.4194738,37.6059668,5.9,4.7,shrub
553222.38,4161901.09,-122.3970457,37.6026546,5.9,4.0,shrub
551683.38,4161181.09,-122.414531,37.596253,5.9,2.6,shrub
553170.38,4161541.09,-122.397661,37.5994129,5.9,3.5,shrub
551955.38,4161947.09,-122.4113956,37.6031416,5.9,4.0,shrub
552705.38,4162067.09,-122.4028905,37.6041805,5.9,4.9,shrub
553144.38,4162811.09,-122.3978632,37.6108609,5.9,4.3,shrub
552240.38,4163052.09,-122.408088,37.6130849,5.9,2.9,shrub
552422.38,4161608.09,-122.4061294,37.6000597,5.9,3.6,shrub
551342.38,4162852.09,-122.4182764,37.6113329,5.9,4.5,shrub
552637.38,4162729.09,-122.4036133,37.610151,5.9,4.3,shrub
552627.38,4161239.09,-122.4038337,37.5967222,5.9,2.9,shrub
551847.38,4161476.09,-122.4126524,37.5989026,5.9,4.8,shrub
551718.38,4161734.09,-122.4140955,37.6012352,5.8,3.0,shrub
552970.38,4161970.09,-122.3998955,37.603291,5.8,4.4,shrub
551191.38,4162794.09,-122.4199913,37.6108185,5.8,4.2,shrub
552671.38,4162370.09,-122.4032539,37.6069134,5.8,2.5,shrub
551213.38,4162556.09,-122.4197587,37.6086722,5.8,4.5,shrub
552090.38,4161309.09,-122.4099116,37.5973837,5.8,6.5,shrub
552829.38,4162054.09,-122.4014867,37.6040562,5.8,3.1,shrub
552515.38,4161824.09,-122.4050604,37.6020012,5.8,1.9,shrub
552869.38,4161929.09,-122.4010426,37.6029273,5.8,1.6,shrub
552477.38,4162256.09,-122.4054599,37.605897,5.8,4.7,shrub
553188.38,4161637.09,-122.3974501,37.6002771,5.8,5.6,shrub
551281.38,4162150.09,-122.4190167,37.6050091,5.8,7.7,shrub
552942.38,4163097.09,-122.4001311,37.6134503,5.8,3.1,shrub
552647.38,4162291.09,-122.4035315,37.6062028,5.8,2.9,shrub
553131.38,4162812.09,-122.3980104,37.6108707,5.8,2.6,shrub
551460.38,4162913.09,-122.4169352,37.6118761,5.8,3.3,shrub
552638.38,4162076.09,-122.4036489,37.6042655,5.8,3.9,shrub
553120.38,4162656.09,-122.3981464,37.6094653,5.8,2.6,shrub
553018.38,4161547.09,-122.3993824,37.5994758,5.8,3.0,shrub
553090.38,4162970.09,-122.3984635,37.6122971,5.8,6.3,shrub
551525.38,4162219.09,-122.4162476,37.6056174,5.8,2.0,shrub
551398.38,4162705.09,-122.4176523,37.6100048,5.8,3.5,shrub
552611.38,4161128.09,-122.404023,37.5957227,5.8,3.2,shrub
552668.38,4162516.09,-122.4032774,37.6082295,5.8,4.9,shrub
552283.38,4161252.09,-122.4077295,37.596859,5.8,10.0,shrub
551307.38,4161277.09,-122.4187834,37.5971393,5.8,4.1,shrub
551817.38,4162898.09,-122.4128915,37.6117208,5.8,3.2,shrub
552182.38,4162998.09,-122.408749,37.6126015,5.8,1.8,shrub
551592.38,4162102.09,-122.4154969,37.6045591,5.8,4.3,shrub
551500.38,4162731.09,-122.4164948,37.6102335,5.8,5.5,shrub
551201.38,4162039.09,-122.4199308,37.6040131,5.8,3.4,shrub
552627.38,4162040.09,-122.4037761,37.6039416,5.8,4.7,shrub
552685.38,4162183.09,-122.4031088,37.6052272,5.8,4.3,shrub
553211.38,4162715.09,-122.3971111,37.6099918,5.8,4.0,shrub
552455.38,4162391.09,-122.4056995,37.607115,5.8,2.7,shrub
552008.38,4162498.09,-122.410756,37.6081048,5.8,3.5,shrub
551467.38,4162146.09,-122.4169099,37.6049627,5.8,2.3,shrub
551361.38,4161327.09,-122.4181682,37.5975869,5.8,3.2,shrub
552515.38,4162419.09,-122.4050177,37.607364,5.8,4.8,shrub
551325.38,4162215.09,-122.4185137,37.6055925,5.8,2.2,shrub
552853.38,4162889.09,-122.4011545,37.6115807,5.8,3.1,shrub
552905.38,4161786.09,-122.4006451,37.6016364,5.8,1.8,shrub
553117.38,4161945.09,-122.398232,37.6030572,5.8,2.0,shrub
552007.38,4161384.09,-122.4108465,37.5980644,5.8,4.8,shrub
551983.38,4161318.09,-122.411123,37.5974709,5.8,4.5,shrub
552401.38,4162797.09,-122.4062822,37.6107774,5.8,1.9,shrub
552626.38,4162514.09,-122.4037534,37.6082139,5.8,4.7,shrub
552673.38,4161102.09,-122.4033225,37.5954848,5.8,6.4,shrub
551792.38,4163043.09,-122.4131645,37.6130291,5.8,2.6,shrub
552614.38,4161566.09,-122.4039575,37.5996702,5.8,5.7,shrub
551399.38,4162456.09,-122.4176584,37.6077605,5.8,4.6,shrub
551882.38,4162531.09,-122.4121811,37.6084094,5.8,7.7,shrub
552224.38,4161467.09,-122.4083825,37.5988001,5.8,4.3,shrub
551991.38,4161477.09,-122.4110211,37.5989035,5.8,2.6,shrub
552930.38,4162135.09,-122.4003367,37.6047805,5.8,2.2,shrub
552071.38,4162596.09,-122.4100352,37.6089845,5.8,2.6,shrub
551929.38,4162530.09,-122.4116487,37.6083977,5.8,5.1,shrub
552785.38,4161110.09,-122.4020533,37.5955505,5.8,4.0,shrub
553073.38,4162900.09,-122.3986612,37.6116672,5.8,3.5,shrub
552600.38,4162108.09,-122.4040771,37.6045561,5.8,3.2,shrub
551675.38,4162289.09,-122.4145434,37.6062399,5.8,4.0,shrub
553083.38,4162813.09,-122.3985542,37.6108825,5.8,2.4,shrub
552155.38,4163011.09,-122.409054,37.6127202,5.8,5.6,shrub
551686.38,4161874.09,-122.4144481,37.6024988,5.8,5.0,shrub
552343.38,4161498.09,-122.4070322,37.5990728,5.8,3.6,shrub
551208.38,4162366.09,-122.4198286,37.60696,5.8,5.3,shrub
553140.38,4162480.09,-122.3979326,37.6078779,5.8,6.2,shrub
551543.38,4162874.09,-122.4159976,37.6115199,5.8,4.9,shrub
551698.38,4162271.09,-122.4142841,37.6060763,5.8,3.9,shrub
552167.38,4161618.09,-122.4090174,37.6001644,5.8,5.0,shrub
551706.38,4161586.09,-122.4142419,37.599902,5.8,4.3,shrub
552646.38,4161223.09,-122.4036197,37.5965769,5.8,2.7,shrub
552640.38,4162068.09,-122.4036268,37.6041933,5.8,3.5,shrub
551225.38,4162111.09,-122.4196539,37.6046607,5.8,4.7,shrub
552631.38,4161214.09,-122.4037902,37.5964967,5.8,3.4,shrub
553167.38,4162280.09,-122.3976412,37.6060737,5.8,6.0,shrub
553110.38,4161934.09,-122.3983121,37.6029585,5.8,1.7,shrub
551195.38,4162597.09,-122.4199597,37.6090427,5.8,4.6,shrub
552288.38,4162962.09,-122.4075506,37.612271,5.8,2.0,shrub
552550.38,4161979.09,-122.4046528,37.6033962,5.8,4.1,shrub
552832.38,4161961.09,-122.4014595,37.6032179,5.8,3.5,shrub
551212.38,4161455.09,-122.4198471,37.5987489,5.8,4.0,shrub
552858.38,4162891.09,-122.4010977,37.6115985,5.8,3.0,shrub
553123.38,4161226.09,-122.3982162,37.5965765,5.8,3.9,shrub
551685.38,4162220.09,-122.414435,37.6056174,5.8,3.9,shrub
551504.38,4161910.09,-122.4165073,37.6028335,5.8,3.5,shrub
552999.38,4161272.09,-122.3996175,37.5969983,5.8,5.5,shrub
552281.38,4161261.09,-122.4077515,37.5969402,5.8,3.9,shrub
552990.38,4162269.09,-122.3996473,37.6059848,5.8,2.5,shrub
552083.38,4162981.09,-122.4098719,37.6124539,5.8,5.1,shrub
551807.38,4161113.09,-122.4131312,37.5956331,5.8,7.1,shrub
551863.38,4161295.09,-122.412484,37.5972703,5.8,4.5,shrub
551383.38,4162364.09,-122.4178462,37.6069322,5.8,3.4,shrub
552748.38,4161611.09,-122.4024363,37.6000681,5.8,4.8,shrub
552736.38,4162086.09,-122.402538,37.60435,5.8,4.4,shrub
552961.38,4161760.09,-122.4000126,37.6013988,5.8,2.6,shrub
552954.38,4161755.09,-122.4000923,37.6013542,5.8,2.8,shrub
551732.38,4161630.09,-122.4139442,37.6002971,5.8,4.3,shrub
551264.38,4162413.09,-122.4191909,37.6073805,5.8,4.7,shrub
552577.38,4161732.09,-122.4043647,37.6011685,5.8,2.6,shrub
552708.38,4162268.09,-122.4028421,37.605992,5.8,3.9,shrub
553062.38,4162914.09,-122.3987848,37.611794,5.8,4.3,shrub
553083.38,4162164.09,-122.3986013,37.605033,5.8,4.2,shrub
552345.38,4162387.09,-122.406946,37.6070853,5.8,3.8,shrub
552843.38,4162543.09,-122.4012928,37.6084628,5.8,4.5,shrub
551793.38,4162057.09,-122.413223,37.6041422,5.8,2.5,shrub
552477.38,4161177.09,-122.4055373,37.596172,5.8,3.7,shrub
551826.38,4162472.09,-122.4128197,37.6078808,5.8,3.1,shrub
551547.38,4162817.09,-122.4159563,37.6110059,5.8,4.8,shrub
553121.38,4161965.09,-122.3981852,37.6032373,5.8,5.3,shrub
553001.38,4161790.09,-122.3995573,37.6016669,5.8,4.4,shrub
552123.38,4162949.09,-122.409421,37.6121632,5.8,2.3,shrub
551406.38,4162969.09,-122.4175431,37.6123838,5.8,4.0,shrub
551569.38,4162805.09,-122.4157079,37.6108966,5.8,3.8,shrub
553158.38,4161971.09,-122.3977657,37.6032892,5.8,1.8,shrub
552934.38,4162200.09,-122.4002867,37.6053661,5.8,5.7,shrub
551350.38,4162378.09,-122.418219,37.6070602,5.8,2.6,shrub
552127.38,4162942.09,-122.4093761,37.6120999,5.7,2.7,shrub
552210.38,4161144.09,-122.4085641,37.5958897,5.7,3.6,shrub
551774.38,4161586.09,-122.4134716,37.5998981,5.7,4.9,shrub
552645.38,4162096.09,-122.4035682,37.6044453,5.7,3.7,shrub
553110.38,4162453.09,-122.3982744,37.6076362,5.7,4.2,shrub
552770.38,4162172.09,-122.4021466,37.6051232,5.7,3.2,shrub
552984.38,4161178.09,-122.3997942,37.5961519,5.7,5.4,shrub
553194.38,4162702.09,-122.3973047,37.6098756,5.7,4.7,shrub
553135.38,4161670.09,-122.3980481,37.6005776,5.7,6.1,shrub
553088.38,4162367.09,-122.3985299,37.6068624,5.7,3.9,shrub
552592.38,4161634.09,-122.4042018,37.6002844,5.7,4.5,shrub
552934.38,4162255.09,-122.4002827,37.6058618,5.7,3.0,shrub
551592.38,4162034.09,-122.4155017,37.6039462,5.7,3.5,shrub
552350.38,4162743.09,-122.4068638,37.6102936,5.7,2.9,shrub
552868.38,4162821.09,-122.4009895,37.610967,5.7,4.7,shrub
552169.38,4162958.09,-122.4088991,37.6122417,5.7,5.0,shrub
551829.38,4162657.09,-122.4127726,37.609548,5.7,4.8,shrub
553218.38,4161156.09,-122.3971452,37.5959401,5.7,4.6,shrub
552471.38,4162162.09,-122.4055346,37.6050501,5.7,9.8,shrub
551491.38,4161211.09,-122.4167038,37.5965341,5.7,3.2,shrub
552312.38,4163104.09,-122.4072685,37.6135495,5.7,1.8,shrub
552522.38,4161196.09,-122.4050262,37.5963406,5.7,5.2,shrub
552429.38,4162167.09,-122.4060101,37.6050976,5.7,4.7,shrub
552858.38,4163130.09,-122.4010804,37.6137526,5.7,3.6,shrub
552554.38,4161246.09,-122.4046601,37.5967895,5.7,5.5,shrub
553215.38,4162678.09,-122.3970685,37.6096581,5.7,5.4,shrub
552101.38,4162676.09,-122.4096897,37.6097039,5.7,3.7,shrub
552882.38,4162075.09,-122.4008848,37.6042425,5.7,3.2,shrub
551387.38,4161929.09,-122.4178314,37.6030113,5.7,2.6,shrub
552919.38,4161790.09,-122.4004863,37.6016716,5.7,1.6,shrub
551775.38,4162688.09,-122.4133822,37.6098304,5.7,2.8,shrub
551826.38,4162861.09,-122.4127922,37.6113868,5.7,3.9,shrub
552893.38,4161669.09,-122.4007895,37.6005825,5.7,5.9,shrub
551602.38,4162342.09,-122.4153666,37.6067217,5.7,3.7,shrub
553095.38,4162857.09,-122.398415,37.6112784,5.7,3.5,shrub
552604.38,4162046.09,-122.4040363,37.603997,5.7,7.0,shrub
552524.38,4161980.09,-122.4049473,37.6034067,5.7,5.1,shrub
553116.38,4161161.09,-122.3983003,37.5959911,5.7,4.8,shrub
551770.38,4162770.09,-122.4134331,37.6105698,5.7,3.0,shrub
553133.38,4162762.09,-122.3979914,37.6104199,5.7,3.9,shrub
552996.38,4162157.09,-122.3995874,37.604975,5.7,3.1,shrub
551399.38,4162129.09,-122.4176814,37.6048133,5.7,5.9,shrub
551957.38,4161504.09,-122.4114044,37.5991488,5.7,3.4,shrub
553146.38,4162464.09,-122.3978658,37.6077333,5.7,3.2,shrub
551272.38,4161357.09,-122.4191743,37.5978623,5.7,3.9,shrub
551738.38,4161627.09,-122.4138765,37.6002697,5.7,2.8,shrub
551991.38,4162570.09,-122.4109434,37.6087547,5.7,2.0,shrub
552388.38,4161675.09,-122.4065098,37.6006655,5.7,2.1,shrub
552863.38,4162220.09,-122.4010896,37.6055504,5.7,4.7,shrub
551899.38,4162908.09,-122.4119618,37.6118063,5.7,6.0,shrub
553052.38,4162637.09,-122.3989182,37.609298,5.7,3.5,shrub
552943.38,4162681.09,-122.4001499,37.6097008,5.7,2.3,shrub
551543.38,4161619.09,-122.416086,37.6002085,5.7,4.0,shrub
553150.38,4161819.09,-122.3978673,37.6019197,5.7,4.6,shrub
552413.38,4162395.09,-122.406175,37.6071535,5.7,2.6,shrub
552471.38,4162546.09,-122.4055071,37.6085111,5.7,2.8,shrub
552418.38,4162318.09,-122.4061239,37.6064592,5.7,4.1,shrub
551809.38,4162878.09,-122.4129836,37.611541,5.7,3.4,shrub
551931.38,4161824.09,-122.4116762,37.6020344,5.7,4.1,shrub
552269.38,4162444.09,-122.4078029,37.6076033,5.7,2.9,shrub
551953.38,4162543.09,-122.4113759,37.6085135,5.7,5.5,shrub
552288.38,4161511.09,-122.4076543,37.5991931,5.7,4.1,shrub
552412.38,4162260.09,-122.406196,37.6059368,5.7,5.5,shrub
551514.38,4161914.09,-122.4163937,37.602869,5.7,4.2,shrub
551821.38,4163022.09,-122.4128374,37.6128382,5.7,4.7,shrub
551576.38,4162643.09,-122.41564,37.609436,5.7,2.8,shrub
552752.38,4161673.09,-122.4023865,37.6006267,5.7,3.2,shrub
551604.38,4161795.09,-122.4153826,37.6017914,5.7,5.1,shrub
551715.38,4162720.09,-122.4140597,37.6101222,5.7,5.2,shrub
553127.38,4161828.09,-122.3981272,37.6020021,5.7,3.3,shrub
552483.38,4162463.09,-122.4053771,37.6077624,5.7,4.3,shrub
552550.38,4162011.09,-122.4046505,37.6036847,5.7,3.9,shrub
551952.38,4162962.09,-122.4113574,37.61229,5.7,6.0,shrub
552609.38,4162055.09,-122.403979,37.6040779,5.7,3.5,shrub
552260.38,4161217.09,-122.4079925,37.5965448,5.7,4.6,shrub
552347.38,4162234.09,-122.4069343,37.6057061,5.7,2.0,shrub
551713.38,4161550.09,-122.4141651,37.5995771,5.7,3.7,shrub
552490.38,4162589.09,-122.4052887,37.6088976,5.7,9.4,shrub
551336.38,4161562.09,-122.4184349,37.5997064,5.7,4.7,shrub
551929.38,4162541.09,-122.4116479,37.6084968,5.7,4.5,shrub
551811.38,4162148.09,-122.4130126,37.6049614,5.7,3.5,shrub
553068.38,4161868.09,-122.3987927,37.6023661,5.7,3.0,shrub
551286.38,4161728.09,-122.4189897,37.6012053,5.7,2.0,shrub
553049.38,4162179.09,-122.3989854,37.6051702,5.7,4.8,shrub
553108.38,4162188.09,-122.3983163,37.6052479,5.7,2.9,shrub
552455.38,4162133.09,-122.405718,37.6047897,5.7,7.8,shrub
552455.38,4162429.09,-122.4056967,37.6074575,5.7,2.2,shrub
551475.38,4161980.09,-122.4168309,37.6034661,5.7,3.2,shrub
552697.38,4162249.09,-122.4029681,37.6058213,5.7,3.6,shrub
552582.38,4162298.09,-122.4042674,37.6062696,5.7,1.8,shrub
552931.38,4161132.09,-122.4003979,37.5957404,5.7,6.8,shrub
552167.38,4161606.09,-122.4090182,37.6000562,5.7,5.9,shrub
552589.38,4162232.09,-122.4041928,37.6056743,5.7,3.7,shrub
552703.38,4163104.09,-122.4028385,37.6135271,5.7,6.3,shrub
551258.38,4162576.09,-122.4192474,37.60885,5.7,7.6,shrub
553069.38,4161586.09,-122.3988018,37.5998243,5.7,4.4,shrub
552502.38,4162245.09,-122.4051775,37.6057965,5.7,2.0,shrub
551569.38,4161456.09,-122.415803,37.598738,5.7,5.5,shrub
552405.38,4161744.09,-122.4063123,37.6012865,5.7,1.6,shrub
552586.38,4161134.09,-122.4043057,37.5957782,5.7,2.8,shrub
553141.38,4161964.09,-122.3979588,37.6032271,5.7,1.8,shrub
551465.38,4162848.09,-122.4168831,37.6112899,5.7,3.8,shrub
551962.38,4162429.09,-122.411282,37.6074855,5.7,2.3,shrub
553155.38,4162782.09,-122.3977407,37.6105989,5.7,3.5,shrub
552612.38,4162410.09,-122.4039194,37.6072773,5.7,4.2,shrub
553155.38,4161164.09,-122.3978583,37.5960159,5.7,2.5,shrub
551698.38,4162932.09,-122.4142374,37.612034,5.7,3.6,shrub
552727.38,4162939.09,-122.4025785,37.6120386,5.7,3.4,shrub
552709.38,4161696.09,-122.402872,37.6008365,5.7,4.2,shrub
553216.38,4161479.09,-122.3971444,37.5988514,5.7,4.0,shrub
552987.38,4161779.09,-122.3997167,37.6015686,5.7,2.6,shrub
552506.38,4161169.09,-122.4052094,37.5960982,5.7,3.2,shrub
552157.38,4162920.09,-122.4090378,37.6118999,5.7,1.7,shrub
552734.38,4162913.09,-122.402501,37.6118039,5.7,2.0,shrub
552100.38,4161214.09,-122.4098051,37.5965269,5.7,4.1,shrub
551756.38,4162841.09,-122.4135867,37.6112105,5.7,6.2,shrub
552446.38,4162560.09,-122.4057893,37.6086387,5.7,6.5,shrub
551618.38,4161697.09,-122.4152309,37.6009074,5.7,4.0,shrub
551773.38,4161126.09,-122.4135154,37.5957522,5.7,3.5,shrub
553089.38,4161800.09,-122.3985597,37.601752,5.7,2.5,shrub
553135.38,4161390.09,-122.3980684,37.598054,5.6,3.3,shrub
551321.38,4161770.09,-122.4185902,37.6015819,5.6,3.9,shrub
551403.38,4162861.09,-122.4175847,37.6114106,5.6,5.0,shrub
551662.38,4161767.09,-122.4147275,37.6015358,5.6,3.7,shrub
551555.38,4162772.09,-122.4158688,37.6105999,5.6,3.0,shrub
552406.38,4162796.09,-122.4062256,37.6107681,5.6,1.8,shrub
551298.38,4162666.09,-122.418788,37.6096589,5.6,5.3,shrub
552553.38,4162032.09,-122.404615,37.6038738,5.6,4.5,shrub
551615.38,4163141.09,-122.415163,37.6139223,5.6,4.4,shrub
552108.38,4162477.09,-122.4096245,37.6079099,5.6,4.2,shrub
551779.38,4162904.09,-122.4133216,37.611777,5.6,4.0,shrub
553141.38,4162799.09,-122.3978981,37.6107529,5.6,4.0,shrub
551979.38,4161275.09,-122.4111714,37.5970835,5.6,3.5,shrub
552590.38,4161386.09,-122.4042423,37.5980492,5.6,2.6,shrub
552477.38,4162137.09,-122.4054685,37.6048245,5.6,10.9,shrub
552646.38,4161146.09,-122.4036252,37.5958829,5.6,5.5,shrub
552773.38,4162698.09,-122.4020747,37.6098638,5.6,2.7,shrub
551924.38,4162666.09,-122.4116957,37.6096238,5.6,5.2,shrub
552053.38,4163099.09,-122.4102034,37.6135191,5.6,2.2,shrub
552876.38,4162326.09,-122.4009346,37.6065051,5.6,3.4,shrub
551617.38,4161416.09,-122.415262,37.5983748,5.6,4.1,shrub
552588.38,4161805.09,-122.4042348,37.6018258,5.6,2.9,shrub
552721.38,4161821.09,-122.402727,37.6019624,5.6,3.7,shrub
551264.38,4162381.09,-122.4191931,37.6070921,5.6,3.6,shrub
551480.38,4163039.09,-122.4166997,37.6130106,5.6,3.6,shrub
552346.38,4162355.09,-122.4069369,37.6067968,5.6,4.3,shrub
552466.38,4162247.09,-122.4055852,37.6058165,5.6,3.9,shrub
553015.38,4161221.09,-122.39944,37.5965377,5.6,4.1,shrub
552523.38,4161682.09,-122.40498,37.6007209,5.6,2.8,shrub
552486.38,4161658.09,-122.4054009,37.6005067,5.6,3.9,shrub
552830.38,4161148.09,-122.4015408,37.5958904,5.6,4.1,shrub
552857.38,4162233.09,-122.4011566,37.605668,5.6,2.9,shrub
552957.38,4162754.09,-122.399986,37.610358,5.6,2.1,shrub
551683.38,4161716.09,-122.4144932,37.601075,5.6,5.8,shrub
551992.38,4162612.09,-122.4109291,37.6091332,5.6,5.9,shrub
553045.38,4162186.09,-122.3990302,37.6052335,5.6,3.9,shrub
551391.38,4162998.09,-122.417711,37.612646,5.6,5.0,shrub
552537.38,4161207.09,-122.4048555,37.5964389,5.6,4.5,shrub
553069.38,4162905.09,-122.3987061,37.6117125,5.6,2.3,shrub
552749.38,4161256.09,-122.4024506,37.5968684,5.6,4.2,shrub
552695.38,4163007.09,-122.4029361,37.6126533,5.6,4.0,shrub
553153.38,4162800.09,-122.3977621,37.6107613,5.6,3.6,shrub
552461.38,4162570.09,-122.4056187,37.608728,5.6,4.6,shrub
552466.38,4162573.09,-122.4055618,37.6087548,5.6,6.6,shrub
553186.38,4162000.09,-122.3974464,37.603549,5.6,1.6,shrub
552164.38,4161131.09,-122.4090861,37.5957752,5.6,5.1,shrub
552310.38,4162331.09,-122.4073465,37.6065825,5.6,4.9,shrub
552671.38,4161259.09,-122.4033339,37.5968999,5.6,3.2,shrub
552030.38,4161217.09,-122.4105978,37.5965579,5.6,4.4,shrub
552044.38,4162577.09,-122.4103425,37.6088148,5.6,6.4,shrub
552080.38,4162832.09,-122.4099165,37.6111111,5.6,3.9,shrub
553073.38,4162469.09,-122.3986924,37.6077826,5.6,3.3,shrub
553154.38,4162265.09,-122.3977896,37.6059393,5.6,3.6,shrub
552719.38,4162439.09,-122.4027051,37.6075326,5.6,3.6,shrub
552875.38,4161466.09,-122.4010081,37.5987539,5.6,7.2,shrub
552818.38,4162084.09,-122.4016092,37.6043273,5.6,4.1,shrub
551746.38,4161639.09,-122.413785,37.6003774,5.6,3.2,shrub
552122.38,4162437.09,-122.4094688,37.6075486,5.6,4.5,shrub
553229.38,4161831.09,-122.3969715,37.6020233,5.6,3.2,shrub
552868.38,4162865.09,-122.4009863,37.6113635,5.6,2.7,shrub
552785.38,4162255.09,-122.4019707,37.6058704,5.6,3.9,shrub
552455.38,4162566.09,-122.4056869,37.6086923,5.6,5.4,shrub
552849.38,4161955.09,-122.4012673,37.6031628,5.6,2.2,shrub
551803.38,4162368.09,-122.4130877,37.6069447,5.6,3.1,shrub
552784.38,4163049.09,-122.4019247,37.6130268,5.6,3.2,shrub
551526.38,4162650.09,-122.416206,37.6095019,5.6,4.7,shrub
552132.38,4163100.09,-122.4093082,37.6135236,5.6,5.1,shrub
551228.38,4161524.09,-122.419661,37.5993699,5.6,4.3,shrub
552212.38,4161542.09,-122.408513,37.5994768,5.6,2.2,shrub
552407.38,4162391.09,-122.4062433,37.6071178,5.6,3.4,shrub
551466.38,4161697.09,-122.4169528,37.6009159,5.6,3.3,shrub
551776.38,4162442.09,-122.4133883,37.6076132,5.6,4.8,shrub
552181.38,4161190.09,-122.4088893,37.596306,5.6,6.2,shrub
552199.38,4162613.09,-122.4085839,37.6091305,5.6,7.0,shrub
553229.38,4161395.09,-122.3970032,37.5980936,5.6,3.6,shrub
553227.38,4161446.09,-122.3970222,37.5985534,5.6,4.2,shrub
551296.38,4161478.09,-122.4188939,37.5989515,5.6,7.9,shrub
552459.38,4162952.09,-122.4056139,37.6121711,5.6,2.2,shrub
552796.38,4161665.09,-122.4018887,37.6005521,5.6,3.9,shrub
551343.38,4161129.09,-122.418386,37.5958033,5.6,4.9,shrub
552757.38,4163141.09,-122.402224,37.6138575,5.6,5.0,shrub
551599.38,4163108.09,-122.4153466,37.6136258,5.6,4.3,shrub
552616.38,4161308.09,-122.4039534,37.5973447,5.6,1.8,shrub
552365.38,4162321.09,-122.4067241,37.6064893,5.6,3.7,shrub
553163.38,4162626.09,-122.3976614,37.6091924,5.6,3.3,shrub
551523.38,4162590.09,-122.4162442,37.6089613,5.6,1.7,shrub
552460.38,4161695.09,-122.4056927,37.6008417,5.6,3.7,shrub
551924.38,4163024.09,-122.4116703,37.6128504,5.6,7.0,shrub
552313.38,4162630.09,-122.4072911,37.6092772,5.6,2.6,shrub
552191.38,4161625.09,-122.408745,37.6002261,5.6,3.2,shrub
551994.38,4162990.09,-122.4108796,37.61254,5.6,2.9,shrub
553148.38,4161510.09,-122.3979124,37.5991348,5.6,4.9,shrub
551329.38,4162613.09,-122.4184405,37.6091795,5.6,5.6,shrub
551701.38,4161265.09,-122.4143212,37.5970091,5.6,3.0,shrub
551969.38,4162610.09,-122.4111899,37.6091165,5.6,7.0,shrub
551570.38,4161534.09,-122.4157861,37.5994409,5.6,5.2,shrub
553061.38,4161395.09,-122.3989063,37.5981033,5.6,4.1,shrub
553051.38,4162207.09,-122.3989607,37.6054224,5.6,3.9,shrub
551798.38,4162745.09,-122.4131176,37.6103429,5.6,4.1,shrub
551621.38,4162046.09,-122.4151723,37.6040527,5.6,3.7,shrub
552636.38,4162294.09,-122.4036559,37.6062304,5.6,3.9,shrub
552137.38,4162467.09,-122.4092967,37.6078181,5.6,4.1,shrub
551868.38,4161226.09,-122.4124322,37.5966482,5.5,7.0,shrub
552916.38,4161481.09,-122.4005426,37.5988868,5.5,3.4,shrub
553219.38,4161824.09,-122.3970853,37.6019608,5.5,4.2,shrub
551508.38,4161467.09,-122.4164932,37.5988405,5.5,4.5,shrub
552597.38,4162482.09,-122.4040842,37.6079271,5.5,4.1,shrub
552234.38,4162404.09,-122.4082023,37.6072448,5.5,3.9,shrub
552553.38,4162454.09,-122.4045847,37.6076773,5.5,3.7,shrub
552445.38,4163103.09,-122.4057617,37.6135329,5.5,3.7,shrub
552028.38,4162393.09,-122.4105369,37.6071573,5.5,3.9,shrub
551216.38,4162232.09,-122.4197474,37.6057518,5.5,1.6,shrub
552676.38,4161314.09,-122.4032733,37.5973954,5.5,4.4,shrub
551716.38,4162168.09,-122.4140874,37.605147,5.5,3.0,shrub
552197.38,4162605.09,-122.4086071,37.6090585,5.5,6.2,shrub
552719.38,4162039.09,-122.402734,37.6039274,5.5,4.4,shrub
551878.38,4162869.09,-122.4122025,37.611456,5.5,3.8,shrub
553076.38,4162057.09,-122.3986884,37.6040691,5.5,3.7,shrub
552935.38,4162104.09,-122.4002823,37.6045008,5.5,4.3,shrub
551528.38,4161747.09,-122.4162469,37.6013631,5.5,4.4,shrub
552512.38,4161145.09,-122.4051431,37.5958816,5.5,3.4,shrub
552535.38,4161261.09,-122.4048743,37.5969258,5.5,4.9,shrub
552299.38,4161199.09,-122.407552,37.5963804,5.5,5.5,shrub
552984.38,4162168.09,-122.3997225,37.6050748,5.5,3.1,shrub
551740.38,4162597.09,-122.4137852,37.6090122,5.5,3.7,shrub
552725.38,4162241.09,-122.4026514,37.6057476,5.5,2.7,shrub
552079.38,4162947.09,-122.4099196,37.6121476,5.5,4.2,shrub
551441.38,4161794.09,-122.4172292,37.6017915,5.5,4.4,shrub
552623.38,4161572.09,-122.4038551,37.5997238,5.5,4.4,shrub
552735.38,4162888.09,-122.4024915,37.6115785,5.5,3.4,shrub
552618.38,4162227.09,-122.4038646,37.6056276,5.5,4.1,shrub
552267.38,4162997.09,-122.407786,37.6125876,5.5,3.1,shrub
552648.38,4162722.09,-122.4034891,37.6100873,5.5,3.9,shrub
553057.38,4161993.09,-122.3989082,37.6034933,5.5,1.5,shrub
552905.38,4161698.09,-122.4006515,37.6008432,5.5,2.8,shrub
552806.38,4162245.09,-122.4017335,37.605779,5.5,3.9,shrub
551334.38,4162862.09,-122.4183663,37.6114234,5.5,3.6,shrub
552171.38,4162563.09,-122.4089047,37.6086814,5.5,7.2,shrub
552154.38,4162504.09,-122.4091015,37.6081506,5.5,6.1,shrub
551806.38,4162891.09,-122.4130166,37.6116583,5.5,3.9,shrub
552218.38,4161468.09,-122.4084503,37.5988095,5.5,2.9,shrub
552594.38,4162992.09,-122.4040815,37.6125239,5.5,5.9,shrub
551249.38,4162312.09,-122.4193679,37.606471,5.5,2.7,shrub
551917.38,4162800.09,-122.4117655,37.6108319,5.5,2.6,shrub
552961.38,4162819.09,-122.399936,37.6109436,5.5,2.5,shrub
552524.38,4161334.09,-122.4049937,37.5975843,5.5,5.4,shrub
552170.38,4161165.09,-122.4090157,37.5960813,5.5,2.8,shrub
551813.38,4161784.09,-122.4130157,37.6016805,5.5,4.5,shrub
552961.38,4161530.09,-122.4000293,37.5993258,5.5,5.2,shrub
551370.38,4161410.09,-122.4180604,37.5983345,5.5,3.4,shrub
551329.38,4162929.09,-122.4184183,37.6120276,5.5,4.6,shrub
552568.38,4161229.09,-122.4045028,37.5966355,5.5,5.0,shrub
552553.38,4163069.09,-122.4045405,37.6132203,5.5,2.7,shrub
552631.38,4162089.09,-122.4037273,37.604383,5.5,4.1,shrub
553160.38,4161735.09,-122.3977601,37.601162,5.5,2.8,shrub
551365.38,4162433.09,-122.4180452,37.6075551,5.5,1.9,shrub
551769.38,4162889.09,-122.413436,37.6116424,5.5,4.4,shrub
553205.38,4161475.09,-122.3972693,37.598816,5.5,3.4,shrub
553000.38,4161265.09,-122.3996067,37.5969351,5.5,6.1,shrub
551944.38,4162364.09,-122.4114906,37.6069007,5.5,5.6,shrub
552363.38,4162639.09,-122.406724,37.6093555,5.5,3.7,shrub
552552.38,4161323.09,-122.4046773,37.5974836,5.5,4.5,shrub
552643.38,4161779.09,-122.4036136,37.6015883,5.5,2.6,shrub
552792.38,4162257.09,-122.4018912,37.605888,5.5,3.8,shrub
553102.38,4162863.09,-122.3983353,37.611332,5.5,3.1,shrub
552712.38,4163117.09,-122.4027356,37.6136438,5.5,3.5,shrub
552636.38,4162600.09,-122.4036339,37.6089884,5.5,5.8,shrub
552651.38,4161345.09,-122.4035542,37.5976762,5.5,6.2,shrub
551836.38,4162484.09,-122.4127056,37.6079884,5.5,3.7,shrub
552179.38,4162601.09,-122.4088113,37.6090235,5.5,7.1,shrub
552621.38,4162029.09,-122.4038449,37.6038428,5.5,4.7,shrub
552174.38,4162577.09,-122.4088697,37.6088074,5.5,6.5,shrub
551296.38,4161574.09,-122.4188872,37.5998168,5.5,4.3,shrub
552838.38,4162513.09,-122.4013516,37.6081927,5.5,4.2,shrub
551370.38,4162039.09,-122.4180163,37.6040037,5.5,2.0,shrub
553001.38,4161234.09,-122.3995976,37.5966557,5.5,3.5,shrub
552276.38,4161271.09,-122.4078074,37.5970306,5.5,4.2,shrub
552044.38,4162524.09,-122.4103463,37.6083371,5.5,3.4,shrub
551363.38,4162857.09,-122.4180381,37.6113768,5.5,4.7,shrub
552176.38,4162587.09,-122.4088463,37.6088975,5.5,4.6,shrub
551640.38,4161664.09,-122.414984,37.6006087,5.5,3.1,shrub
552176.38,4162634.09,-122.408843,37.6093211,5.5,2.5,shrub
552669.38,4162653.09,-122.4032562,37.6094642,5.5,4.4,shrub
552872.38,4162873.09,-122.4009404,37.6114354,5.5,2.6,shrub
552670.38,4162523.09,-122.4032542,37.6082925,5.5,3.6,shrub
552406.38,4162678.09,-122.406234,37.6097046,5.5,3.7,shrub
553016.38,4162058.09,-122.399368,37.6040815,5.5,4.7,shrub
552863.38,4161650.09,-122.4011308,37.600413,5.5,3.7,shrub
551978.38,4161490.09,-122.4111675,37.5990214,5.5,4.7,shrub
551658.38,4161230.09,-122.4148107,37.596696,5.5,4.7,shrub
551943.38,4162482.09,-122.4114935,37.6079643,5.5,6.5,shrub
553091.38,4162199.09,-122.3985081,37.605348,5.5,4.8,shrub
552425.38,4162152.09,-122.4060565,37.6049626,5.5,7.2,shrub
553109.38,4162839.09,-122.3982577,37.6111153,5.5,5.6,shrub
552582.38,4161785.09,-122.4043042,37.6016459,5.5,5.8,shrub
553229.38,4161612.09,-122.3969875,37.6000494,5.5,3.8,shrub
551710.38,4161982.09,-122.4141686,37.6034709,5.5,5.0,shrub
552075.38,4162758.09,-122.4099784,37.6104444,5.5,2.9,shrub
551870.38,4162188.09,-122.4123414,37.6053186,5.5,4.3,shrub
552777.38,4163049.09,-122.402004,37.6130272,5.5,3.9,shrub
553227.38,4162004.09,-122.3969816,37.6035826,5.5,5.7,shrub
552275.38,4162363.09,-122.4077407,37.6068729,5.5,3.8,shrub
551815.38,4162182.09,-122.4129649,37.6052676,5.5,3.3,shrub
551678.38,4163022.09,-122.4144576,37.6128463,5.5,2.8,shrub
552860.38,4162309.09,-122.4011171,37.6063528,5.5,2.5,shrub
552510.38,4163084.09,-122.4050266,37.6133579,5.5,4.3,shrub
552098.38,4162346.09,-122.4097472,37.6067297,5.5,3.4,shrub
552741.38,4161232.09,-122.4025429,37.5966526,5.5,5.2,shrub
552058.38,4163138.09,-122.4101439,37.6138703,5.5,4.1,shrub
551272.38,4161496.09,-122.4191645,37.5991151,5.5,3.4,shrub
552312.38,4162875.09,-122.4072849,37.6114855,5.5,2.6,shrub
551839.38,4162528.09,-122.4126685,37.6083848,5.4,4.8,shrub
552630.38,4163070.09,-122.403668,37.6132249,5.4,4.3,shrub
552677.38,4161219.09,-122.4032688,37.5965391,5.4,3.6,shrub
552263.38,4162854.09,-122.4078416,37.611299,5.4,5.2,shrub
553132.38,4161942.09,-122.3980623,37.6030293,5.4,3.2,shrub
552210.38,4163016.09,-122.4084305,37.6127621,5.4,5.5,shrub
552195.38,4163014.09,-122.4086006,37.6127449,5.4,3.6,shrub
552749.38,4161726.09,-122.4024167,37.6011046,5.4,3.4,shrub
552214.38,4162642.09,-122.4084119,37.609391,5.4,3.1,shrub
551531.38,4162023.09,-122.4161935,37.6038505,5.4,4.0,shrub
552482.38,4161591.09,-122.405451,37.5999031,5.4,3.2,shrub
553183.38,4162748.09,-122.397426,37.6102909,5.4,3.1,shrub
552177.38,4162592.09,-122.4088346,37.6089425,5.4,3.9,shrub
552182.38,4162616.09,-122.4087763,37.6091585,5.4,6.1,shrub
553080.38,4162299.09,-122.3986255,37.60625,5.4,3.7,shrub
552663.38,4161107.09,-122.4034354,37.5955304,5.4,3.3,shrub
553100.38,4162968.09,-122.3983503,37.6122785,5.4,1.5,shrub
552626.38,4162919.09,-122.4037242,37.6118641,5.4,5.3,shrub
552380.38,4161302.09,-122.4066271,37.5973041,5.4,7.3,shrub
552979.38,4162021.09,-122.3997898,37.6037502,5.4,6.1,shrub
553028.38,4161877.09,-122.3992452,37.6024495,5.4,2.2,shrub
551260.38,4162357.09,-122.4192401,37.606876,5.4,3.3,shrub
552785.38,4162704.09,-122.4019383,37.6099172,5.4,4.2,shrub
553210.38,4161490.09,-122.3972116,37.5989509,5.4,4.6,shrub
552542.38,4161727.09,-122.4047615,37.6011254,5.4,3.6,shrub
552533.38,4161332.09,-122.4048918,37.5975658,5.4,5.5,shrub
552543.38,4161207.09,-122.4047875,37.5964386,5.4,4.2,shrub
551494.38,4161538.09,-122.4166468,37.5994812,5.4,2.9,shrub
552016.38,4161604.09,-122.4107289,37.6000467,5.4,3.1,shrub
552682.38,4162626.09,-122.4031108,37.6092201,5.4,4.3,shrub
552400.38,4162590.09,-122.4063083,37.6089118,5.4,7.5,shrub
552464.38,4161247.09,-122.4056795,37.5968036,5.4,4.8,shrub
553098.38,4162868.09,-122.3983803,37.6113773,5.4,3.0,shrub
553180.38,4162086.09,-122.3975081,37.6043244,5.4,2.6,shrub
553106.38,4161573.09,-122.3983836,37.599705,5.4,3.2,shrub
551411.38,4162840.09,-122.4174955,37.6112209,5.4,4.5,shrub
552599.38,4163011.09,-122.4040235,37.6126949,5.4,3.6,shrub
552450.38,4162936.09,-122.405717,37.6120274,5.4,2.1,shrub
552180.38,4162734.09,-122.4087905,37.6102222,5.4,7.5,shrub
551514.38,4162739.09,-122.4163356,37.6103048,5.4,3.3,shrub
552713.38,4162259.09,-122.4027861,37.6059106,5.4,2.7,shrub
552187.38,4163122.09,-122.4086835,37.6137188,5.4,2.8,shrub
552945.38,4161234.09,-122.400232,37.5966589,5.4,4.1,shrub
551458.38,4162649.09,-122.4169764,37.6094967,5.4,8.2,shrub
552110.38,4162702.09,-122.4095859,37.6099377,5.4,2.6,shrub
551355.38,4161463.09,-122.4182266,37.598813,5.4,6.8,shrub
552196.38,4161134.09,-122.4087234,37.5958004,5.4,3.1,shrub
552057.38,4163092.09,-122.4101586,37.6134558,5.4,2.0,shrub
553118.38,4162559.09,-122.3981761,37.6085912,5.4,4.2,shrub
552898.38,4162233.09,-122.4006921,37.6056656,5.4,3.7,shrub
553165.38,4161335.09,-122.3977326,37.5975565,5.4,4.9,shrub
552814.38,4162626.09,-122.4016154,37.6092125,5.4,3.4,shrub
551787.38,4161613.09,-122.4133224,37.6001408,5.4,3.3,shrub
552445.38,4162608.09,-122.4057972,37.6090714,5.4,4.5,shrub
552607.38,4162097.09,-122.4039986,37.6044565,5.4,3.6,shrub
552275.38,4161348.09,-122.4078132,37.5977247,5.4,4.0,shrub
552222.38,4162227.09,-122.4083509,37.6056502,5.4,3.9,shrub
552794.38,4162129.09,-122.4018778,37.6047342,5.4,5.8,shrub
552758.38,4161773.09,-122.4023113,37.6015277,5.4,2.7,shrub
552877.38,4161266.09,-122.4009999,37.5969512,5.4,3.0,shrub
552226.38,4163009.09,-122.4082497,37.6126981,5.4,6.3,shrub
552670.38,4161461.09,-122.4033307,37.5987206,5.4,4.6,shrub
551314.38,4162927.09,-122.4185884,37.6120104,5.4,5.4,shrub
552674.38,4161466.09,-122.403285,37.5987655,5.4,4.7,shrub
552795.38,4162198.09,-122.4018615,37.6053561,5.4,2.8,shrub
553000.38,4161850.09,-122.3995643,37.6022077,5.4,2.0,shrub
552401.38,4162678.09,-122.4062907,37.6097049,5.4,4.8,shrub
552627.38,4161231.09,-122.4038343,37.5966501,5.4,2.9,shrub
552414.38,4162431.09,-122.4061611,37.6074779,5.4,4.5,shrub
553100.38,4161443.09,-122.398461,37.5985337,5.4,5.4,shrub
551990.38,4162448.09,-122.4109634,37.6076552,5.4,3.5,shrub
552731.38,4161262.09,-122.402654,37.5969235,5.4,4.0,shrub
552087.38,4161334.09,-122.4099438,37.5976092,5.4,5.3,shrub
551276.38,4162662.09,-122.4190375,37.6096241,5.4,4.9,shrub
552978.38,4163038.09,-122.3997275,37.6129165,5.4,2.1,shrub
552844.38,4161889.09,-122.4013287,37.6025682,5.4,4.6,shrub
553148.38,4161559.09,-122.3979089,37.5995764,5.4,3.6,shrub
551923.38,4161577.09,-122.4117843,37.5998086,5.4,2.8,shrub
552045.38,4162481.09,-122.410338,37.6079495,5.4,3.5,shrub
552663.38,4161691.09,-122.4033934,37.600794,5.4,3.2,shrub
551475.38,4161671.09,-122.4168526,37.600681,5.4,3.2,shrub
553046.38,4162966.09,-122.3989623,37.6122636,5.4,10.7,shrub
552194.38,4162589.09,-122.4086422,37.6089145,5.4,4.5,shrub
552156.38,4161647.09,-122.4091399,37.6004264,5.4,2.8,shrub
552323.38,4162576.09,-122.4071817,37.60879,5.4,3.0,shrub
551207.38,4163120.09,-122.4197871,37.6137559,5.4,4.1,shrub
551272.38,4161762.09,-122.4191459,37.6015126,5.4,4.5,shrub
552275.38,4162370.09,-122.4077402,37.606936,5.4,4.1,shrub
551873.38,4161562.09,-122.4123518,37.5996763,5.4,2.9,shrub
552192.38,4161423.09,-122.4087481,37.5984054,5.4,4.5,shrub
551965.38,4161438.09,-122.4113184,37.5985534,5.4,5.4,shrub
552520.38,4162852.09,-122.40493,37.6112663,5.4,2.2,shrub
553112.38,4161286.09,-122.3983365,37.5971179,5.4,5.0,shrub
552899.38,4161738.09,-122.4007166,37.6012041,5.4,3.0,shrub
552683.38,4162314.09,-122.403122,37.606408,5.4,3.7,shrub
552417.38,4162794.09,-122.4061011,37.6107494,5.4,2.5,shrub
551515.38,4161527.09,-122.4164097,37.5993809,5.4,3.5,shrub
551219.38,4161406.09,-122.4197712,37.5983069,5.4,4.4,shrub
553207.38,4161576.09,-122.3972393,37.5997262,5.4,4.7,shrub
551726.38,4161644.09,-122.4140112,37.6004236,5.4,4.3,shrub
551237.38,4162602.09,-122.4194835,37.6090855,5.4,6.5,shrub
551619.38,4161444.09,-122.4152374,37.598627,5.4,3.4,shrub
551621.38,4162554.09,-122.4151364,37.6086314,5.4,3.5,shrub
551981.38,4162904.09,-122.411033,37.6117656,5.4,3.0,shrub
551606.38,4161814.09,-122.4153586,37.6019626,5.4,3.7,shrub
552120.38,4162110.09,-122.4095147,37.6046014,5.4,3.0,shrub
552535.38,4163092.09,-122.4047428,37.6134286,5.4,3.7,shrub
551350.38,4162620.09,-122.4182021,37.6092414,5.4,4.0,shrub
551620.38,4162733.09,-122.4151351,37.6102448,5.4,4.9,shrub
553022.38,4162634.09,-122.3992583,37.6092727,5.4,4.9,shrub
553077.38,4161309.09,-122.3987313,37.5973273,5.4,5.3,shrub
552942.38,4162147.09,-122.4001999,37.6048879,5.4,3.5,shrub
551273.38,4162650.09,-122.4190723,37.6095161,5.4,4.5,shrub
553129.38,4161714.09,-122.3981128,37.6009745,5.4,3.2,shrub
552682.38,4161201.09,-122.4032135,37.5963766,5.4,3.5,shrub
552871.38,4163083.09,-122.4009366,37.6133282,5.4,3.3,shrub
551508.38,4161191.09,-122.4165126,37.5963529,5.4,5.1,shrub
551566.38,4162087.09,-122.4157925,37.6044254,5.4,2.8,shrub
551591.38,4162393.09,-122.4154877,37.6071819,5.4,3.0,shrub
551396.38,4162180.09,-122.4177118,37.6052731,5.4,4.7,shrub
552828.38,4163091.09,-122.4014232,37.6134028,5.4,3.8,shrub
552265.38,4162148.09,-122.4078694,37.6049357,5.3,3.0,shrub
551492.38,4162882.09,-122.4165748,37.6115949,5.3,3.1,shrub
552699.38,4161238.09,-122.4030182,37.5967091,5.3,4.4,shrub
552417.38,4161278.09,-122.4062097,37.5970857,5.3,9.2,shrub
551648.38,4162310.09,-122.4148478,37.6064307,5.3,6.1,shrub
552011.38,4161333.09,-122.4108048,37.5976045,5.3,4.0,shrub
551817.38,4162582.09,-122.4129139,37.6088727,5.3,3.3,shrub
551340.38,4162089.09,-122.4183526,37.604456,5.3,4.7,shrub
551993.38,4162737.09,-122.4109089,37.6102598,5.3,3.1,shrub
552925.38,4162285.09,-122.4003825,37.6061327,5.3,2.3,shrub
552401.38,4161324.09,-122.4063877,37.5975012,5.3,3.0,shrub
552830.38,4162893.09,-122.4014148,37.6116181,5.3,3.0,shrub
552538.38,4161734.09,-122.4048063,37.6011887,5.3,2.1,shrub
552089.38,4162519.09,-122.4098368,37.6082895,5.3,4.8,shrub
551264.38,4162584.09,-122.4191789,37.6089217,5.3,4.1,shrub
552443.38,4162602.09,-122.4058203,37.6090175,5.3,4.9,shrub
552794.38,4162925.09,-122.4018204,37.6119086,5.3,3.4,shrub
551609.38,4163012.09,-122.4152401,37.61276,5.3,5.0,shrub
552332.38,4162664.09,-122.4070734,37.6095826,5.3,3.0,shrub
552819.38,4162127.09,-122.4015948,37.6047148,5.3,3.3,shrub
552704.38,4161237.09,-122.4029617,37.5966998,5.3,4.3,shrub
552394.38,4161757.09,-122.406436,37.6014043,5.3,4.2,shrub
551418.38,4161486.09,-122.4175114,37.5990168,5.3,5.1,shrub
551872.38,4162736.09,-122.4122799,37.6102576,5.3,4.0,shrub
553008.38,4162154.09,-122.3994517,37.6049472,5.3,3.4,shrub
552798.38,4162854.09,-122.4017802,37.6112684,5.3,5.6,shrub
553012.38,4161240.09,-122.3994726,37.5967091,5.3,4.1,shrub
551889.38,4161569.09,-122.41217,37.5997384,5.3,2.8,shrub
551980.38,4161250.09,-122.4111619,37.5968581,5.3,5.2,shrub
551822.38,4161104.09,-122.4129619,37.5955512,5.3,5.0,shrub
551202.38,4162360.09,-122.419897,37.6069063,5.3,4.7,shrub
552449.38,4161713.09,-122.4058161,37.6010045,5.3,7.2,shrub
551785.38,4161547.09,-122.4133497,37.599546,5.3,4.6,shrub
552347.38,4162589.09,-122.4069088,37.6089058,5.3,3.1,shrub
552205.38,4163134.09,-122.4084787,37.6138259,5.3,4.8,shrub
551344.38,4161102.09,-122.4183766,37.5955599,5.3,5.6,shrub
551444.38,4161530.09,-122.4172137,37.5994119,5.3,4.7,shrub
552905.38,4162319.09,-122.4006066,37.6064403,5.3,4.9,shrub
551722.38,4163074.09,-122.4139554,37.6133125,5.3,3.1,shrub
552876.38,4162809.09,-122.4008997,37.6108584,5.3,4.0,shrub
552545.38,4161670.09,-122.4047316,37.6006115,5.3,5.6,shrub
552219.38,4161294.09,-122.4084514,37.5972412,5.3,5.7,shrub
553078.38,4162327.09,-122.3986461,37.6065024,5.3,2.4,shrub
552856.38,4161343.09,-122.4012322,37.5976464,5.3,2.4,shrub
552325.38,4161629.09,-122.4072268,37.6002545,5.3,4.5,shrub
553009.38,4162201.09,-122.3994369,37.6053708,5.3,3.0,shrub
552139.38,4161542.09,-122.40934,37.5994809,5.3,2.8,shrub
552558.38,4162884.09,-122.4044972,37.6115526,5.3,4.6,shrub
552863.38,4162885.09,-122.4010415,37.6115441,5.3,2.3,shrub
552702.38,4161315.09,-122.4029787,37.5974029,5.3,3.9,shrub
552285.38,4161329.09,-122.4077013,37.5975529,5.3,2.8,shrub
552284.38,4162934.09,-122.4075979,37.6120188,5.3,6.2,shrub
552159.38,4162440.09,-122.4090494,37.6075735,5.3,5.5,shrub
551960.38,4162829.09,-122.4112763,37.6110908,5.3,3.0,shrub
551858.38,4162872.09,-122.4124288,37.6114842,5.3,9.8,shrub
551918.38,4163107.09,-122.4117324,37.6135988,5.3,3.1,shrub
551339.38,4162632.09,-122.4183258,37.6093502,5.3,4.4,shrub
552942.38,4162424.09,-122.4001798,37.6073846,5.3,4.1,shrub
551890.38,4161499.09,-122.4121637,37.5991075,5.3,3.3,shrub
553127.38,4161585.09,-122.3981449,37.599812,5.3,4.5,shrub
552774.38,4162275.09,-122.4020939,37.6060513,5.3,2.6,shrub
552242.38,4161230.09,-122.4081955,37.596663,5.3,4.0,shrub
552515.38,4161777.09,-122.4050638,37.6015776,5.3,2.4,shrub
551769.38,4161616.09,-122.4135261,37.6001688,5.3,3.7,shrub
553110.38,4161940.09,-122.3983117,37.6030126,5.3,1.5,shrub
552085.38,4161325.09,-122.4099671,37.5975282,5.3,5.2,shrub
553146.38,4162793.09,-122.3978419,37.6106986,5.3,2.5,shrub
552074.38,4161291.09,-122.4100941,37.5972224,5.3,3.9,shrub
552727.38,4162124.09,-122.4026372,37.604693,5.3,3.5,shrub
552224.38,4161585.09,-122.408374,37.5998637,5.3,3.9,shrub
551436.38,4161187.09,-122.4173285,37.5963209,5.3,6.4,shrub
552192.38,4162579.09,-122.4086656,37.6088245,5.3,3.3,shrub
552947.38,4161183.09,-122.400213,37.5961991,5.3,2.7,shrub
552476.38,4161260.09,-122.4055427,37.5969201,5.3,3.3,shrub
552620.38,4162510.09,-122.4038216,37.6081782,5.3,4.3,shrub
552537.38,4162517.09,-122.4047614,37.608246,5.3,3.2,shrub
552753.38,4162512.09,-122.4023147,37.6081886,5.3,4.7,shrub
552671.38,4162293.09,-122.4032595,37.6062194,5.3,3.3,shrub
552688.38,4162844.09,-122.4030272,37.6111846,5.3,4.5,shrub
551315.38,4162632.09,-122.4185977,37.6093515,5.3,3.5,shrub
551393.38,4162011.09,-122.4177577,37.6037501,5.3,2.9,shrub
551435.38,4161371.09,-122.4173269,37.5979794,5.3,3.8,shrub
553115.38,4162299.09,-122.398229,37.6062479,5.3,3.2,shrub
551523.38,4162920.09,-122.4162209,37.6119356,5.3,3.2,shrub
552191.38,4162574.09,-122.4086773,37.6087794,5.3,3.6,shrub
552143.38,4161621.09,-122.409289,37.6001928,5.3,4.5,shrub
551856.38,4162519.09,-122.4124765,37.6083027,5.3,2.8,shrub
552710.38,4162453.09,-122.4028061,37.6076593,5.3,4.0,shrub
551562.38,4162571.09,-122.4158037,37.6087879,5.3,3.1,shrub
552162.38,4162887.09,-122.4089835,37.6116022,5.3,2.9,shrub
552544.38,4161974.09,-122.4047211,37.6033515,5.3,3.6,shrub
552815.38,4161881.09,-122.4016578,37.6024978,5.3,1.5,shrub
553028.38,4162717.09,-122.3991843,37.6100204,5.3,3.7,shrub
551642.38,4161952.09,-122.414941,37.6032043,5.3,2.1,shrub
551766.38,4161598.09,-122.4135613,37.6000068,5.3,4.1,shrub
553193.38,4162603.09,-122.3973232,37.6089834,5.3,3.9,shrub
552601.38,4162493.09,-122.4040381,37.608026,5.3,2.8,shrub
553097.38,4162299.09,-122.3984329,37.606249,5.3,3.6,shrub
551921.38,4161281.09,-122.411828,37.5971409,5.3,4.0,shrub
552019.38,4162455.09,-122.4106344,37.6077166,5.3,5.3,shrub
551396.38,4162214.09,-122.4177094,37.6055795,5.3,3.4,shrub
552721.38,4163008.09,-122.4026415,37.6126608,5.3,5.3,shrub
553068.38,4162261.09,-122.3987642,37.6059082,5.3,3.4,shrub
552912.38,4162073.09,-122.4005451,37.6042227,5.3,4.8,shrub
552306.38,4162469.09,-122.4073819,37.6078265,5.3,1.7,shrub
553172.38,4161340.09,-122.3976529,37.5976012,5.3,4.8,shrub
552441.38,4162156.09,-122.4058749,37.6049978,5.3,10.2,shrub
552576.38,4161775.09,-122.4043729,37.6015561,5.3,2.8,shrub
551955.38,4161120.09,-122.4114543,37.5956879,5.3,3.8,shrub
551860.38,4163022.09,-122.4123955,37.612836,5.3,3.7,shrub
553196.38,4161154.09,-122.3973946,37.5959234,5.3,3.1,shrub
552453.38,4162159.09,-122.4057388,37.6050241,5.3,8.0,shrub
552508.38,4161123.09,-122.40519,37.5956835,5.3,6.3,shrub
552984.38,4161683.09,-122.3997577,37.6007035,5.3,3.1,shrub
551757.38,4162687.09,-122.4135862,37.6098224,5.3,5.3,shrub
552562.38,4161548.09,-122.4045478,37.5995109,5.3,2.0,shrub
553161.38,4162998.09,-122.397657,37.6125454,5.3,6.5,shrub
551973.38,4161411.09,-122.4112297,37.5983096,5.3,5.1,shrub
552523.38,4161533.09,-122.4049907,37.599378,5.3,3.0,shrub
552687.38,4162489.09,-122.4030641,37.607985,5.3,4.2,shrub
551773.38,4162961.09,-122.4133856,37.6122911,5.3,3.7,shrub
552808.38,4162134.09,-122.4017189,37.6047785,5.3,2.4,shrub
551897.38,4161494.09,-122.4120847,37.599062,5.3,4.0,shrub
552996.38,4162700.09,-122.3995481,37.609869,5.3,2.7,shrub
551325.38,4162644.09,-122.4184836,37.6094591,5.3,5.6,shrub
552689.38,4162259.09,-122.403058,37.6059119,5.3,3.0,shrub
552096.38,4161316.09,-122.4098432,37.5974464,5.3,5.0,shrub
552700.38,4162881.09,-122.4028885,37.6115174,5.3,2.6,shrub
552066.38,4161363.09,-122.4101796,37.5978718,5.3,8.2,shrub
552532.38,4162964.09,-122.404786,37.6122751,5.3,2.0,shrub
553095.38,4161415.09,-122.3985197,37.5982816,5.2,6.4,shrub
551650.38,4161569.09,-122.4148774,37.5997519,5.2,4.2,shrub
552580.38,4161975.09,-122.4043132,37.6033585,5.2,2.9,shrub
553021.38,4162834.09,-122.3992551,37.6110753,5.2,3.5,shrub
551943.38,4162912.09,-122.411463,37.6118399,5.2,5.0,shrub
552400.38,4162635.09,-122.4063051,37.6093173,5.2,2.8,shrub
552010.38,4162648.09,-122.4107226,37.6094567,5.2,3.9,shrub
552189.38,4162564.09,-122.4087007,37.6086894,5.2,5.7,shrub
552293.38,4163052.09,-122.4074875,37.6130819,5.2,4.9,shrub
552458.38,4163059.09,-122.4056176,37.6131356,5.2,2.1,shrub
552637.38,4162687.09,-122.4036163,37.6097725,5.2,5.1,shrub
552676.38,4162158.09,-122.4032125,37.6050024,5.2,2.6,shrub
552340.38,4162702.09,-122.4069801,37.6099246,5.2,2.3,shrub
552899.38,4161656.09,-122.4007225,37.600465,5.2,3.9,shrub
552461.38,4162161.09,-122.405648,37.6050417,5.2,4.4,shrub
551657.38,4162281.09,-122.4147479,37.6061688,5.2,2.4,shrub
553118.38,4161940.09,-122.398221,37.6030121,5.2,2.5,shrub
551380.38,4162903.09,-122.4178423,37.6117904,5.2,3.0,shrub
551962.38,4162953.09,-122.4112448,37.6122083,5.2,4.3,shrub
551960.38,4163011.09,-122.4112633,37.6127312,5.2,1.7,shrub
552729.38,4162722.09,-122.4025714,37.6100827,5.2,4.2,shrub
553198.38,4161453.09,-122.3973502,37.5986181,5.2,5.3,shrub
552986.38,4162624.09,-122.3996669,37.6091846,5.2,2.3,shrub
552057.38,4162830.09,-122.4101772,37.6110944,5.2,3.7,shrub
552824.38,4161747.09,-122.4015655,37.6012895,5.2,3.8,shrub
551917.38,4161363.09,-122.4118675,37.5978802,5.2,8.3,shrub
553067.38,4161927.09,-122.3987997,37.6028979,5.2,5.0,shrub
553165.38,4162993.09,-122.3976121,37.6125001,5.2,9.4,shrub
552176.38,4162431.09,-122.4088574,37.6074914,5.2,3.2,shrub
553118.38,4162435.09,-122.3981851,37.6074735,5.2,3.3,shrub
553031.38,4162665.09,-122.3991541,37.6095516,5.2,4.3,shrub
552791.38,4162465.09,-122.4018876,37.6077628,5.2,3.0,shrub
552656.38,4161161.09,-122.4035109,37.5960175,5.2,3.6,shrub
552796.38,4161857.09,-122.4018748,37.6022826,5.2,4.4,shrub
553217.38,4161417.09,-122.3971376,37.5982926,5.2,4.6,shrub
552614.38,4161271.09,-122.4039787,37.5970114,5.2,3.9,shrub
553164.38,4161730.09,-122.3977152,37.6011167,5.2,3.9,shrub
552082.38,4161206.09,-122.4100096,37.5964558,5.2,4.3,shrub
552564.38,4162892.09,-122.4044286,37.6116243,5.2,2.6,shrub
552936.38,4162742.09,-122.4002248,37.610251,5.2,4.7,shrub
552142.38,4161604.09,-122.4093016,37.6000396,5.2,4.4,shrub
553228.38,4162696.09,-122.3969199,37.6098196,5.2,3.7,shrub
552669.38,4161751.09,-122.4033211,37.6013345,5.2,4.6,shrub
552389.38,4161123.09,-122.406538,37.5956903,5.2,3.3,shrub
553089.38,4162231.09,-122.3985285,37.6056366,5.2,3.2,shrub
552557.38,4161571.09,-122.4046028,37.5997185,5.2,3.7,shrub
552515.38,4162376.09,-122.4050208,37.6069764,5.2,2.8,shrub
552086.38,4162545.09,-122.4098689,37.608524,5.2,4.4,shrub
553124.38,4162502.09,-122.3981123,37.6080771,5.2,3.1,shrub
552110.38,4162575.09,-122.4095949,37.6087931,5.2,3.2,shrub
552739.38,4162427.09,-122.4024794,37.6074233,5.2,4.3,shrub
552432.38,4162338.09,-122.4059638,37.6066387,5.2,5.6,shrub
551661.38,4162534.09,-122.4146847,37.6084489,5.2,3.8,shrub
552950.38,4161790.09,-122.4001351,37.6016698,5.2,2.7,shrub
553180.38,4162767.09,-122.3974586,37.6104623,5.2,2.7,shrub
553168.38,4161158.09,-122.3977114,37.595961,5.2,2.5,shrub
553001.38,4162710.09,-122.3994907,37.6099589,5.2,4.9,shrub
552662.38,4161454.09,-122.4034218,37.598658,5.2,2.8,shrub
551460.38,4161113.09,-122.4170618,37.5956526,5.2,3.1,shrub
551919.38,4162602.09,-122.4117569,37.6090472,5.2,3.6,shrub
553172.38,4162489.09,-122.3975694,37.6079571,5.2,3.0,shrub
552711.38,4161307.09,-122.4028773,37.5973303,5.2,5.0,shrub
551590.38,4161846.09,-122.4155376,37.6022519,5.2,5.8,shrub
552751.38,4162924.09,-122.4023076,37.611902,5.2,3.4,shrub
553043.38,4162957.09,-122.3989969,37.6121827,5.2,4.5,shrub
551365.38,4162099.09,-122.4180687,37.6045448,5.2,4.1,shrub
552970.38,4162194.09,-122.3998793,37.6053099,5.2,6.0,shrub
551871.38,4163025.09,-122.4122707,37.6128624,5.2,4.6,shrub
552136.38,4161137.09,-122.4094028,37.5958308,5.2,4.7,shrub
551675.38,4161655.09,-122.4145882,37.6005256,5.2,2.9,shrub
552589.38,4162008.09,-122.4042089,37.6036554,5.2,2.8,shrub
552338.38,4161180.09,-122.4071116,37.5962069,5.2,3.5,shrub
552435.38,4162239.09,-122.405937,37.6057462,5.2,4.2,shrub
552440.38,4162350.09,-122.4058724,37.6067464,5.2,5.3,shrub
552487.38,4162041.09,-122.4053621,37.6039587,5.2,2.8,shrub
551508.38,4162671.09,-122.4164084,37.6096922,5.2,3.9,shrub
552185.38,4161150.09,-122.4088468,37.5959452,5.2,3.8,shrub
551780.38,4161276.09,-122.4134255,37.5971038,5.2,3.7,shrub
551982.38,4162447.09,-122.4110542,37.6076466,5.2,1.7,shrub
551795.38,4162697.09,-122.413155,37.6099104,5.2,7.7,shrub
551693.38,4161760.09,-122.4143768,37.601471,5.2,1.7,shrub
552314.38,4161116.09,-122.407388,37.5956315,5.2,3.4,shrub
551209.38,4162012.09,-122.4198421,37.6037693,5.2,3.0,shrub
552469.38,4162489.09,-122.4055338,37.6079975,5.2,3.0,shrub
551636.38,4161810.09,-122.415019,37.6019248,5.2,2.3,shrub
552240.38,4161591.09,-122.4081924,37.5999169,5.2,2.9,shrub
552164.38,4162919.09,-122.4089586,37.6118905,5.2,3.3,shrub
552538.38,4161793.09,-122.4048021,37.6017205,5.2,1.7,shrub
552736.38,4161898.09,-122.4025515,37.6026555,5.2,1.6,shrub
552952.38,4162775.09,-122.4000411,37.6105475,5.2,4.6,shrub
553159.38,4162232.09,-122.3977354,37.6056415,5.2,4.0,shrub
552607.38,4161380.09,-122.4040502,37.5979942,5.2,3.8,shrub
552376.38,4162713.09,-122.4065714,37.6100217,5.2,4.7,shrub
553060.38,4162452.09,-122.398841,37.6076301,5.2,2.9,shrub
552823.38,4161655.09,-122.4015835,37.6004604,5.2,2.8,shrub
552438.38,4162469.09,-122.4058865,37.607819,5.2,5.0,shrub
552470.38,4161599.09,-122.4055863,37.5999759,5.2,5.2,shrub
551407.38,4161629.09,-122.4176259,37.6003063,5.2,3.6,shrub
552089.38,4162514.09,-122.4098372,37.6082444,5.2,3.9,shrub
551442.38,4162073.09,-122.4171982,37.6043061,5.2,2.8,shrub
552643.38,4161154.09,-122.4036586,37.5959552,5.2,4.4,shrub
553014.38,4161554.09,-122.3994272,37.5995391,5.2,2.8,shrub
552939.38,4161763.09,-122.4002616,37.6014271,5.2,4.4,shrub
552178.38,4161633.09,-122.4088917,37.6002989,5.2,2.8,shrub
551632.38,4162677.09,-122.4150031,37.6097393,5.2,2.1,shrub
552834.38,4161114.09,-122.401498,37.5955837,5.2,5.6,shrub
551442.38,4161330.09,-122.4172505,37.5976094,5.2,6.1,shrub
552570.38,4161143.09,-122.4044863,37.5958602,5.2,3.9,shrub
551847.38,4162724.09,-122.412564,37.6101509,5.2,4.1,shrub
551490.38,4161729.09,-122.4166786,37.601203,5.2,1.5,shrub
551986.38,4163064.09,-122.410965,37.6132074,5.2,5.0,shrub
552806.38,4162038.09,-122.4017485,37.6039134,5.2,2.4,shrub
552142.38,4161635.09,-122.4092994,37.600319,5.2,5.0,shrub
552797.38,4161869.09,-122.4018626,37.6023907,5.1,4.0,shrub
552490.38,4163007.09,-122.4052587,37.6126651,5.1,5.1,shrub
551975.38,4161396.09,-122.4112081,37.5981743,5.1,3.7,shrub
552807.38,4161677.09,-122.4017632,37.6006596,5.1,3.5,shrub
551432.38,4162710.09,-122.4172667,37.610048,5.1,1.7,shrub
552524.38,4163129.09,-122.4048648,37.6137627,5.1,1.9,shrub
551731.38,4161336.09,-122.4139763,37.5976473,5.1,3.3,shrub
552639.38,4162403.09,-122.4036141,37.6072127,5.1,5.2,shrub
552844.38,4161932.09,-122.4013256,37.6029558,5.1,2.5,shrub
552934.38,4162417.09,-122.400271,37.6073219,5.1,4.9,shrub
552798.38,4161893.09,-122.4018495,37.6026069,5.1,3.8,shrub
552968.38,4161635.09,-122.3999424,37.6002718,5.1,3.0,shrub
551826.38,4161493.09,-122.4128891,37.599057,5.1,2.6,shrub
551306.38,4161396.09,-122.4187864,37.5982119,5.1,4.9,shrub
551710.38,4162922.09,-122.4141021,37.6119432,5.1,3.9,shrub
553207.38,4161363.09,-122.3972548,37.5978065,5.1,5.2,shrub
552938.38,4161772.09,-122.4002723,37.6015083,5.1,4.1,shrub
552957.38,4161781.09,-122.4000564,37.6015883,5.1,4.0,shrub
553068.38,4161754.09,-122.398801,37.6013386,5.1,2.4,shrub
551753.38,4162239.09,-122.4136633,37.6057848,5.1,1.7,shrub
551858.38,4161542.09,-122.4125231,37.5994968,5.1,7.4,shrub
553131.38,4161609.09,-122.3980978,37.600028,5.1,5.4,shrub
552362.38,4161656.09,-122.4068057,37.6004958,5.1,2.0,shrub
552629.38,4162348.09,-122.4037313,37.6067175,5.1,5.3,shrub
552805.38,4163094.09,-122.4016835,37.6134311,5.1,3.3,shrub
553044.38,4162479.09,-122.3990203,37.6078744,5.1,2.1,shrub
552582.38,4161725.09,-122.4043086,37.6011051,5.1,4.7,shrub
551388.38,4162933.09,-122.4177495,37.6120604,5.1,2.5,shrub
552808.38,4162168.09,-122.4017164,37.6050849,5.1,3.2,shrub
552152.38,4161562.09,-122.4091913,37.5996605,5.1,2.6,shrub
551222.38,4162014.09,-122.4196947,37.6037866,5.1,4.6,shrub
553172.38,4162221.09,-122.3975889,37.6055416,5.1,5.0,shrub
552524.38,4161865.09,-122.4049555,37.6023702,5.1,4.8,shrub
551370.38,4161523.09,-122.4180525,37.599353,5.1,2.2,shrub
552545.38,4161884.09,-122.4047163,37.6025403,5.1,4.7,shrub
552459.38,4163098.09,-122.4056034,37.613487,5.1,2.9,shrub
552040.38,4162399.09,-122.4104005,37.6072107,5.1,4.8,shrub
551643.38,4162001.09,-122.4149262,37.6036459,5.1,2.5,shrub
552699.38,4161853.09,-122.4029739,37.6022521,5.1,2.8,shrub
553059.38,4162884.09,-122.398821,37.6115238,5.1,2.5,shrub
552006.38,4163045.09,-122.4107397,37.6130351,5.1,5.0,shrub
552768.38,4163116.09,-122.4021012,37.6136316,5.1,3.3,shrub
552920.38,4161666.09,-122.4004839,37.600554,5.1,2.9,shrub
552617.38,4162811.09,-122.4038339,37.6108912,5.1,3.8,shrub
552833.38,4162065.09,-122.4014406,37.6041552,5.1,4.2,shrub
552571.38,4161247.09,-122.4044675,37.5967975,5.1,2.6,shrub
551842.38,4161386.09,-122.4127154,37.5980917,5.1,3.9,shrub
551375.38,4162917.09,-122.417898,37.6119169,5.1,3.9,shrub
552668.38,4163087.09,-122.4032363,37.6133759,5.1,4.0,shrub
551352.38,4161951.09,-122.4182264,37.6032116,5.1,3.6,shrub
551532.38,4162484.09,-122.4161497,37.6080054,5.1,2.3,shrub
552661.38,4162934.09,-122.4033266,37.6119973,5.1,4.6,shrub
551726.38,4163063.09,-122.4139109,37.6132131,5.1,5.7,shrub
553189.38,4162411.09,-122.3973825,37.6072531,5.1,4.8,shrub
552651.38,4161438.09,-122.4035476,37.5985144,5.1,4.6,shrub
552861.38,4162339.09,-122.4011036,37.6066231,5.1,4.9,shrub
553075.38,4162870.09,-122.3986407,37.6113967,5.1,4.9,shrub
551935.38,4162938.09,-122.4115518,37.6120747,5.1,4.2,shrub
552307.38,4162380.09,-122.407377,37.6070243,5.1,6.2,shrub
553207.38,4162169.09,-122.3971962,37.6050709,5.1,3.0,shrub
553143.38,4161724.09,-122.3979535,37.6010639,5.1,2.9,shrub
552641.38,4161439.09,-122.4036608,37.598524,5.1,3.7,shrub
553102.38,4162446.09,-122.3983656,37.6075736,5.1,3.8,shrub
552093.38,4163073.09,-122.409752,37.6132825,5.1,4.1,shrub
551727.38,4161678.09,-122.4139975,37.60073,5.1,2.7,shrub
552286.38,4162687.09,-122.4075929,37.6097925,5.1,2.1,shrub
551526.38,4163039.09,-122.4161786,37.613008,5.1,3.3,shrub
551483.38,4162640.09,-122.4166938,37.6094142,5.1,3.4,shrub
552365.38,4163023.09,-122.4066738,37.6128164,5.1,1.9,shrub
551864.38,4161350.09,-122.4124688,37.597766,5.1,4.4,shrub
551775.38,4161847.09,-122.4134418,37.6022505,5.1,2.6,shrub
551600.38,4161599.09,-122.4154417,37.6000251,5.1,2.8,shrub
552589.38,4163024.09,-122.4041359,37.6128126,5.1,3.1,shrub
551367.38,4162901.09,-122.4179897,37.6117731,5.1,3.3,shrub
553036.38,4162156.09,-122.3991343,37.6049636,5.1,3.3,shrub
551330.38,4161422.09,-122.4185127,37.5984449,5.1,5.2,shrub
552933.38,4162640.09,-122.4002662,37.6093319,5.1,2.7,shrub
551497.38,4162143.09,-122.4165702,37.604934,5.1,4.1,shrub
551986.38,4161311.09,-122.4110896,37.5974076,5.1,4.4,shrub
551287.38,4161199.09,-122.4190154,37.5964374,5.1,4.0,shrub
553150.38,4162606.09,-122.3978101,37.6090129,5.1,2.1,shrub
551841.38,4161379.09,-122.4127272,37.5980287,5.1,4.3,shrub
551904.38,4163118.09,-122.4118902,37.6136988,5.1,2.9,shrub
552191.38,4162914.09,-122.408653,37.6118439,5.1,2.6,shrub
552059.38,4162773.09,-122.4101586,37.6105805,5.1,3.1,shrub
552098.38,4162764.09,-122.4097174,37.6104972,5.1,3.5,shrub
551366.38,4162932.09,-122.4179989,37.6120526,5.1,6.4,shrub
552382.38,4162636.09,-122.406509,37.6093274,5.1,3.6,shrub
552394.38,4162635.09,-122.4063731,37.6093177,5.1,5.0,shrub
551251.38,4162438.09,-122.4193364,37.6076066,5.1,4.0,shrub
552277.38,4162803.09,-122.4076866,37.6108385,5.1,1.4,shrub
551767.38,4162844.09,-122.4134618,37.6112369,5.1,4.9,shrub
551691.38,4162277.09,-122.414363,37.6061308,5.1,4.1,shrub
551726.38,4162558.09,-122.4139466,37.6086615,5.1,5.1,shrub
553099.38,4161325.09,-122.3984809,37.5974702,5.1,3.2,shrub
553039.38,4161938.09,-122.3991161,37.6029986,5.1,6.5,shrub
552525.38,4161210.09,-122.4049912,37.5964667,5.1,3.9,shrub
551409.38,4162111.09,-122.4175694,37.6046505,5.1,5.9,shrub
551342.38,4162611.09,-122.4182933,37.6091607,5.1,3.1,shrub
552790.38,4162077.09,-122.4019269,37.6042658,5.1,5.0,shrub
551510.38,4162523.09,-122.4163962,37.6083582,5.1,1.5,shrub
552258.38,4162151.09,-122.4079484,37.6049631,5.1,3.9,shrub
552407.38,4161623.09,-122.4062983,37.6001958,5.1,2.4,shrub
552617.38,4162048.09,-122.4038888,37.6040143,5.1,2.9,shrub
551796.38,4161309.09,-122.4132419,37.5974003,5.1,5.5,shrub
552646.38,4162078.09,-122.4035581,37.604283,5.1,4.7,shrub
551904.38,4162930.09,-122.4119036,37.6120043,5.1,4.0,shrub
552706.38,4161844.09,-122.4028953,37.6021706,5.1,3.6,shrub
552753.38,4162201.09,-122.4023371,37.6053855,5.1,3.3,shrub
551712.38,4162645.09,-122.414099,37.6094464,5.1,3.0,shrub
551679.38,4162234.09,-122.4145019,37.6057439,5.1,5.2,shrub
553189.38,4162359.09,-122.3973863,37.6067845,5.1,3.3,shrub
552700.38,4161456.09,-122.4029912,37.5986739,5.1,3.1,shrub
552832.38,4161644.09,-122.4014824,37.6003607,5.1,3.7,shrub
552680.38,4161407.09,-122.4032213,37.5982334,5.1,4.2,shrub
552025.38,4162744.09,-122.4105459,37.6103211,5.1,4.2,shrub
552077.38,4161317.09,-122.4100583,37.5974565,5.0,6.7,shrub
552947.38,4162230.09,-122.4001372,37.6056357,5.0,4.5,shrub
552702.38,4161308.09,-122.4029792,37.5973398,5.0,2.9,shrub
553114.38,4161973.09,-122.398264,37.6033098,5.0,3.2,shrub
552657.38,4162939.09,-122.4033715,37.6120426,5.0,2.8,shrub
553099.38,4162803.09,-122.3983736,37.6107914,5.0,2.0,shrub
552541.38,4161844.09,-122.4047645,37.60218,5.0,1.5,shrub
551756.38,4163075.09,-122.4135701,37.6133196,5.0,3.4,shrub
552482.38,4161812.09,-122.4054351,37.601895,5.0,4.1,shrub
552837.38,4162029.09,-122.4013979,37.6038305,5.0,4.3,shrub
552594.38,4163131.09,-122.4040715,37.6137767,5.0,4.1,shrub
552121.38,4162646.09,-122.4094652,37.6094324,5.0,4.5,shrub
552868.38,4161643.09,-122.4010746,37.6003496,5.0,2.8,shrub
552154.38,4161580.09,-122.4091673,37.5998226,5.0,3.5,shrub
552793.38,4162222.09,-122.4018824,37.6055725,5.0,2.6,shrub
552874.38,4161691.09,-122.4010032,37.6007819,5.0,4.2,shrub
551653.38,4162617.09,-122.4147694,37.6091974,5.0,5.6,shrub
552314.38,4161271.09,-122.407377,37.5970285,5.0,7.8,shrub
552951.38,4161937.09,-122.4001131,37.6029947,5.0,4.1,shrub
552784.38,4161753.09,-122.4020182,37.6013459,5.0,2.6,shrub
552638.38,4162232.09,-122.4036377,37.6056715,5.0,2.3,shrub
552728.38,4161243.09,-122.4026894,37.5967525,5.0,4.7,shrub
552270.38,4161140.09,-122.4078847,37.5958503,5.0,3.2,shrub
552783.38,4162179.09,-122.4019988,37.6051855,5.0,4.7,shrub
551777.38,4161472.09,-122.4134456,37.5988705,5.0,2.0,shrub
551924.38,4162733.09,-122.4116909,37.6102276,5.0,2.8,shrub
552635.38,4161231.09,-122.4037437,37.5966496,5.0,4.9,shrub
552821.38,4161374.09,-122.4016265,37.5979278,5.0,3.3,shrub
552881.38,4162309.09,-122.4008792,37.6063516,5.0,4.4,shrub
552160.38,4161141.09,-122.4091307,37.5958655,5.0,3.9,shrub
551441.38,4161853.09,-122.417225,37.6023233,5.0,3.6,shrub
552577.38,4161678.09,-122.4043686,37.6006818,5.0,4.2,shrub
552424.38,4162352.09,-122.4060535,37.6067653,5.0,4.6,shrub
552673.38,4161243.09,-122.4033124,37.5967556,5.0,3.2,shrub
552873.38,4162159.09,-122.4009807,37.6050001,5.0,3.1,shrub
552624.38,4162279.09,-122.4037929,37.6060959,5.0,2.8,shrub
552604.38,4161717.09,-122.4040599,37.6010317,5.0,3.6,shrub
552688.38,4161316.09,-122.4031372,37.5974127,5.0,2.9,shrub
551827.38,4162788.09,-122.412786,37.6107288,5.0,2.3,shrub
553072.38,4162768.09,-122.3986821,37.6104775,5.0,2.7,shrub
551933.38,4162378.09,-122.4116142,37.6070275,5.0,3.9,shrub
552881.38,4162193.09,-122.4008876,37.6053061,5.0,3.9,shrub
552946.38,4162846.09,-122.400104,37.6111878,5.0,1.6,shrub
552266.38,4163081.09,-122.4077914,37.6133448,5.0,2.6,shrub
551934.38,4162907.09,-122.4115653,37.6117953,5.0,3.4,shrub
553126.38,4162014.09,-122.398125,37.6036786,5.0,3.2,shrub
551366.38,4162240.09,-122.4180475,37.6058156,5.0,2.8,shrub
551856.38,4161560.09,-122.4125445,37.5996592,5.0,5.9,shrub
552078.38,4162436.09,-122.4099673,37.6075421,5.0,2.9,shrub
552140.38,4161168.09,-122.4093553,37.59611,5.0,3.2,shrub
552202.38,4162911.09,-122.4085286,37.6118162,5.0,3.1,shrub
552179.38,4162757.09,-122.4088002,37.6104295,5.0,4.2,shrub
552392.38,4162571.09,-122.4064003,37.608741,5.0,6.5,shrub
551493.38,4161520.09,-122.4166594,37.5993191,5.0,3.1,shrub
552074.38,4162443.09,-122.4100122,37.6076054,5.0,4.1,shrub
553081.38,4161953.09,-122.3986393,37.6031314,5.0,3.2,shrub
552701.38,4161629.09,-122.4029674,37.600233,5.0,5.0,shrub
551643.38,4162318.09,-122.4149039,37.6065031,5.0,3.6,shrub
552702.38,4162465.09,-122.4028959,37.6077679,5.0,2.3,shrub
553138.38,4162435.09,-122.3979585,37.6074724,5.0,3.7,shrub
551988.38,4162501.09,-122.4109823,37.608133,5.0,2.8,shrub
552804.38,4162093.09,-122.4017671,37.6044092,5.0,4.4,shrub
552215.38,4161142.09,-122.4085076,37.5958714,5.0,3.8,shrub
552039.38,4162823.09,-122.4103816,37.6110323,5.0,4.1,shrub
552797.38,4162955.09,-122.4017842,37.6121788,5.0,3.2,shrub
552179.38,4163003.09,-122.4087826,37.6126467,5.0,3.2,shrub
551998.38,4162420.09,-122.4108748,37.6074024,5.0,3.5,shrub
552367.38,4162702.09,-122.4066742,37.6099231,5.0,3.3,shrub
552560.38,4161250.09,-122.4045919,37.5968252,5.0,2.5,shrub
552477.38,4162441.09,-122.4054466,37.6075644,5.0,3.0,shrub
552828.38,4161129.09,-122.4015648,37.5957193,5.0,3.1,shrub
551569.38,4162450.09,-122.4157329,37.6076969,5.0,1.7,shrub
553076.38,4162134.09,-122.3986828,37.6047631,5.0,3.5,shrub
553067.38,4162894.09,-122.3987296,37.6116135,5.0,2.5,shrub
553031.38,4162236.09,-122.3991852,37.605685,5.0,1.9,shrub
551994.38,4162681.09,-122.4109016,37.609755,5.0,5.0,shrub
552707.38,4161424.09,-122.4029142,37.598385,5.0,2.8,shrub
552609.38,4161717.09,-122.4040033,37.6010315,5.0,3.4,shrub
551690.38,4162926.09,-122.4143284,37.6119803,5.0,3.3,shrub
552352.38,4161255.09,-122.4069477,37.5968821,5.0,3.2,shrub
553002.38,4162023.09,-122.3995291,37.6037669,5.0,3.3,shrub
552520.38,4161251.09,-122.4050449,37.5968365,5.0,5.0,shrub
552971.38,4163049.09,-122.399806,37.613016,5.0,2.9,shrub
552943.38,4161735.09,-122.4002184,37.6011745,5.0,3.3,shrub
553003.38,4162984.09,-122.3994482,37.6124283,5.0,3.4,shrub
552954.38,4162146.09,-122.400064,37.6048782,5.0,2.3,shrub
551204.38,4162094.09,-122.419893,37.6045087,5.0,3.3,shrub
552770.38,4162053.09,-122.4021552,37.6040506,5.0,3.6,shrub
552815.38,4161666.09,-122.4016733,37.60056,5.0,2.7,shrub
552186.38,4162947.09,-122.4087073,37.6121416,5.0,4.1,shrub
551323.38,4161660.09,-122.4185753,37.6005904,5.0,5.0,shrub
552856.38,4161185.09,-122.4012436,37.5962224,5.0,4.0,shrub
552079.38,4161443.09,-122.4100267,37.5985921,5.0,5.1,shrub
553189.38,4161760.09,-122.3974298,37.6013857,5.0,2.4,shrub
552639.38,4161814.09,-122.4036564,37.601904,5.0,3.8,shrub
552426.38,4162972.09,-122.4059864,37.6123533,5.0,1.9,shrub
552996.38,4161772.09,-122.3996153,37.601505,5.0,1.9,shrub
551518.38,4162599.09,-122.4163002,37.6090427,5.0,4.1,shrub
551750.38,4161478.09,-122.4137511,37.5989261,5.0,2.6,shrub
552678.38,4161415.09,-122.4032434,37.5983056,5.0,2.9,shrub
551937.38,4161218.09,-122.4116512,37.5965722,5.0,2.6,shrub
552244.38,4162160.09,-122.4081064,37.605045,5.0,6.1,shrub
552059.38,4162395.09,-122.4101855,37.6071736,5.0,3.3,shrub
551641.38,4161178.09,-122.415007,37.5962283,5.0,4.0,shrub
552523.38,4162338.09,-122.4049329,37.6066335,5.0,3.7,shrub
551733.38,4162725.09,-122.4138555,37.6101663,5.0,3.9,shrub
551744.38,4163081.09,-122.4137056,37.6133743,5.0,3.3,shrub
551205.38,4162326.09,-122.4198654,37.6065997,5.0,4.9,shrub
552187.38,4162751.09,-122.40871,37.610375,5.0,3.5,shrub
551245.38,4162407.09,-122.4194066,37.6073275,5.0,2.4,shrub
552399.38,4162568.09,-122.4063212,37.6087135,5.0,4.1,shrub
553225.38,4162253.09,-122.3969861,37.605827,5.0,2.7,shrub
551779.38,4161133.09,-122.413447,37.595815,5.0,4.3,shrub
552988.38,4162816.09,-122.3996303,37.610915,5.0,1.7,shrub
552943.38,4162013.09,-122.4001982,37.6036801,5.0,2.9,shrub
552848.38,4161616.09,-122.4013031,37.6001074,5.0,3.6,shrub
552596.38,4161345.09,-122.4041773,37.5976794,5.0,4.2,shrub
552655.38,4162269.09,-122.4034424,37.606004,5.0,3.9,shrub
551334.38,4162623.09,-122.4183831,37.6092693,5.0,5.0,shrub
552694.38,4163104.09,-122.4029405,37.6135276,5.0,4.3,shrub
551345.38,4162824.09,-122.4182444,37.6110803,5.0,3.2,shrub
551431.38,4161838.09,-122.4173393,37.6021887,5.0,3.6,shrub
551433.38,4161401.09,-122.4173474,37.5982499,5.0,4.1,shrub
552786.38,4162035.09,-122.4019752,37.6038875,5.0,3.0,shrub
551605.38,4162968.09,-122.4152885,37.6123637,5.0,3.6,shrub
553220.38,4161987.09,-122.3970621,37.6034298,5.0,3.8,shrub
552847.38,4162845.09,-122.4012257,37.6111845,5.0,2.8,shrub
552650.38,4161252.09,-122.4035723,37.5968381,5.0,3.3,shrub
551992.38,4162657.09,-122.4109259,37.6095388,4.9,2.5,shrub
551197.38,4161869.09,-122.419988,37.6024811,4.9,4.4,shrub
552949.38,4162707.09,-122.40008,37.6099348,4.9,2.1,shrub
552767.38,4162590.09,-122.4021504,37.6088908,4.9,5.5,shrub
553167.38,4161947.09,-122.3976654,37.6030724,4.9,2.0,shrub
552268.38,4162991.09,-122.4077751,37.6125335,4.9,4.2,shrub
551961.38,4162962.09,-122.4112555,37.6122895,4.9,5.5,shrub
553173.38,4161380.09,-122.3976387,37.5979616,4.9,3.5,shrub
553155.38,4161208.09,-122.3978551,37.5964124,4.9,5.3,shrub
551934.38,4161315.09,-122.4116783,37.5974466,4.9,3.4,shrub
552656.38,4162264.09,-122.4034315,37.6059589,4.9,3.3,shrub
551404.38,4161869.09,-122.417643,37.6024696,4.9,3.2,shrub
551832.38,4161443.09,-122.4128247,37.598606,4.9,4.3,shrub
552951.38,4161904.09,-122.4001155,37.6026973,4.9,2.5,shrub
552880.38,4162211.09,-122.4008976,37.6054683,4.9,3.5,shrub
553141.38,4161524.09,-122.3979907,37.5992614,4.9,5.8,shrub
552631.38,4162743.09,-122.4036802,37.6102776,4.9,2.9,shrub
552719.38,4163115.09,-122.4026564,37.6136254,4.9,2.8,shrub
551312.38,4161492.09,-122.4187117,37.5990768,4.9,3.7,shrub
551967.38,4161490.09,-122.4112921,37.599022,4.9,3.4,shrub
552247.38,4161319.09,-122.4081325,37.5974649,4.9,2.9,shrub
552672.38,4162921.09,-122.4032029,37.6118795,4.9,3.9,shrub
553109.38,4161843.09,-122.39833,37.6021384,4.9,3.1,shrub
552459.38,4162241.09,-122.4056649,37.6057629,4.9,3.1,shrub
552533.38,4162426.09,-122.4048133,37.607426,4.9,3.1,shrub
552346.38,4162701.09,-122.4069122,37.6099153,4.9,1.7,shrub
551632.38,4163058.09,-122.4149762,37.6131733,4.9,3.7,shrub
551288.38,4161513.09,-122.4189821,37.5992674,4.9,3.7,shrub
551334.38,4162944.09,-122.4183606,37.6121625,4.9,2.5,shrub
552622.38,4161104.09,-122.4039001,37.5955057,4.9,4.8,shrub
552455.38,4161261.09,-122.4057805,37.5969303,4.9,2.5,shrub
552729.38,4162171.09,-122.4026112,37.6051165,4.9,3.0,shrub
551652.38,4161539.09,-122.4148569,37.5994814,4.9,3.4,shrub
552444.38,4162126.09,-122.4058431,37.6047272,4.9,10.6,shrub
552753.38,4162684.09,-122.4023023,37.6097388,4.9,4.7,shrub
551223.38,4161496.09,-122.4197196,37.5991178,4.9,4.1,shrub
552545.38,4161555.09,-122.4047399,37.599575,4.9,3.3,shrub
552899.38,4161294.09,-122.4007487,37.5972023,4.9,2.6,shrub
551420.38,4162926.09,-122.4173875,37.6119955,4.9,2.4,shrub
551936.38,4163035.09,-122.4115335,37.6129489,4.9,3.6,shrub
551912.38,4161445.09,-122.4119183,37.5986195,4.9,2.1,shrub
551713.38,4162658.09,-122.4140868,37.6095635,4.9,2.5,shrub
552453.38,4161722.09,-122.4057701,37.6010854,4.9,3.6,shrub
552390.38,4162980.09,-122.4063937,37.6124274,4.9,4.1,shrub
552980.38,4161835.09,-122.399792,37.6020737,4.9,1.7,shrub
552791.38,4162937.09,-122.4018535,37.6120169,4.9,2.9,shrub
551929.38,4162469.09,-122.411653,37.6078479,4.9,6.0,shrub
551400.38,4161138.09,-122.4177397,37.5958813,4.9,3.0,shrub
552432.38,4162625.09,-122.4059433,37.6092254,4.9,7.1,shrub
552669.38,4162279.09,-122.4032831,37.6060933,4.9,4.5,shrub
551964.38,4162596.09,-122.4112475,37.6089906,4.9,3.9,shrub
552696.38,4161506.09,-122.4030329,37.5991247,4.9,3.7,shrub
551887.38,4163049.09,-122.4120877,37.6130778,4.9,2.4,shrub
552134.38,4162957.09,-122.4092958,37.6122347,4.9,3.1,shrub
553153.38,4161967.09,-122.3978226,37.6032534,4.9,2.0,shrub
552581.38,4162546.09,-122.4042609,37.6085049,4.9,3.9,shrub
551368.38,4161151.09,-122.4181013,37.5960002,4.9,4.0,shrub
553188.38,4162384.09,-122.3973958,37.6070098,4.9,7.4,shrub
551941.38,4161580.09,-122.4115802,37.5998346,4.9,3.3,shrub
552679.38,4162846.09,-122.403129,37.6112031,4.9,4.3,shrub
551738.38,4161344.09,-122.4138965,37.597719,4.9,2.6,shrub
553122.38,4161951.09,-122.3981749,37.603111,4.9,1.8,shrub
552511.38,4163093.09,-122.4050146,37.613439,4.9,2.9,shrub
552547.38,4161249.09,-122.4047392,37.5968169,4.9,3.9,shrub
552649.38,4162999.09,-122.4034579,37.6125839,4.9,1.9,shrub
552927.38,4162323.09,-122.4003571,37.6064751,4.9,3.4,shrub
552996.38,4162177.09,-122.399586,37.6051552,4.9,2.6,shrub
552403.38,4161113.09,-122.4063801,37.5955994,4.9,4.5,shrub
551741.38,4161614.09,-122.4138434,37.6001524,4.9,3.9,shrub
552233.38,4161441.09,-122.4082824,37.5985653,4.9,3.2,shrub
552132.38,4161286.09,-122.4094375,37.597174,4.9,2.6,shrub
552968.38,4162708.09,-122.3998647,37.6099427,4.9,3.4,shrub
552091.38,4163113.09,-122.4097718,37.6136431,4.9,3.8,shrub
552580.38,4162511.09,-122.4042747,37.6081895,4.9,1.4,shrub
552762.38,4162060.09,-122.4022453,37.6041142,4.9,3.9,shrub
551517.38,4161744.09,-122.4163717,37.6013366,4.9,4.0,shrub
551762.38,4162963.09,-122.4135101,37.6123098,4.9,3.9,shrub
551806.38,4162735.09,-122.4130277,37.6102523,4.9,3.0,shrub
552779.38,4161630.09,-122.4020838,37.6002376,4.9,4.1,shrub
553211.38,4161114.09,-122.3972276,37.595562,4.9,2.7,shrub
552154.38,4161259.09,-122.4091902,37.5969294,4.9,4.0,shrub
553126.38,4162771.09,-122.3980701,37.6105014,4.9,3.2,shrub
552331.38,4162725.09,-122.4070804,37.6101324,4.9,2.8,shrub
553066.38,4161235.09,-122.3988613,37.5966609,4.9,5.0,shrub
551553.38,4161134.09,-122.4160069,37.5958367,4.9,3.5,shrub
552952.38,4162724.09,-122.4000448,37.6100879,4.9,3.0,shrub
553204.38,4161411.09,-122.3972853,37.5982392,4.9,2.4,shrub
552822.38,4161934.09,-122.4015747,37.6029751,4.9,4.2,shrub
551480.38,4162566.09,-122.416733,37.6087474,4.9,4.9,shrub
551453.38,4162690.09,-122.4170302,37.6098666,4.9,1.6,shrub
552279.38,4162690.09,-122.407672,37.60982,4.9,2.4,shrub
551448.38,4161585.09,-122.4171646,37.5999074,4.9,4.4,shrub
552114.38,4161434.09,-122.4096309,37.598509,4.9,2.8,shrub
552546.38,4161549.09,-122.404729,37.5995209,4.9,2.5,shrub
552556.38,4162985.09,-122.4045126,37.612463,4.9,3.9,shrub
552820.38,4162619.09,-122.4015479,37.6091491,4.9,3.6,shrub
552079.38,4162561.09,-122.4099471,37.6086686,4.9,4.4,shrub
552328.38,4162887.09,-122.4071028,37.6115927,4.9,3.1,shrub
552622.38,4163036.09,-122.4037611,37.6129189,4.9,3.1,shrub
551414.38,4161637.09,-122.4175461,37.600378,4.9,3.7,shrub
551495.38,4162705.09,-122.4165533,37.6099994,4.9,1.5,shrub
551564.38,4162945.09,-122.4157546,37.6121587,4.9,5.4,shrub
551537.38,4161947.09,-122.4161309,37.6031652,4.9,3.6,shrub
553198.38,4162177.09,-122.3972975,37.6051436,4.9,2.8,shrub
553216.38,4161603.09,-122.3971354,37.5999691,4.9,5.1,shrub
551468.38,4161896.09,-122.4169161,37.6027094,4.9,2.6,shrub
552026.38,4162642.09,-122.4105418,37.6094017,4.9,4.7,shrub
551772.38,4163038.09,-122.4133914,37.6129852,4.9,3.7,shrub
552202.38,4162848.09,-122.4085331,37.6112484,4.9,3.5,shrub
551359.38,4162350.09,-122.418119,37.6068074,4.9,3.8,shrub
552978.38,4162708.09,-122.3997514,37.6099422,4.9,2.2,shrub
551290.38,4162635.09,-122.4188808,37.6093799,4.9,4.7,shrub
552017.38,4161451.09,-122.4107284,37.5986677,4.9,1.9,shrub
552479.38,4162484.09,-122.4054209,37.6079519,4.9,4.9,shrub
552420.38,4161764.09,-122.4061409,37.6014659,4.9,3.1,shrub
552324.38,4162625.09,-122.4071668,37.6092315,4.9,4.2,shrub
551387.38,4162148.09,-122.417816,37.6049852,4.9,5.0,shrub
551864.38,4162758.09,-122.4123689,37.6104563,4.9,3.3,shrub
551866.38,4163082.09,-122.4123233,37.6133764,4.9,2.8,shrub
552137.38,4161367.09,-122.4093751,37.5979038,4.9,5.1,shrub
553143.38,4163026.09,-122.3978589,37.6127988,4.9,2.7,shrub
552885.38,4162701.09,-122.4008056,37.6098844,4.9,2.6,shrub
552290.38,4162360.09,-122.407571,37.606845,4.9,4.3,shrub
551489.38,4162665.09,-122.4166241,37.6096392,4.9,4.0,shrub
552508.38,4162252.09,-122.405109,37.6058592,4.9,3.7,shrub
551711.38,4162692.09,-122.414107,37.6098701,4.9,4.5,shrub
551568.38,4161601.09,-122.4158041,37.6000449,4.9,3.0,shrub
553193.38,4161755.09,-122.3973849,37.6013404,4.9,3.1,shrub
552107.38,4162670.09,-122.4096221,37.6096495,4.9,5.6,shrub
552360.38,4161304.09,-122.4068535,37.5973233,4.8,3.2,shrub
552849.38,4162069.09,-122.4012591,37.6041903,4.8,2.3,shrub
551984.38,4162554.09,-122.4110239,37.6086109,4.8,3.2,shrub
553113.38,4161421.09,-122.3983154,37.5983346,4.8,3.3,shrub
551593.38,4162155.09,-122.4154818,37.6050367,4.8,3.8,shrub
551401.38,4162084.09,-122.4176619,37.6044076,4.8,3.4,shrub
552852.38,4161161.09,-122.4012907,37.5960063,4.8,3.4,shrub
552241.38,4161633.09,-122.408178,37.6002953,4.8,2.7,shrub
551280.38,4162634.09,-122.4189941,37.6093715,4.8,4.5,shrub
552437.38,4161234.09,-122.4059863,37.596688,4.8,5.0,shrub
551901.38,4162648.09,-122.4119576,37.6094628,4.8,6.0,shrub
552099.38,4162500.09,-122.4097249,37.6081177,4.8,2.9,shrub
551693.38,4161876.09,-122.4143686,37.6025165,4.8,3.6,shrub
552795.38,4162930.09,-122.4018087,37.6119536,4.8,2.6,shrub
551210.38,4162661.09,-122.4197853,37.6096187,4.8,3.7,shrub
552703.38,4163012.09,-122.4028451,37.6126979,4.8,2.8,shrub
552694.38,4161314.09,-122.4030694,37.5973943,4.8,3.4,shrub
552971.38,4162031.09,-122.3998797,37.6038408,4.8,2.5,shrub
551231.38,4161307.09,-122.4196422,37.5974139,4.8,4.5,shrub
552358.38,4161733.09,-122.4068455,37.60119,4.8,2.8,shrub
551308.38,4162219.09,-122.418706,37.6056295,4.8,2.8,shrub
553057.38,4161202.09,-122.3989656,37.596364,4.8,6.5,shrub
552885.38,4161866.09,-122.4008659,37.6023586,4.8,1.7,shrub
551707.38,4162165.09,-122.4141896,37.6051205,4.8,4.9,shrub
552613.38,4162181.09,-122.4039246,37.6052133,4.8,2.5,shrub
553107.38,4162320.09,-122.3983181,37.6064377,4.8,3.8,shrub
551399.38,4162141.09,-122.4176806,37.6049214,4.8,3.4,shrub
551968.38,4161540.09,-122.4112772,37.5994726,4.8,4.7,shrub
553103.38,4162559.09,-122.398346,37.608592,4.8,5.0,shrub
552265.38,4162906.09,-122.4078152,37.6117676,4.8,3.0,shrub
552732.38,4162998.09,-122.4025176,37.6125701,4.8,3.9,shrub
551322.38,4161470.09,-122.4186,37.598878,4.8,3.5,shrub
552007.38,4162613.09,-122.4107591,37.6091414,4.8,3.3,shrub
552654.38,4162393.09,-122.4034448,37.6071217,4.8,3.7,shrub
552566.38,4161845.09,-122.4044812,37.6021876,4.8,3.0,shrub
551430.38,4161379.09,-122.4173829,37.5980517,4.8,4.8,shrub
551430.38,4162802.09,-122.4172829,37.6108773,4.8,3.7,shrub
552146.38,4162607.09,-122.4091848,37.6090794,4.8,2.6,shrub
552645.38,4162955.09,-122.4035064,37.6121875,4.8,3.2,shrub
552775.38,4162081.09,-122.4020965,37.6043027,4.8,3.6,shrub
553142.38,4162123.09,-122.3979359,37.6046601,4.8,2.3,shrub
551660.38,4161186.09,-122.4147912,37.5962993,4.8,5.6,shrub
552686.38,4161493.09,-122.4031471,37.5990081,4.8,5.9,shrub
551343.38,4161390.09,-122.4183677,37.5981557,4.8,4.5,shrub
553104.38,4162291.09,-122.3983542,37.6061765,4.8,3.1,shrub
552580.38,4161140.09,-122.4043732,37.5958326,4.8,3.7,shrub
551491.38,4162293.09,-122.4166276,37.6062863,4.8,4.4,shrub
552892.38,4161894.09,-122.4007846,37.6026105,4.8,3.4,shrub
552932.38,4161305.09,-122.4003741,37.5972996,4.8,5.6,shrub
552355.38,4161562.09,-122.4068917,37.5996489,4.8,2.5,shrub
552946.38,4162713.09,-122.4001136,37.6099891,4.8,3.1,shrub
552453.38,4161269.09,-122.4058026,37.5970025,4.8,3.3,shrub
552869.38,4161138.09,-122.4010998,37.595798,4.8,3.2,shrub
552533.38,4161842.09,-122.4048552,37.6021624,4.8,4.2,shrub
552755.38,4162110.09,-122.402321,37.6045652,4.8,2.8,shrub
552546.38,4162449.09,-122.4046644,37.6076326,4.8,3.8,shrub
552894.38,4162192.09,-122.4007404,37.6052963,4.8,3.0,shrub
553135.38,4161536.09,-122.3980578,37.5993699,4.8,4.1,shrub
552844.38,4162564.09,-122.40128,37.608652,4.8,3.1,shrub
552866.38,4162330.09,-122.4010476,37.6065417,4.8,5.4,shrub
551282.38,4161261.09,-122.4190677,37.5969965,4.8,4.3,shrub
552951.38,4162180.09,-122.4000955,37.6051849,4.8,3.7,shrub
553126.38,4162549.09,-122.3980862,37.6085006,4.8,2.7,shrub
552526.38,4161870.09,-122.4049325,37.6024152,4.8,2.6,shrub
552928.38,4162698.09,-122.4003186,37.6098549,4.8,2.0,shrub
552731.38,4161237.09,-122.4026558,37.5966982,4.8,3.6,shrub
552570.38,4162392.09,-122.4043966,37.6071175,4.8,2.4,shrub
551753.38,4163015.09,-122.4136083,37.6127789,4.8,1.4,shrub
552367.38,4161625.09,-122.4067513,37.6002161,4.8,2.3,shrub
552019.38,4162760.09,-122.4106127,37.6104656,4.8,3.9,shrub
552983.38,4162498.09,-122.39971,37.6080492,4.8,3.3,shrub
551808.38,4162725.09,-122.4130057,37.6101621,4.8,4.0,shrub
553022.38,4162370.09,-122.3992774,37.6068932,4.8,3.2,shrub
551960.38,4161492.09,-122.4113712,37.5990404,4.8,8.6,shrub
551306.38,4161490.09,-122.4187798,37.5990591,4.8,3.1,shrub
552821.38,4162565.09,-122.4015405,37.6086623,4.8,4.3,shrub
552970.38,4161333.09,-122.3999416,37.5975497,4.8,4.7,shrub
552590.38,4162498.09,-122.4041624,37.6080717,4.8,5.8,shrub
552074.38,4163063.09,-122.409968,37.6131934,4.8,2.0,shrub
552008.38,4161209.09,-122.4108476,37.596487,4.8,3.1,shrub
552354.38,4161317.09,-122.4069206,37.5974408,4.8,3.1,shrub
551994.38,4163047.09,-122.4108755,37.6130538,4.8,4.5,shrub
551248.38,4162585.09,-122.4193601,37.6089316,4.8,5.4,shrub
551816.38,4161377.09,-122.4130106,37.5980121,4.8,3.7,shrub
551799.38,4161529.09,-122.4131924,37.599383,4.8,3.1,shrub
552898.38,4161467.09,-122.4007475,37.5987616,4.8,3.4,shrub
552910.38,4162187.09,-122.4005595,37.6052503,4.8,3.7,shrub
552875.38,4162246.09,-122.4009517,37.6057841,4.8,3.6,shrub
552161.38,4161546.09,-122.4090905,37.5995158,4.8,3.4,shrub
552207.38,4162740.09,-122.4084842,37.6102747,4.8,5.9,shrub
551242.38,4162587.09,-122.4194279,37.60895,4.8,3.8,shrub
551894.38,4161117.09,-122.4121455,37.5956643,4.8,3.0,shrub
552529.38,4163097.09,-122.4048104,37.613474,4.8,2.9,shrub
552243.38,4163109.09,-122.40805,37.6135985,4.8,3.6,shrub
551377.38,4161435.09,-122.4179794,37.5985594,4.8,2.6,shrub
552818.38,4162538.09,-122.4015764,37.6084192,4.8,4.2,shrub
553125.38,4162515.09,-122.3981,37.6081942,4.8,3.6,shrub
552845.38,4162761.09,-122.4012544,37.6104275,4.8,3.2,shrub
552882.38,4161697.09,-122.4009121,37.6008355,4.8,2.4,shrub
551616.38,4162344.09,-122.4152079,37.6067389,4.8,3.6,shrub
552532.38,4161875.09,-122.4048642,37.6024599,4.8,2.6,shrub
552395.38,4162798.09,-122.4063501,37.6107868,4.8,1.6,shrub
552499.38,4161847.09,-122.40524,37.6022094,4.8,5.2,shrub
553064.38,4161465.09,-122.3988672,37.598734,4.8,3.2,shrub
552994.38,4161282.09,-122.3996734,37.5970887,4.8,4.3,shrub
552772.38,4162708.09,-122.4020853,37.609954,4.8,3.1,shrub
552619.38,4161986.09,-122.4038706,37.6034554,4.8,4.5,shrub
552955.38,4162093.09,-122.4000565,37.6044005,4.8,2.9,shrub
552623.38,4162538.09,-122.4037856,37.6084303,4.8,1.1,shrub
552050.38,4163018.09,-122.4102431,37.6127892,4.8,3.3,shrub
552365.38,4162444.09,-122.4067153,37.6075979,4.8,2.6,shrub
552237.38,4161448.09,-122.4082365,37.5986282,4.8,2.3,shrub
553116.38,4161306.09,-122.3982897,37.597298,4.8,2.0,shrub
552408.38,4162601.09,-122.4062169,37.6090104,4.8,6.0,shrub
552496.38,4162121.09,-122.4052544,37.6046792,4.8,8.4,shrub
552369.38,4162551.09,-122.4066623,37.608562,4.8,3.0,shrub
552762.38,4162093.09,-122.4022429,37.6044116,4.8,3.9,shrub
552641.38,4163086.09,-122.4035422,37.6133684,4.8,2.6,shrub
551814.38,4162372.09,-122.4129628,37.6069801,4.8,4.6,shrub
551379.38,4161573.09,-122.417947,37.5998031,4.8,3.9,shrub
553110.38,4162525.09,-122.3982692,37.6082852,4.8,2.1,shrub
552693.38,4161235.09,-122.4030864,37.5966824,4.8,4.9,shrub
551651.38,4161611.09,-122.4148631,37.6001304,4.8,2.9,shrub
552751.38,4163053.09,-122.4022983,37.6130647,4.8,7.3,shrub
552894.38,4161453.09,-122.4007938,37.5986357,4.8,3.2,shrub
551215.38,4162656.09,-122.419729,37.6095734,4.8,3.3,shrub
551433.38,4161441.09,-122.4173446,37.5986104,4.8,3.9,shrub
551792.38,4161301.09,-122.4132878,37.5973284,4.8,3.1,shrub
551823.38,4163092.09,-122.4128098,37.613469,4.8,2.3,shrub
552303.38,4161870.09,-122.4074587,37.6024279,4.8,2.2,shrub
553063.38,4161490.09,-122.3988767,37.5989594,4.8,2.2,shrub
551511.38,4161398.09,-122.4164641,37.5982185,4.8,4.5,shrub
553145.38,4162377.09,-122.3978834,37.6069492,4.8,1.8,shrub
551649.38,4162538.09,-122.4148203,37.6084856,4.8,2.5,shrub
552268.38,4161269.09,-122.4078982,37.5970131,4.8,3.6,shrub
553090.38,4162505.09,-122.3984972,37.6081061,4.8,2.5,shrub
551451.38,4161157.09,-122.4171607,37.5960497,4.8,1.9,shrub
552118.38,4162874.09,-122.409483,37.6114875,4.8,3.0,shrub
551732.38,4162174.09,-122.4139058,37.6052002,4.8,3.8,shrub
551566.38,4162140.09,-122.4157887,37.6049031,4.8,2.6,shrub
552148.38,4162857.09,-122.4091443,37.6113326,4.8,5.6,shrub
553115.38,4162529.09,-122.3982123,37.6083209,4.8,2.8,shrub
551531.38,4161911.09,-122.4162014,37.602841,4.8,2.6,shrub
552826.38,4162886.09,-122.4014606,37.6115552,4.8,2.3,shrub
552732.38,4161430.09,-122.4026306,37.5984377,4.7,2.5,shrub
552227.38,4161102.09,-122.4083745,37.5955102,4.7,3.6,shrub
552649.38,4162128.09,-122.4035206,37.6047335,4.7,4.4,shrub
551897.38,4161515.09,-122.4120832,37.5992513,4.7,1.7,shrub
553088.38,4161127.09,-122.3986199,37.5956863,4.7,6.6,shrub
551619.38,4161162.09,-122.4152573,37.5960853,4.7,2.8,shrub
551433.38,4161394.09,-122.4173479,37.5981868,4.7,3.6,shrub
552725.38,4162231.09,-122.4026522,37.6056575,4.7,3.1,shrub
551425.38,4162893.09,-122.4173331,37.6116978,4.7,3.5,shrub
552510.38,4161195.09,-122.4051622,37.5963323,4.7,4.4,shrub
553151.38,4162117.09,-122.3978344,37.6046055,4.7,1.7,shrub
551323.38,4161310.09,-122.4185998,37.5974358,4.7,6.4,shrub
552675.38,4162977.09,-122.4031649,37.6123841,4.7,1.9,shrub
552941.38,4162749.09,-122.4001676,37.6103138,4.7,2.7,shrub
551451.38,4161177.09,-122.4171593,37.5962299,4.7,3.8,shrub
552465.38,4162475.09,-122.4055802,37.6078716,4.7,4.4,shrub
552965.38,4161909.09,-122.3999565,37.6027415,4.7,3.1,shrub
552222.38,4163112.09,-122.4082877,37.6136267,4.7,3.7,shrub
551896.38,4161562.09,-122.4120912,37.599675,4.7,2.3,shrub
552243.38,4161530.09,-122.4081627,37.5993669,4.7,2.4,shrub
552388.38,4162374.09,-122.4064597,37.6069656,4.7,3.0,shrub
552309.38,4161414.09,-122.4074234,37.5983176,4.7,5.0,shrub
552012.38,4161310.09,-122.4107951,37.5973971,4.7,3.4,shrub
553080.38,4162496.09,-122.3986112,37.6080255,4.7,2.9,shrub
552154.38,4161723.09,-122.4091572,37.6011115,4.7,2.5,shrub
551350.38,4161828.09,-122.4182576,37.6021031,4.7,2.0,shrub
551734.38,4162207.09,-122.4138808,37.6054975,4.7,4.7,shrub
552339.38,4162708.09,-122.406991,37.6099788,4.7,1.6,shrub
551195.38,4162131.09,-122.4199923,37.6048427,4.7,5.6,shrub
552403.38,4161495.09,-122.4063528,37.5990423,4.7,2.4,shrub
551487.38,4161990.09,-122.4166943,37.6035555,4.7,4.9,shrub
551263.38,4161351.09,-122.4192766,37.5978087,4.7,2.5,shrub
552015.38,4162495.09,-122.4106769,37.6080774,4.7,4.8,shrub
552690.38,4163004.09,-122.402993,37.6126266,4.7,2.4,shrub
552473.38,4162389.09,-122.4054957,37.607096,4.7,2.5,shrub
551350.38,4161367.09,-122.41829,37.5979481,4.7,2.8,shrub
553115.38,4162257.09,-122.398232,37.6058694,4.7,3.6,shrub
551932.38,4162822.09,-122.411594,37.6110293,4.7,5.3,shrub
552995.38,4161166.09,-122.3996705,37.5960431,4.7,3.1,shrub
551883.38,4161472.09,-122.4122449,37.5988645,4.7,4.3,shrub
551310.38,4162626.09,-122.4186548,37.6092977,4.7,4.6,shrub
552731.38,4162164.09,-122.402589,37.6050533,4.7,3.2,shrub
551582.38,4161844.09,-122.4156283,37.6022343,4.7,3.6,shrub
551271.38,4162644.09,-122.4190954,37.6094621,4.7,3.5,shrub
552647.38,4161203.09,-122.4036098,37.5963966,4.7,4.7,shrub
553062.38,4162239.09,-122.3988338,37.6057102,4.7,4.3,shrub
552031.38,4163118.09,-122.4104513,37.6136916,4.7,3.4,shrub
552826.38,4162811.09,-122.4014661,37.6108793,4.7,5.4,shrub
552437.38,4161154.09,-122.4059921,37.595967,4.7,4.9,shrub
552445.38,4162678.09,-122.4057922,37.6097023,4.7,2.3,shrub
551810.38,4161542.09,-122.4130669,37.5994995,4.7,4.0,shrub
552164.38,4161204.09,-122.4090809,37.5964331,4.7,3.8,shrub
552407.38,4161603.09,-122.4062997,37.6000155,4.7,4.5,shrub
552665.38,4161732.09,-122.4033678,37.6011635,4.7,3.2,shrub
552524.38,4163102.09,-122.4048667,37.6135193,4.7,2.0,shrub
551467.38,4162132.09,-122.4169108,37.6048365,4.7,4.9,shrub
552702.38,4162952.09,-122.4028608,37.6121572,4.7,3.6,shrub
553228.38,4162225.09,-122.3969542,37.6055745,4.7,3.0,shrub
552561.38,4162159.09,-122.4045153,37.605018,4.7,4.2,shrub
552486.38,4161108.09,-122.4054403,37.5955496,4.7,2.5,shrub
551884.38,4162775.09,-122.4121411,37.6106084,4.7,2.5,shrub
551660.38,4162678.09,-122.4146858,37.6097468,4.7,3.2,shrub
552921.38,4161676.09,-122.4004718,37.600644,4.7,2.8,shrub
551674.38,4162207.09,-122.4145605,37.6055009,4.7,5.0,shrub
552560.38,4162863.09,-122.404476,37.6113632,4.7,5.2,shrub
551928.38,4162903.09,-122.4116336,37.6117596,4.7,3.1,shrub
552868.38,4162102.09,-122.4010415,37.6044866,4.7,4.5,shrub
551975.38,4162886.09,-122.4111023,37.6116037,4.7,3.3,shrub
553013.38,4161401.09,-122.3994496,37.5981601,4.7,2.9,shrub
552607.38,4163005.09,-122.4039333,37.6126403,4.7,2.3,shrub
552609.38,4162086.09,-122.4039767,37.6043573,4.7,2.8,shrub
552138.38,4162603.09,-122.4092757,37.6090438,4.7,2.2,shrub
553162.38,4161403.09,-122.3977616,37.5981696,4.7,4.1,shrub
551699.38,4161662.09,-122.4143158,37.6005874,4.7,2.0,shrub
552740.38,4163002.09,-122.4024266,37.6126057,4.7,2.3,shrub
552519.38,4162051.09,-122.4049988,37.604047,4.7,4.1,shrub
552653.38,4161318.09,-122.4035335,37.5974327,4.7,2.5,shrub
551198.38,4162372.09,-122.4199415,37.6070146,4.7,3.2,shrub
552545.38,4161800.09,-122.4047223,37.6017832,4.7,2.6,shrub
552810.38,4162289.09,-122.401685,37.6061754,4.7,5.2,shrub
552693.38,4162200.09,-122.4030169,37.6053799,4.7,3.0,shrub
552622.38,4162303.09,-122.4038138,37.6063123,4.7,4.1,shrub
551755.38,4161266.09,-122.4137094,37.597015,4.7,4.3,shrub
552695.38,4162037.09,-122.403006,37.6039107,4.7,4.8,shrub
552867.38,4161169.09,-122.4011202,37.5960775,4.7,5.0,shrub
552969.38,4162278.09,-122.3998845,37.6060671,4.7,1.8,shrub
551575.38,4161120.09,-122.4157587,37.5957092,4.7,3.1,shrub
551694.38,4161214.09,-122.4144041,37.5965498,4.7,2.3,shrub
552341.38,4162719.09,-122.4069675,37.6100778,4.7,1.6,shrub
552486.38,4161608.09,-122.4054044,37.6000561,4.7,2.6,shrub
552684.38,4161741.09,-122.4031519,37.6012435,4.7,2.8,shrub
552389.38,4162740.09,-122.4064222,37.6102643,4.7,2.6,shrub
551919.38,4162618.09,-122.4117558,37.6091914,4.7,2.3,shrub
551779.38,4161253.09,-122.4134385,37.5968965,4.7,3.2,shrub
551646.38,4162651.09,-122.4148464,37.6095042,4.7,2.8,shrub
551206.38,4163106.09,-122.4197995,37.6136298,4.7,4.3,shrub
553052.38,4162944.09,-122.3988959,37.612065,4.7,3.2,shrub
552531.38,4163065.09,-122.4047901,37.6131855,4.7,2.4,shrub
551828.38,4163085.09,-122.4127536,37.6134056,4.7,2.9,shrub
551989.38,4161466.09,-122.4110446,37.5988045,4.7,9.9,shrub
552166.38,4161244.09,-122.4090554,37.5967935,4.7,2.5,shrub
552594.38,4161710.09,-122.4041737,37.6009692,4.7,5.4,shrub
552758.38,4161415.09,-122.4023371,37.598301,4.7,2.6,shrub
551910.38,4163027.09,-122.4118287,37.6128783,4.7,3.5,shrub
551254.38,4161371.09,-122.4193772,37.5979895,4.7,3.0,shrub
552812.38,4162669.09,-122.4016349,37.6096002,4.7,3.3,shrub
552092.38,4161191.09,-122.4098974,37.59632,4.7,2.0,shrub
551945.38,4161103.09,-122.4115688,37.5955352,4.7,3.3,shrub
552464.38,4161612.09,-122.4056534,37.6000934,4.7,1.9,shrub
551792.38,4163109.09,-122.4131598,37.613624,4.7,2.8,shrub
553138.38,4162118.09,-122.3979816,37.6046153,4.7,2.7,shrub
552919.38,4161858.09,-122.4004813,37.6022845,4.7,3.7,shrub
551749.38,4161106.09,-122.4137887,37.5955733,4.7,3.9,shrub
552671.38,4161229.09,-122.403336,37.5966296,4.7,3.7,shrub
552468.38,4162239.09,-122.4055631,37.6057443,4.7,2.8,shrub
552545.38,4161329.09,-122.4047561,37.5975381,4.7,4.6,shrub
552586.38,4161231.09,-122.4042987,37.5966524,4.7,4.0,shrub
552625.38,4162739.09,-122.4037485,37.6102418,4.7,2.9,shrub
553114.38,4161700.09,-122.3982838,37.6008492,4.7,3.1,shrub
552091.38,4162348.09,-122.4098263,37.6067482,4.7,3.1,shrub
552698.38,4161878.09,-122.4029835,37.6024775,4.7,3.3,shrub
551301.38,4162880.09,-122.418739,37.6115875,4.7,3.0,shrub
551794.38,4163131.09,-122.4131356,37.6138221,4.7,2.7,shrub
551406.38,4161639.09,-122.4176365,37.6003965,4.7,2.1,shrub
552381.38,4162420.09,-122.4065358,37.6073806,4.7,2.8,shrub
553143.38,4161219.09,-122.3979902,37.5965123,4.7,4.6,shrub
551607.38,4161177.09,-122.4153922,37.5962212,4.7,2.9,shrub
552616.38,4161163.09,-122.4039638,37.5960378,4.7,2.5,shrub
551684.38,4162204.09,-122.4144474,37.6054733,4.7,3.3,shrub
551675.38,4161715.09,-122.4145839,37.6010664,4.7,3.9,shrub
553097.38,4162106.09,-122.3984469,37.6045095,4.7,3.3,shrub
551289.38,4162905.09,-122.4188732,37.6118135,4.7,5.7,shrub
553046.38,4161498.09,-122.3990687,37.5990325,4.7,3.1,shrub
553008.38,4162709.09,-122.3994115,37.6099495,4.7,4.2,shrub
552818.38,4161465.09,-122.4016539,37.5987482,4.7,2.6,shrub
552672.38,4162711.09,-122.403218,37.6099868,4.7,4.3,shrub
551331.38,4161910.09,-122.4184671,37.6028432,4.7,4.9,shrub
552719.38,4161924.09,-122.4027423,37.6028909,4.7,3.7,shrub
552470.38,4161161.09,-122.4056177,37.5960282,4.7,2.9,shrub
552458.38,4161294.09,-122.4057441,37.5972276,4.7,3.2,shrub
551760.38,4163055.09,-122.4135262,37.6131391,4.7,3.5,shrub
552912.38,4161463.09,-122.4005892,37.5987248,4.7,3.2,shrub
552358.38,4163041.09,-122.4067519,37.612979,4.7,2.6,shrub
553119.38,4161437.09,-122.3982462,37.5984785,4.7,3.5,shrub
551635.38,4161983.09,-122.4150181,37.6034841,4.7,4.5,shrub
551996.38,4162962.09,-122.4108589,37.6122875,4.7,3.2,shrub
551509.38,4161234.09,-122.4164983,37.5967404,4.7,4.6,shrub
552822.38,4162892.09,-122.4015055,37.6116095,4.7,2.3,shrub
552732.38,4162022.09,-122.4025879,37.6037734,4.7,4.5,shrub
552724.38,4162057.09,-122.402676,37.6040893,4.7,2.8,shrub
551999.38,4162905.09,-122.410829,37.6117736,4.7,3.7,shrub
552599.38,4162033.09,-122.4040938,37.6038801,4.7,3.2,shrub
552063.38,4162419.09,-122.4101385,37.6073897,4.7,3.9,shrub
552075.38,4161262.09,-122.4100849,37.5969609,4.7,4.9,shrub
552088.38,4162400.09,-122.4098566,37.607217,4.7,4.1,shrub
552916.38,4162867.09,-122.4004423,37.6113788,4.7,3.0,shrub
551548.38,4162552.09,-122.4159636,37.6086174,4.6,5.0,shrub
552104.38,4162751.09,-122.4096503,37.6103797,4.6,4.0,shrub
551717.38,4162270.09,-122.4140689,37.6060663,4.6,3.4,shrub
553112.38,4162430.09,-122.3982534,37.6074288,4.6,2.9,shrub
552330.38,4162388.09,-122.4071158,37.6070951,4.6,2.5,shrub
552812.38,4162906.09,-122.4016178,37.6117363,4.6,2.8,shrub
551404.38,4162247.09,-122.4176165,37.6058765,4.6,2.7,shrub
552370.38,4162196.09,-122.4066764,37.6053623,4.6,3.7,shrub
552181.38,4162751.09,-122.408778,37.6103753,4.6,3.7,shrub
553028.38,4161226.09,-122.3992924,37.596582,4.6,4.4,shrub
552317.38,4161182.09,-122.4073493,37.5962261,4.6,3.7,shrub
553091.38,4162072.09,-122.3985173,37.6042034,4.6,5.2,shrub
551839.38,4161363.09,-122.412751,37.5978846,4.6,2.9,shrub
552343.38,4161198.09,-122.4070537,37.5963689,4.6,3.9,shrub
552613.38,4161896.09,-122.4039451,37.6026446,4.6,1.4,shrub
551574.38,4162565.09,-122.4156681,37.6087331,4.6,4.9,shrub
551955.38,4162616.09,-122.411348,37.6091714,4.6,3.0,shrub
552817.38,4162899.09,-122.4015617,37.6116729,4.6,2.7,shrub
551582.38,4162161.09,-122.415606,37.6050914,4.6,4.0,shrub
552276.38,4162428.09,-122.4077247,37.6074587,4.6,3.5,shrub
551240.38,4162063.09,-122.4194873,37.6042273,4.6,2.9,shrub
551432.38,4161450.09,-122.4173553,37.5986916,4.6,4.1,shrub
551657.38,4162352.09,-122.4147428,37.6068087,4.6,3.3,shrub
552696.38,4162114.09,-122.4029891,37.6046047,4.6,2.1,shrub
552556.38,4161697.09,-122.4046051,37.6008542,4.6,4.0,shrub
552576.38,4162572.09,-122.4043156,37.6087395,4.6,3.9,shrub
551441.38,4161474.09,-122.4172517,37.5989074,4.6,2.5,shrub
552314.38,4161557.09,-122.4073565,37.5996062,4.6,1.6,shrub
551957.38,4162633.09,-122.4113242,37.6093245,4.6,2.6,shrub
552855.38,4161901.09,-122.4012032,37.6026758,4.6,3.0,shrub
551556.38,4162942.09,-122.4158455,37.6121321,4.6,2.8,shrub
551453.38,4162844.09,-122.4170194,37.6112546,4.6,3.2,shrub
552731.38,4162048.09,-122.4025974,37.6040078,4.6,3.1,shrub
552924.38,4162073.09,-122.4004091,37.604222,4.6,4.0,shrub
552214.38,4161350.09,-122.4085041,37.5977462,4.6,3.7,shrub
552283.38,4162378.09,-122.407649,37.6070077,4.6,3.2,shrub
552490.38,4163140.09,-122.4052492,37.6138638,4.6,2.2,shrub
552829.38,4161602.09,-122.4015194,37.5999824,4.6,2.6,shrub
552314.38,4162293.09,-122.4073039,37.6062398,4.6,2.3,shrub
552770.38,4162487.09,-122.4021239,37.6079623,4.6,3.4,shrub
551440.38,4162144.09,-122.4172159,37.6049462,4.6,3.1,shrub
552268.38,4162691.09,-122.4077966,37.6098296,4.6,3.1,shrub
552690.38,4161134.09,-122.4031277,37.5957722,4.6,4.9,shrub
552589.38,4162042.09,-122.4042065,37.6039618,4.6,2.8,shrub
552031.38,4161256.09,-122.4105837,37.5969093,4.6,2.0,shrub
552543.38,4161278.09,-122.4047824,37.5970785,4.6,2.4,shrub
551800.38,4161263.09,-122.4131999,37.5969855,4.6,3.5,shrub
551817.38,4161618.09,-122.4129822,37.6001841,4.6,3.2,shrub
552862.38,4162320.09,-122.4010937,37.6064518,4.6,3.5,shrub
552504.38,4162291.09,-122.4051515,37.6062109,4.6,2.3,shrub
552801.38,4161924.09,-122.4018133,37.6028862,4.6,2.9,shrub
552726.38,4162441.09,-122.4026257,37.6075502,4.6,5.0,shrub
551727.38,4161702.09,-122.4139958,37.6009463,4.6,2.8,shrub
553178.38,4162497.09,-122.3975009,37.6080289,4.6,3.3,shrub
552561.38,4161786.09,-122.4045421,37.6016561,4.6,3.4,shrub
552137.38,4162795.09,-122.4092733,37.6107744,4.6,3.4,shrub
552796.38,4162983.09,-122.4017935,37.6124312,4.6,3.5,shrub
551584.38,4162390.09,-122.4155672,37.6071553,4.6,3.7,shrub
552596.38,4161230.09,-122.4041855,37.5966429,4.6,4.1,shrub
553063.38,4162050.09,-122.3988361,37.6040067,4.6,1.6,shrub
551665.38,4162301.09,-122.4146558,37.6063486,4.6,4.5,shrub
552071.38,4162389.09,-122.41005,37.6071188,4.6,3.1,shrub
552224.38,4162985.09,-122.4082741,37.6124819,4.6,2.0,shrub
551460.38,4161150.09,-122.4170592,37.5959861,4.6,4.1,shrub
552168.38,4162850.09,-122.4089182,37.6112683,4.6,4.4,shrub
552526.38,4161579.09,-122.4049534,37.5997924,4.6,2.6,shrub
552761.38,4162593.09,-122.4022182,37.6089182,4.6,2.9,shrub
552008.38,4161344.09,-122.410838,37.5977038,4.6,2.9,shrub
552800.38,4163078.09,-122.4017413,37.6132872,4.6,2.7,shrub
552374.38,4161564.09,-122.4066763,37.5996659,4.6,3.9,shrub
551926.38,4161366.09,-122.4117653,37.5979067,4.6,3.7,shrub
551412.38,4161476.09,-122.41758,37.598927,4.6,1.8,shrub
552840.38,4161637.09,-122.4013922,37.6002972,4.6,3.7,shrub
552050.38,4162825.09,-122.4102569,37.6110497,4.6,2.6,shrub
552621.38,4161267.09,-122.4038997,37.5969749,4.6,2.3,shrub
553070.38,4162487.09,-122.3987251,37.607945,4.6,3.1,shrub
551795.38,4161600.09,-122.4132327,37.6000231,4.6,3.2,shrub
552066.38,4161273.09,-122.4101861,37.5970606,4.6,3.1,shrub
552703.38,4161892.09,-122.4029258,37.6026034,4.6,4.4,shrub
552797.38,4162121.09,-122.4018444,37.6046619,4.6,2.6,shrub
552121.38,4162453.09,-122.409479,37.6076928,4.6,2.1,shrub
552689.38,4162598.09,-122.4030336,37.6089673,4.6,2.3,shrub
552583.38,4163031.09,-122.4042033,37.6128761,4.6,3.1,shrub
551408.38,4161451.09,-122.4176271,37.5987019,4.6,3.1,shrub
552465.38,4161229.09,-122.4056695,37.5966413,4.6,4.8,shrub
551675.38,4161709.09,-122.4145843,37.6010123,4.6,3.1,shrub
551999.38,4162451.09,-122.4108613,37.6076817,4.6,5.5,shrub
551353.38,4161384.09,-122.4182548,37.5981011,4.6,3.9,shrub
551903.38,4162634.09,-122.4119359,37.6093365,4.6,4.6,shrub
552849.38,4162914.09,-122.401198,37.6118063,4.6,3.2,shrub
552407.38,4161246.09,-122.4063253,37.5967979,4.6,3.3,shrub
552199.38,4161741.09,-122.4086461,37.6012711,4.6,2.3,shrub
552650.38,4161749.09,-122.4035365,37.6013175,4.6,2.5,shrub
552580.38,4161193.09,-122.4043694,37.5963103,4.6,2.8,shrub
552840.38,4161204.09,-122.4014235,37.5963945,4.6,3.9,shrub
552319.38,4161252.09,-122.4073217,37.5968569,4.6,1.5,shrub
552351.38,4162346.09,-122.4068809,37.6067154,4.6,2.5,shrub
552547.38,4162855.09,-122.4046239,37.6112918,4.6,2.8,shrub
552064.38,4161330.09,-122.4102047,37.5975744,4.6,3.6,shrub
552264.38,4162480.09,-122.407857,37.6079281,4.6,2.3,shrub
551686.38,4161902.09,-122.4144461,37.6027512,4.6,3.6,shrub
551822.38,4162597.09,-122.4128562,37.6090076,4.6,3.3,shrub
551771.38,4162519.09,-122.4134395,37.6083075,4.6,2.7,shrub
551649.38,4163002.09,-122.4147876,37.6126676,4.6,3.7,shrub
552387.38,4161644.09,-122.4065233,37.6003862,4.6,2.5,shrub
552748.38,4163009.09,-122.4023355,37.6126683,4.6,2.6,shrub
552784.38,4161575.09,-122.4020311,37.5997416,4.6,4.4,shrub
551649.38,4161783.09,-122.4148736,37.6016807,4.6,3.5,shrub
553215.38,4161281.09,-122.3971701,37.5970669,4.6,2.0,shrub
551757.38,4161523.09,-122.4136686,37.5993313,4.6,2.6,shrub
552797.38,4161102.09,-122.4019179,37.5954777,4.6,3.6,shrub
551465.38,4161791.09,-122.4169575,37.6017632,4.6,3.0,shrub
551587.38,4161875.09,-122.4155695,37.6025134,4.6,3.0,shrub
552639.38,4162962.09,-122.4035738,37.6122509,4.6,2.6,shrub
551685.38,4161585.09,-122.4144798,37.5998941,4.6,4.3,shrub
553026.38,4162284.09,-122.3992383,37.6061179,4.6,2.2,shrub
551923.38,4162782.09,-122.4116988,37.6106693,4.6,2.5,shrub
552165.38,4162815.09,-122.4089547,37.6109531,4.6,2.7,shrub
552180.38,4161538.09,-122.4088758,37.5994426,4.6,4.7,shrub
552521.38,4161830.09,-122.404992,37.602055,4.6,3.4,shrub
552179.38,4163041.09,-122.4087799,37.6129892,4.6,4.5,shrub
551548.38,4162783.09,-122.4159473,37.6106994,4.6,3.6,shrub
551684.38,4162675.09,-122.4144141,37.6097184,4.6,5.0,shrub
551799.38,4162792.09,-122.413103,37.6107665,4.6,2.5,shrub
552293.38,4162136.09,-122.407553,37.6048259,4.6,3.0,shrub
551637.38,4162994.09,-122.4149241,37.6125962,4.6,1.8,shrub
552921.38,4161552.09,-122.4004808,37.5995264,4.6,4.2,shrub
552909.38,4162670.09,-122.4005359,37.6096037,4.6,2.2,shrub
552689.38,4162192.09,-122.4030628,37.6053081,4.6,2.9,shrub
551353.38,4161596.09,-122.4182399,37.6000119,4.6,2.3,shrub
552770.38,4162626.09,-122.4021139,37.6092151,4.6,4.5,shrub
552528.38,4161764.09,-122.4049175,37.6014597,4.6,4.9,shrub
553178.38,4162346.09,-122.3975118,37.6066679,4.6,1.8,shrub
552970.38,4162691.09,-122.3998433,37.6097894,4.6,2.1,shrub
553225.38,4161774.09,-122.397021,37.6015098,4.6,3.8,shrub
553214.38,4162162.09,-122.3971174,37.6050074,4.6,2.8,shrub
552786.38,4162944.09,-122.4019096,37.6120803,4.6,3.3,shrub
552189.38,4161411.09,-122.4087829,37.5982974,4.6,2.9,shrub
552421.38,4161643.09,-122.4061383,37.6003752,4.6,4.4,shrub
552534.38,4161595.09,-122.4048616,37.5999362,4.6,3.3,shrub
552769.38,4161706.09,-122.4021916,37.6009232,4.6,3.5,shrub
552851.38,4161765.09,-122.4012584,37.6014502,4.6,2.5,shrub
552805.38,4161483.09,-122.4017998,37.5989112,4.6,2.8,shrub
552699.38,4161981.09,-122.4029647,37.6034057,4.6,5.0,shrub
552233.38,4162184.09,-122.4082293,37.605262,4.6,2.9,shrub
551858.38,4161314.09,-122.4125393,37.5974419,4.6,3.4,shrub
552434.38,4161719.09,-122.4059856,37.6010595,4.5,2.6,shrub
552999.38,4162572.09,-122.3995233,37.6087152,4.5,1.9,shrub
553006.38,4161174.09,-122.3995453,37.5961146,4.5,2.5,shrub
552371.38,4162725.09,-122.4066272,37.6101302,4.5,2.8,shrub
551659.38,4163103.09,-122.4146671,37.6135774,4.5,4.3,shrub
552809.38,4161645.09,-122.4017428,37.6003711,4.5,3.0,shrub
551615.38,4162682.09,-122.4151954,37.6097854,4.5,2.2,shrub
552729.38,4161767.09,-122.4026403,37.6014752,4.5,2.6,shrub
552894.38,4162894.09,-122.4006896,37.6116234,4.5,2.4,shrub
551936.38,4162811.09,-122.4115494,37.61093,4.5,3.6,shrub
551812.38,4161599.09,-122.4130402,37.6000132,4.5,9.4,shrub
552362.38,4162930.09,-122.4067145,37.6119784,4.5,1.9,shrub
551880.38,4162980.09,-122.4121719,37.6124563,4.5,4.0,shrub
552132.38,4161610.09,-122.4094144,37.6000942,4.5,4.0,shrub
552422.38,4162270.09,-122.406082,37.6060263,4.5,3.8,shrub
552270.38,4161233.09,-122.4078781,37.5966885,4.5,4.9,shrub
551756.38,4161260.09,-122.4136985,37.5969609,4.5,3.6,shrub
552726.38,4161776.09,-122.4026736,37.6015565,4.5,2.0,shrub
552817.38,4161585.09,-122.4016565,37.5998298,4.5,2.6,shrub
553199.38,4162241.09,-122.3972816,37.6057203,4.5,4.2,shrub
551579.38,4161876.09,-122.4156601,37.6025229,4.5,5.0,shrub
553118.38,4161838.09,-122.3982285,37.6020928,4.5,2.8,shrub
552121.38,4161401.09,-122.4095539,37.5982111,4.5,2.3,shrub
552177.38,4162870.09,-122.4088148,37.6114481,4.5,2.8,shrub
551774.38,4162851.09,-122.413382,37.6112996,4.5,3.6,shrub
553034.38,4161920.09,-122.3991741,37.6028367,4.5,3.4,shrub
552808.38,4162633.09,-122.4016828,37.609276,4.5,2.4,shrub
552116.38,4162675.09,-122.4095198,37.609694,4.5,3.7,shrub
552456.38,4161288.09,-122.4057672,37.5971736,4.5,3.5,shrub
552797.38,4162760.09,-122.4017983,37.6104213,4.5,2.8,shrub
551629.38,4163008.09,-122.4150137,37.6127228,4.5,3.0,shrub
551575.38,4161855.09,-122.4157069,37.6023338,4.5,2.0,shrub
552650.38,4162264.09,-122.4034994,37.6059592,4.5,2.6,shrub
552847.38,4161168.09,-122.4013468,37.5960697,4.5,2.7,shrub
551573.38,4162014.09,-122.4157183,37.603767,4.5,3.2,shrub
551326.38,4161588.09,-122.4185464,37.5999413,4.5,3.8,shrub
552591.38,4161764.09,-122.4042038,37.6014561,4.5,2.3,shrub
552934.38,4162157.09,-122.4002898,37.6049785,4.5,3.3,shrub
553018.38,4162190.09,-122.3993358,37.6052711,4.5,3.0,shrub
552746.38,4161630.09,-122.4024576,37.6002395,4.5,3.0,shrub
551843.38,4163070.09,-122.4125847,37.6132696,4.5,2.3,shrub
552733.38,4162234.09,-122.4025613,37.6056841,4.5,4.7,shrub
551609.38,4161569.09,-122.4153419,37.5997542,4.5,3.8,shrub
552492.38,4163064.09,-122.405232,37.6131787,4.5,2.5,shrub
552815.38,4162488.09,-122.401614,37.6079687,4.5,2.8,shrub
552413.38,4162988.09,-122.4061325,37.6124982,4.5,6.3,shrub
551795.38,4162727.09,-122.4131529,37.6101808,4.5,3.7,shrub
552853.38,4162556.09,-122.4011786,37.6085794,4.5,3.3,shrub
552451.38,4161157.09,-122.4058333,37.5959932,4.5,4.5,shrub
552656.38,4161313.09,-122.4034999,37.5973875,4.5,2.1,shrub
551264.38,4161666.09,-122.4192432,37.6006478,4.5,2.0,shrub
551640.38,4163054.09,-122.4148859,37.6131368,4.5,3.2,shrub
552542.38,4161959.09,-122.4047449,37.6032164,4.5,3.2,shrub
551776.38,4163068.09,-122.413344,37.6132553,4.5,3.4,shrub
551524.38,4161227.09,-122.4163288,37.5966765,4.5,2.9,shrub
553083.38,4161810.09,-122.398627,37.6018424,4.5,2.6,shrub
551613.38,4161559.09,-122.4152973,37.5996638,4.5,3.6,shrub
551561.38,4161132.09,-122.4159164,37.5958182,4.5,4.4,shrub
552227.38,4162849.09,-122.4082498,37.611256,4.5,4.1,shrub
552932.38,4162826.09,-122.400264,37.6110084,4.5,3.8,shrub
552837.38,4161903.09,-122.401407,37.6026948,4.5,3.7,shrub
552463.38,4162112.09,-122.4056289,37.6045999,4.5,6.7,shrub
552463.38,4161201.09,-122.4056942,37.5963891,4.5,3.4,shrub
551723.38,4161622.09,-122.4140467,37.6002255,4.5,3.6,shrub
552452.38,4161758.09,-122.4057788,37.60141,4.5,3.7,shrub
552342.38,4162419.09,-122.4069777,37.6073738,4.5,2.8,shrub
552004.38,4161127.09,-122.4108987,37.5957482,4.5,4.1,shrub
552477.38,4162945.09,-122.4054105,37.612107,4.5,3.1,shrub
551850.38,4162588.09,-122.4125396,37.6089249,4.5,2.7,shrub
552504.38,4161837.09,-122.4051841,37.602119,4.5,5.0,shrub
552962.38,4161995.09,-122.3999843,37.6035168,4.5,3.0,shrub
551193.38,4162269.09,-122.4200053,37.6060866,4.5,3.5,shrub
552611.38,4162208.09,-122.4039453,37.6054567,4.5,2.7,shrub
552012.38,4162417.09,-122.4107164,37.6073745,4.5,4.6,shrub
552177.38,4161371.09,-122.4089217,37.5979376,4.5,3.6,shrub
551272.38,4161786.09,-122.4191442,37.6017289,4.5,5.7,shrub
553082.38,4162539.09,-122.3985854,37.608413,4.5,3.1,shrub
553012.38,4161859.09,-122.3994277,37.6022882,4.5,1.7,shrub
552608.38,4162926.09,-122.4039276,37.6119283,4.5,3.2,shrub
551958.38,4162970.09,-122.4112889,37.6123618,4.5,2.1,shrub
552627.38,4161263.09,-122.403832,37.5969385,4.5,2.5,shrub
552678.38,4163067.09,-122.4031244,37.6131951,4.5,3.7,shrub
553159.38,4161246.09,-122.397807,37.5967547,4.5,4.5,shrub
551569.38,4161591.09,-122.4157934,37.5999547,4.5,1.5,shrub
551778.38,4161269.09,-122.4134487,37.5970408,4.5,2.9,shrub
552500.38,4163115.09,-122.4051377,37.6136379,4.5,3.7,shrub
552886.38,4161702.09,-122.4008665,37.6008804,4.5,2.8,shrub
552433.38,4161729.09,-122.4059962,37.6011497,4.5,3.6,shrub
552037.38,4161289.09,-122.4105134,37.5972064,4.5,3.0,shrub
551435.38,4161464.09,-122.4173203,37.5988176,4.5,3.9,shrub
553005.38,4161332.09,-122.3995452,37.5975387,4.5,4.4,shrub
551659.38,4161828.09,-122.4147572,37.6020858,4.5,3.8,shrub
553013.38,4161996.09,-122.3994065,37.6035229,4.5,4.8,shrub
551269.38,4161553.09,-122.4191945,37.599629,4.5,3.8,shrub
552448.38,4162108.09,-122.4057991,37.6045648,4.5,7.9,shrub
551718.38,4162782.09,-122.4140214,37.6106809,4.5,5.3,shrub
553039.38,4161920.09,-122.3991174,37.6028364,4.5,2.0,shrub
552334.38,4162209.09,-122.4070833,37.6054816,4.5,2.7,shrub
552620.38,4161730.09,-122.4038777,37.601148,4.5,3.7,shrub
552831.38,4161660.09,-122.4014925,37.600505,4.5,2.8,shrub
552634.38,4163098.09,-122.4036207,37.613477,4.5,3.2,shrub
552455.38,4162110.09,-122.4057196,37.6045824,4.5,5.5,shrub
553133.38,4162126.09,-122.3980376,37.6046877,4.5,2.6,shrub
553068.38,4162146.09,-122.3987725,37.6048717,4.5,2.6,shrub
552608.38,4161345.09,-122.4040413,37.5976787,4.5,2.1,shrub
552396.38,4162459.09,-122.406363,37.6077313,4.5,2.5,shrub
552513.38,4161564.09,-122.4051017,37.599658,4.5,4.0,shrub
553174.38,4161397.09,-122.3976261,37.5981148,4.5,3.6,shrub
552809.38,4162779.09,-122.401661,37.6105918,4.5,2.3,shrub
552331.38,4162344.09,-122.4071076,37.6066985,4.5,2.9,shrub
552927.38,4162016.09,-122.4003793,37.6037081,4.5,4.4,shrub
552470.38,4162091.09,-122.4055511,37.6044103,4.5,5.4,shrub
552640.38,4162541.09,-122.4035928,37.6084564,4.5,4.1,shrub
552256.38,4161200.09,-122.408039,37.5963919,4.5,5.3,shrub
552466.38,4161741.09,-122.4056215,37.6012559,4.5,3.4,shrub
552121.38,4162694.09,-122.4094618,37.609865,4.5,2.5,shrub
552594.38,4163018.09,-122.4040796,37.6127583,4.5,2.3,shrub
552993.38,4161969.09,-122.399635,37.6032807,4.5,3.6,shrub
551748.38,4162116.09,-122.4137286,37.6046765,4.5,4.2,shrub
552477.38,4162116.09,-122.40547,37.6046352,4.5,6.8,shrub
552742.38,4162054.09,-122.4024723,37.6040612,4.5,2.3,shrub
552954.38,4162512.09,-122.4000375,37.608177,4.5,1.8,shrub
552892.38,4162013.09,-122.400776,37.6036831,4.5,1.4,shrub
551341.38,4161443.09,-122.4183866,37.5986336,4.5,2.6,shrub
552788.38,4161717.09,-122.4019755,37.6010212,4.5,2.0,shrub
553032.38,4162357.09,-122.3991651,37.6067755,4.5,2.3,shrub
552911.38,4161425.09,-122.4006033,37.5983823,4.5,4.2,shrub
552711.38,4161635.09,-122.4028537,37.6002866,4.5,2.8,shrub
552869.38,4162205.09,-122.4010227,37.6054149,4.5,2.8,shrub
552907.38,4161306.09,-122.4006572,37.59731,4.5,4.4,shrub
552059.38,4162339.09,-122.4101895,37.6066689,4.5,2.9,shrub
551255.38,4162112.09,-122.4193139,37.6046681,4.5,3.5,shrub
552821.38,4162548.09,-122.4015417,37.6085091,4.5,2.8,shrub
551787.38,4161619.09,-122.413322,37.6001948,4.5,8.3,shrub
552020.38,4162751.09,-122.410602,37.6103844,4.5,2.9,shrub
551352.38,4161662.09,-122.4182466,37.6006068,4.5,3.7,shrub
553164.38,4162309.09,-122.3976731,37.6063352,4.5,2.0,shrub
551241.38,4161661.09,-122.4195041,37.600604,4.5,3.0,shrub
552182.38,4161458.09,-122.4088589,37.5987214,4.5,3.2,shrub
552909.38,4162233.09,-122.4005675,37.605665,4.5,3.3,shrub
551852.38,4161397.09,-122.4126014,37.5981903,4.5,3.2,shrub
552233.38,4161455.09,-122.4082814,37.5986915,4.5,2.9,shrub
552451.38,4161677.09,-122.405796,37.60068,4.5,1.1,shrub
552637.38,4162933.09,-122.4035986,37.6119897,4.5,2.3,shrub
552194.38,4161737.09,-122.408703,37.6012354,4.5,2.0,shrub
551487.38,4162736.09,-122.4166418,37.6102792,4.5,3.6,shrub
552773.38,4162465.09,-122.4020915,37.6077638,4.5,3.6,shrub
551631.38,4162531.09,-122.4150248,37.6084235,4.5,3.4,shrub
553227.38,4162511.09,-122.3969447,37.6081522,4.5,4.6,shrub
552283.38,4161143.09,-122.4077373,37.5958766,4.5,2.5,shrub
552571.38,4161985.09,-122.4044145,37.6034491,4.5,2.0,shrub
552874.38,4161161.09,-122.4010415,37.596005,4.5,5.1,shrub
553123.38,4161311.09,-122.3982101,37.5973426,4.5,3.5,shrub
552699.38,4161658.09,-122.402988,37.6004945,4.5,4.5,shrub
552768.38,4162950.09,-122.4021131,37.6121354,4.5,3.5,shrub
552368.38,4161308.09,-122.4067626,37.5973589,4.5,2.8,shrub
552785.38,4161878.09,-122.4019979,37.6024725,4.5,4.1,shrub
552695.38,4161254.09,-122.4030624,37.5968535,4.5,4.9,shrub
551315.38,4161633.09,-122.4186678,37.6003475,4.5,2.8,shrub
552671.38,4163077.09,-122.403203,37.6132856,4.5,3.2,shrub
551744.38,4161541.09,-122.4138146,37.5994942,4.5,4.7,shrub
551984.38,4163053.09,-122.4109884,37.6131084,4.4,3.3,shrub
553111.38,4161610.09,-122.3983243,37.6000382,4.4,3.0,shrub
552680.38,4162486.09,-122.4031436,37.6079584,4.4,4.8,shrub
552115.38,4161312.09,-122.4096282,37.5974093,4.4,4.6,shrub
552625.38,4161666.09,-122.4038257,37.6005709,4.4,2.9,shrub
553207.38,4161653.09,-122.3972337,37.6004202,4.4,2.8,shrub
551376.38,4161963.09,-122.4179536,37.6033184,4.4,2.6,shrub
552910.38,4161150.09,-122.4006345,37.5959038,4.4,3.5,shrub
552644.38,4161665.09,-122.4036105,37.6005608,4.4,4.0,shrub
552129.38,4161563.09,-122.4094518,37.5996708,4.4,2.6,shrub
552826.38,4162851.09,-122.4014632,37.6112398,4.4,4.3,shrub
551455.38,4162806.09,-122.4169994,37.610912,4.4,3.3,shrub
552585.38,4161898.09,-122.4042621,37.6026642,4.4,5.8,shrub
551697.38,4162676.09,-122.4142668,37.6097267,4.4,4.6,shrub
552495.38,4163105.09,-122.4051951,37.613548,4.4,2.9,shrub
552953.38,4161989.09,-122.4000867,37.6034633,4.4,5.4,shrub
552778.38,4162508.09,-122.4020317,37.6081511,4.4,3.2,shrub
551305.38,4162959.09,-122.4186881,37.6122993,4.4,2.9,shrub
552686.38,4161709.09,-122.4031316,37.600955,4.4,1.7,shrub
552344.38,4162736.09,-122.4069323,37.6102309,4.4,1.3,shrub
552826.38,4162612.09,-122.4014804,37.6090857,4.4,3.0,shrub
552080.38,4161194.09,-122.4100331,37.5963478,4.4,2.6,shrub
551908.38,4162465.09,-122.4118912,37.607813,4.4,3.3,shrub
551237.38,4162395.09,-122.419498,37.6072198,4.4,4.0,shrub
551745.38,4162917.09,-122.4137059,37.6118961,4.4,4.4,shrub
551332.38,4162442.09,-122.4184185,37.6076381,4.4,2.9,shrub
552958.38,4162185.09,-122.4000159,37.6052295,4.4,4.4,shrub
551365.38,4161334.09,-122.4181224,37.5976498,4.4,3.2,shrub
552690.38,4161622.09,-122.4030925,37.6001706,4.4,4.2,shrub
551436.38,4161562.09,-122.4173021,37.5997008,4.4,3.7,shrub
551496.38,4162691.09,-122.416543,37.6098732,4.4,3.7,shrub
551570.38,4162161.09,-122.4157419,37.6050921,4.4,3.9,shrub
551749.38,4161534.09,-122.4137584,37.5994309,4.4,6.7,shrub
552846.38,4163011.09,-122.401225,37.6126807,4.4,4.4,shrub
552468.38,4161270.09,-122.4056326,37.5970107,4.4,3.3,shrub
551637.38,4162522.09,-122.4149574,37.608342,4.4,4.0,shrub
551699.38,4163107.09,-122.4142137,37.6136112,4.4,3.7,shrub
551993.38,4162714.09,-122.4109106,37.6100525,4.4,2.4,shrub
551425.38,4161432.09,-122.4174359,37.5985297,4.4,3.4,shrub
552381.38,4161535.09,-122.4065991,37.5994041,4.4,4.0,shrub
551407.38,4161431.09,-122.4176398,37.5985217,4.4,2.5,shrub
552763.38,4162539.09,-122.4021994,37.6084313,4.4,3.2,shrub
551252.38,4162641.09,-122.4193109,37.6094361,4.4,4.8,shrub
552545.38,4161787.09,-122.4047232,37.601666,4.4,3.1,shrub
553136.38,4162734.09,-122.3979595,37.6101674,4.4,2.0,shrub
552234.38,4162820.09,-122.4081726,37.6109942,4.4,4.9,shrub
552020.38,4163029.09,-122.4105822,37.6128901,4.4,3.0,shrub
552781.38,4161713.09,-122.4020551,37.6009856,4.4,4.1,shrub
552809.38,4162938.09,-122.4016495,37.6120249,4.4,3.6,shrub
553005.38,4161860.09,-122.399507,37.6022976,4.4,2.0,shrub
552561.38,4161565.09,-122.4045579,37.5996642,4.4,1.8,shrub
551576.38,4161160.09,-122.4157445,37.5960697,4.4,2.4,shrub
552289.38,4162400.09,-122.4075795,37.6072056,4.4,3.9,shrub
551364.38,4162979.09,-122.4180182,37.6124763,4.4,2.5,shrub
551295.38,4161915.09,-122.4188746,37.6028903,4.4,4.6,shrub
551498.38,4161112.09,-122.4166314,37.5956415,4.4,1.8,shrub
552111.38,4163130.09,-122.409544,37.6137952,4.4,3.5,shrub
551955.38,4162860.09,-122.4113307,37.6113705,4.4,1.8,shrub
552540.38,4162510.09,-122.404728,37.6081827,4.4,2.9,shrub
552003.38,4161430.09,-122.4108885,37.5984792,4.4,2.1,shrub
552550.38,4162470.09,-122.4046175,37.6078216,4.4,3.5,shrub
553096.38,4162306.09,-122.3984437,37.6063121,4.4,2.0,shrub
552095.38,4161627.09,-122.4098323,37.6002496,4.4,4.4,shrub
552501.38,4163128.09,-122.4051254,37.613755,4.4,2.2,shrub
552343.38,4162730.09,-122.4069441,37.6101768,4.4,1.3,shrub
552902.38,4161252.09,-122.4007177,37.5968236,4.4,5.1,shrub
553022.38,4162198.09,-122.3992899,37.605343,4.4,2.6,shrub
551611.38,4162637.09,-122.4152439,37.60938,4.4,3.5,shrub
552741.38,4162126.09,-122.4024785,37.6047102,4.4,2.5,shrub
551848.38,4163081.09,-122.4125273,37.6133685,4.4,3.7,shrub
552504.38,4161248.09,-122.4052264,37.5968104,4.4,3.5,shrub
552723.38,4161783.09,-122.4027071,37.6016198,4.4,1.6,shrub
551912.38,4162487.09,-122.4118444,37.6080111,4.4,1.5,shrub
552830.38,4162571.09,-122.4014381,37.6087159,4.4,2.6,shrub
553064.38,4161944.09,-122.3988325,37.6030513,4.4,1.8,shrub
552330.38,4161191.09,-122.4072014,37.5963065,4.4,3.0,shrub
553059.38,4162346.09,-122.39886,37.6066748,4.4,4.4,shrub
552507.38,4162994.09,-122.4050671,37.6125469,4.4,2.2,shrub
552788.38,4162234.09,-122.4019382,37.6056809,4.4,3.1,shrub
552609.38,4162936.09,-122.4039156,37.6120183,4.4,2.2,shrub
552780.38,4161767.09,-122.4020625,37.6014723,4.4,2.8,shrub
551417.38,4161397.09,-122.4175289,37.5982147,4.4,4.4,shrub
553192.38,4161217.09,-122.3974353,37.5964914,4.4,4.3,shrub
551915.38,4162351.09,-122.41182,37.6067852,4.4,4.8,shrub
552835.38,4162575.09,-122.4013811,37.6087517,4.4,2.1,shrub
552465.38,4161712.09,-122.4056349,37.6009946,4.4,2.8,shrub
552365.38,4161284.09,-122.4067983,37.5971427,4.4,2.8,shrub
552187.38,4161431.09,-122.4088041,37.5984778,4.4,2.4,shrub
551739.38,4162617.09,-122.4137951,37.6091926,4.4,2.5,shrub
551590.38,4162615.09,-122.4154833,37.6091829,4.4,4.6,shrub
552909.38,4162216.09,-122.4005687,37.6055117,4.4,3.2,shrub
552107.38,4161411.09,-122.4097118,37.5983021,4.4,2.7,shrub
551862.38,4161364.09,-122.4124904,37.5978923,4.4,3.7,shrub
552906.38,4162081.09,-122.4006125,37.6042952,4.4,3.2,shrub
552382.38,4161268.09,-122.4066069,37.5969976,4.4,2.8,shrub
552289.38,4162918.09,-122.4075424,37.6118744,4.4,4.1,shrub
551714.38,4162883.09,-122.4140595,37.6115914,4.4,4.6,shrub
553050.38,4161263.09,-122.3990405,37.5969142,4.4,2.7,shrub
553025.38,4161959.09,-122.3992732,37.6031887,4.4,2.8,shrub
551385.38,4161631.09,-122.417875,37.6003255,4.4,3.9,shrub
553056.38,4162938.09,-122.398851,37.6120107,4.4,6.2,shrub
552918.38,4161155.09,-122.4005435,37.5959484,4.4,4.1,shrub
552486.38,4162424.09,-122.4053459,37.6074107,4.4,6.1,shrub
552740.38,4162554.09,-122.4024589,37.6085679,4.4,2.8,shrub
551903.38,4162539.09,-122.4119426,37.6084803,4.4,4.3,shrub
553042.38,4161905.09,-122.3990845,37.602701,4.4,3.0,shrub
551907.38,4162449.09,-122.4119037,37.6076689,4.4,3.0,shrub
552715.38,4162675.09,-122.4027334,37.6096599,4.4,3.0,shrub
552667.38,4162377.09,-122.4032987,37.6069767,4.4,3.4,shrub
552416.38,4161269.09,-122.4062217,37.5970046,4.4,4.4,shrub
552686.38,4161474.09,-122.4031485,37.5988369,4.4,2.6,shrub
553067.38,4162735.09,-122.3987411,37.6101804,4.4,3.8,shrub
551334.38,4162996.09,-122.4183569,37.6126312,4.4,3.0,shrub
551190.38,4162519.09,-122.4200218,37.60834,4.4,3.7,shrub
551190.38,4161154.09,-122.4201173,37.5960372,4.4,3.0,shrub
551584.38,4161125.09,-122.4156564,37.5957538,4.4,1.6,shrub
552145.38,4163102.09,-122.4091608,37.6135409,4.4,3.9,shrub
552981.38,4161230.09,-122.3998245,37.5966208,4.4,2.3,shrub
551436.38,4161423.09,-122.4173119,37.598448,4.4,2.0,shrub
552601.38,4161280.09,-122.4041253,37.5970932,4.4,3.4,shrub
551280.38,4162481.09,-122.4190049,37.6079925,4.4,2.3,shrub
552565.38,4161795.09,-122.4044961,37.601737,4.4,4.4,shrub
551523.38,4161190.09,-122.4163428,37.5963431,4.4,2.8,shrub
551992.38,4161414.09,-122.4110143,37.5983356,4.4,4.3,shrub
552250.38,4161234.09,-122.4081046,37.5966986,4.4,2.9,shrub
552396.38,4161245.09,-122.40645,37.5967895,4.4,5.3,shrub
552850.38,4161944.09,-122.4012568,37.6030636,4.4,2.6,shrub
551267.38,4162954.09,-122.419119,37.6122564,4.4,2.6,shrub
552362.38,4161542.09,-122.4068138,37.5994683,4.4,3.7,shrub
552832.38,4162037.09,-122.401454,37.6039028,4.4,2.5,shrub
552487.38,4161220.09,-122.4054209,37.596559,4.4,3.3,shrub
551694.38,4161230.09,-122.4144029,37.596694,4.4,1.5,shrub
552325.38,4161141.09,-122.4072616,37.5958562,4.4,4.2,shrub
552208.38,4162971.09,-122.4084564,37.6123566,4.4,1.6,shrub
551769.38,4162139.09,-122.4134891,37.6048826,4.4,3.1,shrub
552735.38,4161417.09,-122.4025975,37.5983203,4.4,2.4,shrub
552843.38,4162591.09,-122.4012893,37.6088954,4.4,2.8,shrub
551339.38,4161381.09,-122.4184136,37.5980749,4.4,3.3,shrub
553132.38,4162313.09,-122.3980354,37.6063731,4.4,3.7,shrub
552262.38,4162922.09,-122.407848,37.6119119,4.4,3.9,shrub
552005.38,4161362.09,-122.4108707,37.5978662,4.4,4.8,shrub
553085.38,4162122.09,-122.3985817,37.6046544,4.4,2.9,shrub
552230.38,4162212.09,-122.4082613,37.6055145,4.4,3.1,shrub
552378.38,4161587.09,-122.4066294,37.599873,4.4,3.4,shrub
552621.38,4161227.09,-122.4039026,37.5966144,4.4,3.5,shrub
552663.38,4162869.09,-122.4033086,37.6114114,4.4,3.1,shrub
551780.38,4162855.09,-122.4133138,37.6113353,4.4,5.3,shrub
551375.38,4161543.09,-122.4179944,37.599533,4.4,3.7,shrub
551604.38,4161857.09,-122.4153782,37.6023502,4.4,4.8,shrub
553124.38,4162542.09,-122.3981094,37.6084376,4.4,2.0,shrub
551192.38,4161541.09,-122.4200676,37.5995251,4.4,4.3,shrub
553080.38,4162393.09,-122.3986187,37.6070972,4.4,1.6,shrub
552590.38,4161187.09,-122.4042566,37.5962556,4.4,4.3,shrub
551673.38,4161630.09,-122.4146126,37.6003004,4.4,6.1,shrub
552811.38,4161214.09,-122.4017513,37.5964863,4.4,3.2,shrub
552070.38,4161328.09,-122.4101368,37.5975561,4.4,5.3,shrub
552913.38,4161457.09,-122.4005783,37.5986706,4.4,2.6,shrub
551423.38,4162882.09,-122.4173566,37.6115987,4.4,3.1,shrub
551698.38,4161598.09,-122.4143316,37.6000106,4.4,3.8,shrub
551522.38,4162675.09,-122.4162495,37.6097275,4.4,3.3,shrub
551932.38,4163056.09,-122.4115774,37.6131384,4.4,3.9,shrub
553202.38,4161441.09,-122.3973057,37.5985098,4.4,3.0,shrub
552610.38,4162506.09,-122.4039352,37.6081427,4.4,3.0,shrub
552643.38,4161883.09,-122.4036062,37.6025257,4.4,4.3,shrub
551886.38,4163135.09,-122.4120929,37.613853,4.4,3.7,shrub
551209.38,4161426.09,-122.4198831,37.5984877,4.4,4.4,shrub
552796.38,4162478.09,-122.40183,37.6078796,4.4,2.9,shrub
551226.38,4162134.09,-122.4196409,37.604868,4.4,3.4,shrub
551800.38,4162180.09,-122.413135,37.6052504,4.4,4.1,shrub
553229.38,4161979.09,-122.3969608,37.6033572,4.4,3.6,shrub
553208.38,4161613.09,-122.3972253,37.6000596,4.4,3.1,shrub
552912.38,4162196.09,-122.4005362,37.6053313,4.4,1.7,shrub
552663.38,4161985.09,-122.4033723,37.6034439,4.4,3.4,shrub
552752.38,4161923.09,-122.4023685,37.60288,4.4,3.5,shrub
552743.38,4161241.09,-122.4025196,37.5967336,4.4,2.5,shrub
552257.38,4162808.09,-122.4079128,37.6108847,4.4,2.6,shrub
552356.38,4162684.09,-122.4068001,37.6097615,4.4,4.6,shrub
552757.38,4162614.09,-122.402262,37.6091077,4.4,3.1,shrub
551703.38,4162719.09,-122.4141958,37.6101139,4.4,2.0,shrub
552769.38,4162657.09,-122.402123,37.6094945,4.4,2.3,shrub
552983.38,4161197.09,-122.3998042,37.5963232,4.4,3.3,shrub
552881.38,4161114.09,-122.4009656,37.595581,4.4,3.1,shrub
551555.38,4162728.09,-122.4158719,37.6102033,4.4,2.3,shrub
551429.38,4161481.09,-122.4173871,37.5989711,4.4,2.9,shrub
551454.38,4161884.09,-122.4170756,37.602602,4.4,3.5,shrub
552866.38,4162198.09,-122.4010572,37.605352,4.4,2.2,shrub
552338.38,4161152.09,-122.4071136,37.5959546,4.4,2.5,shrub
552424.38,4162460.09,-122.4060457,37.6077387,4.4,4.0,shrub
551326.38,4161553.09,-122.4185488,37.5996258,4.4,2.6,shrub
552347.38,4162492.09,-122.4069158,37.6080315,4.4,2.9,shrub
552706.38,4161780.09,-122.4028999,37.6015937,4.4,3.7,shrub
551432.38,4161169.09,-122.417375,37.5961589,4.4,4.1,shrub
553091.38,4162580.09,-122.3984805,37.608782,4.4,3.5,shrub
552800.38,4161598.09,-122.4018482,37.599948,4.4,1.6,shrub
552672.38,4161640.09,-122.4032951,37.6003339,4.4,3.7,shrub
552246.38,4162526.09,-122.4080576,37.6083437,4.4,2.5,shrub
552122.38,4161379.09,-122.4095442,37.5980128,4.4,2.6,shrub
552865.38,4162080.09,-122.401077,37.6042885,4.4,2.3,shrub
552766.38,4161248.09,-122.4022586,37.5967954,4.4,4.1,shrub
552345.38,4161557.09,-122.4070053,37.5996044,4.4,4.4,shrub
552429.38,4161604.09,-122.4060504,37.6000233,4.4,6.4,shrub
551562.38,4162722.09,-122.415793,37.6101489,4.4,2.5,shrub
552840.38,4162572.09,-122.4013247,37.6087243,4.4,2.6,shrub
552071.38,4161390.09,-122.4101211,37.5981148,4.4,2.8,shrub
551727.38,4161397.09,-122.4140173,37.5981973,4.4,3.0,shrub
552974.38,4161536.09,-122.3998816,37.5993792,4.4,3.7,shrub
551862.38,4162604.09,-122.4124025,37.6090685,4.4,5.2,shrub
553061.38,4162193.09,-122.3988484,37.6052957,4.4,2.5,shrub
551258.38,4161283.09,-122.419338,37.5971961,4.4,2.5,shrub
552696.38,4161442.09,-122.4030375,37.5985479,4.4,4.0,shrub
553193.38,4161293.09,-122.3974185,37.5971763,4.4,2.8,shrub
552171.38,4162451.09,-122.4089127,37.607672,4.3,3.9,shrub
553134.38,4161984.09,-122.3980366,37.6034078,4.3,2.0,shrub
551277.38,4162926.09,-122.4190076,37.6120035,4.3,3.7,shrub
552447.38,4161241.09,-122.4058725,37.5967505,4.3,4.3,shrub
553085.38,4161425.09,-122.3986323,37.5983723,4.3,2.6,shrub
552791.38,4162990.09,-122.4018497,37.6124946,4.3,4.2,shrub
551920.38,4163068.09,-122.4117125,37.6132472,4.3,2.3,shrub
552439.38,4162750.09,-122.405855,37.6103516,4.3,2.6,shrub
551317.38,4162565.09,-122.4185798,37.6087475,4.3,3.1,shrub
552057.38,4162473.09,-122.4102026,37.6078767,4.3,2.0,shrub
551339.38,4161964.09,-122.4183727,37.6033295,4.3,4.0,shrub
553131.38,4162730.09,-122.3980164,37.6101316,4.3,2.0,shrub
551981.38,4161351.09,-122.4111434,37.5977684,4.3,3.4,shrub
552356.38,4162477.09,-122.4068149,37.6078958,4.3,2.2,shrub
551578.38,4162490.09,-122.4156281,37.6080569,4.3,3.9,shrub
552395.38,4161117.09,-122.4064705,37.5956359,4.3,2.8,shrub
553109.38,4162557.09,-122.3982782,37.6085736,4.3,2.6,shrub
552268.38,4162374.09,-122.4078192,37.6069725,4.3,2.5,shrub
552038.38,4161233.09,-122.4105061,37.5967016,4.3,3.5,shrub
551960.38,4162717.09,-122.4112842,37.6100814,4.3,2.9,shrub
551809.38,4163032.09,-122.4129727,37.612929,4.3,2.3,shrub
552804.38,4161653.09,-122.4017989,37.6004435,4.3,2.8,shrub
552918.38,4161262.09,-122.4005358,37.5969128,4.3,3.6,shrub
552159.38,4162736.09,-122.4090283,37.6102414,4.3,5.0,shrub
551664.38,4161615.09,-122.4147156,37.6001657,4.3,3.8,shrub
552758.38,4162768.09,-122.4022396,37.6104956,4.3,2.6,shrub
552491.38,4162888.09,-122.405256,37.6115924,4.3,1.5,shrub
553148.38,4161583.09,-122.3979071,37.5997927,4.3,3.2,shrub
551273.38,4162043.09,-122.4191149,37.6040452,4.3,5.0,shrub
552764.38,4161715.09,-122.4022475,37.6010046,4.3,2.7,shrub
551841.38,4161218.09,-122.4127386,37.5965776,4.3,3.3,shrub
552727.38,4162068.09,-122.4026412,37.6041883,4.3,3.0,shrub
552162.38,4161249.09,-122.4091003,37.5968388,4.3,1.8,shrub
551942.38,4162650.09,-122.4114929,37.6094785,4.3,2.9,shrub
551991.38,4161532.09,-122.4110172,37.5993992,4.3,5.9,shrub
552516.38,4163109.09,-122.4049568,37.6135829,4.3,3.3,shrub
552420.38,4162387.09,-122.4060963,37.607081,4.3,2.1,shrub
552892.38,4162693.09,-122.4007268,37.6098119,4.3,2.5,shrub
552117.38,4162749.09,-122.4095032,37.6103609,4.3,9.0,shrub
552955.38,4162614.09,-122.4000188,37.6090963,4.3,2.5,shrub
552447.38,4161330.09,-122.4058662,37.5975527,4.3,2.5,shrub
552999.38,4162634.09,-122.3995189,37.609274,4.3,2.2,shrub
552782.38,4161915.09,-122.4020292,37.6028061,4.3,3.0,shrub
553058.38,4161482.09,-122.398934,37.5988876,4.3,3.1,shrub
552590.38,4161242.09,-122.4042526,37.5967514,4.3,4.8,shrub
552923.38,4161964.09,-122.4004284,37.6032397,4.3,4.5,shrub
551514.38,4162673.09,-122.4163403,37.6097099,4.3,2.7,shrub
552004.38,4161371.09,-122.4108814,37.5979474,4.3,3.2,shrub
552748.38,4162186.09,-122.4023948,37.6052506,4.3,2.7,shrub
552878.38,4162038.09,-122.4009328,37.6039092,4.3,2.6,shrub
551530.38,4162050.09,-122.4162029,37.6040939,4.3,2.8,shrub
552897.38,4162200.09,-122.4007058,37.6053682,4.3,2.5,shrub
551191.38,4162557.09,-122.4200078,37.6086824,4.3,4.0,shrub
552407.38,4161652.09,-122.4062962,37.6004571,4.3,3.6,shrub
552554.38,4161775.09,-122.4046221,37.6015574,4.3,2.5,shrub
552215.38,4162607.09,-122.408403,37.6090755,4.3,2.8,shrub
552759.38,4162672.09,-122.4022352,37.6096303,4.3,2.7,shrub
552486.38,4163087.09,-122.4052983,37.6133863,4.3,1.4,shrub
552638.38,4162338.09,-122.4036301,37.6066269,4.3,4.6,shrub
552063.38,4162563.09,-122.4101282,37.6086876,4.3,3.5,shrub
552652.38,4162278.09,-122.4034758,37.6060853,4.3,1.5,shrub
552402.38,4163000.09,-122.4062563,37.612607,4.3,9.5,shrub
551946.38,4161200.09,-122.4115505,37.5964094,4.3,3.0,shrub
552076.38,4162981.09,-122.4099512,37.6124543,4.3,4.8,shrub
552960.38,4161708.09,-122.4000277,37.6009302,4.3,3.1,shrub
552820.38,4162048.09,-122.4015891,37.6040027,4.3,1.9,shrub
552881.38,4161546.09,-122.4009344,37.5994746,4.3,1.4,shrub
552020.38,4161236.09,-122.4107097,37.5967297,4.3,4.0,shrub
552950.38,4162745.09,-122.400066,37.6102773,4.3,2.6,shrub
551726.38,4162253.09,-122.4139681,37.6059125,4.3,4.4,shrub
551989.38,4162854.09,-122.4109459,37.6113145,4.3,2.4,shrub
552433.38,4161651.09,-122.4060018,37.6004467,4.3,2.7,shrub
552895.38,4161460.09,-122.400782,37.5986987,4.3,4.3,shrub
552151.38,4161188.09,-122.4092293,37.5962897,4.3,2.9,shrub
552699.38,4162161.09,-122.4029517,37.6050281,4.3,3.9,shrub
552294.38,4161248.09,-122.4076052,37.5968223,4.3,4.3,shrub
552717.38,4162685.09,-122.4027101,37.6097499,4.3,3.4,shrub
552619.38,4161999.09,-122.4038697,37.6035726,4.3,2.8,shrub
552630.38,4161196.09,-122.4038028,37.5963345,4.3,3.8,shrub
552069.38,4161255.09,-122.4101533,37.5968982,4.3,3.9,shrub
552944.38,4162065.09,-122.4001832,37.6041488,4.3,2.5,shrub
552984.38,4162564.09,-122.3996939,37.608644,4.3,2.6,shrub
551742.38,4161549.09,-122.4138367,37.5995665,4.3,3.7,shrub
552783.38,4161221.09,-122.4020679,37.596551,4.3,2.5,shrub
552450.38,4162247.09,-122.4057664,37.6058174,4.3,3.7,shrub
551784.38,4163090.09,-122.4132518,37.6134532,4.3,3.9,shrub
551190.38,4162657.09,-122.4200122,37.6095838,4.3,1.0,shrub
552698.38,4163094.09,-122.4028959,37.6134373,4.3,2.9,shrub
551718.38,4161105.09,-122.4141399,37.595566,4.3,5.8,shrub
552864.38,4162061.09,-122.4010897,37.6041173,4.3,2.8,shrub
551433.38,4161343.09,-122.4173515,37.5977271,4.3,3.2,shrub
552754.38,4162275.09,-122.4023204,37.6060524,4.3,3.7,shrub
552856.38,4161941.09,-122.401189,37.6030362,4.3,3.8,shrub
552000.38,4161457.09,-122.4109206,37.5987227,4.3,3.0,shrub
552749.38,4161652.09,-122.402422,37.6004376,4.3,3.4,shrub
551518.38,4161228.09,-122.4163967,37.5966858,4.3,2.6,shrub
551766.38,4161636.09,-122.4135586,37.6003492,4.3,2.9,shrub
553184.38,4161991.09,-122.3974697,37.603468,4.3,1.5,shrub
552377.38,4162753.09,-122.4065572,37.6103822,4.3,2.7,shrub
552163.38,4162423.09,-122.4090053,37.6074201,4.3,3.3,shrub
552636.38,4161204.09,-122.4037343,37.5964062,4.3,2.0,shrub
553075.38,4162461.09,-122.3986704,37.6077104,4.3,1.6,shrub
551272.38,4162946.09,-122.4190629,37.612184,4.3,2.4,shrub
553109.38,4162264.09,-122.3982995,37.6059328,4.3,2.8,shrub
552447.38,4162716.09,-122.4057668,37.6100447,4.3,2.5,shrub
551364.38,4162336.09,-122.4180634,37.6066809,4.3,2.6,shrub
552770.38,4161640.09,-122.402185,37.6003282,4.3,2.6,shrub
551246.38,4161133.09,-122.4194845,37.5958448,4.3,2.8,shrub
553214.38,4161648.09,-122.3971548,37.6003748,4.3,3.5,shrub
552668.38,4162493.09,-122.403279,37.6080222,4.3,1.7,shrub
552890.38,4162900.09,-122.4007345,37.6116777,4.3,3.6,shrub
551983.38,4162853.09,-122.411014,37.6113059,4.3,3.1,shrub
552495.38,4162381.09,-122.405247,37.6070226,4.3,2.6,shrub
551409.38,4161190.09,-122.4176341,37.5963495,4.3,4.0,shrub
552542.38,4161700.09,-122.4047635,37.6008821,4.3,1.9,shrub
551989.38,4163128.09,-122.4109264,37.6137841,4.3,2.8,shrub
552766.38,4163124.09,-122.4021232,37.6137038,4.3,2.5,shrub
551621.38,4162686.09,-122.4151271,37.6098211,4.3,1.8,shrub
552765.38,4162078.09,-122.40221,37.6042762,4.3,3.4,shrub
551300.38,4161414.09,-122.4188531,37.5983745,4.3,3.8,shrub
552745.38,4162597.09,-122.4023992,37.6089551,4.3,3.7,shrub
552523.38,4161742.09,-122.4049757,37.6012617,4.3,3.8,shrub
552188.38,4162404.09,-122.4087234,37.6072474,4.3,5.9,shrub
553146.38,4162776.09,-122.3978431,37.6105454,4.3,2.8,shrub
552782.38,4162087.09,-122.4020168,37.6043564,4.3,1.6,shrub
552981.38,4162199.09,-122.3997543,37.6053544,4.3,4.0,shrub
553020.38,4161465.09,-122.3993657,37.5987366,4.3,3.0,shrub
552659.38,4161303.09,-122.4034667,37.5972972,4.3,2.8,shrub
551349.38,4162863.09,-122.4181963,37.6114316,4.3,3.0,shrub
552592.38,4161199.09,-122.4042331,37.5963637,4.3,3.1,shrub
551290.38,4162215.09,-122.4189102,37.6055945,4.3,1.7,shrub
552489.38,4162487.09,-122.4053074,37.6079783,4.3,5.2,shrub
551607.38,4162080.09,-122.4153285,37.60436,4.3,2.9,shrub
553026.38,4162680.09,-122.3992096,37.609687,4.3,7.0,shrub
552940.38,4161707.09,-122.4002544,37.6009223,4.3,3.1,shrub
552696.38,4161266.09,-122.4030502,37.5969616,4.3,2.7,shrub
551988.38,4161343.09,-122.4110646,37.5976959,4.3,3.8,shrub
551406.38,4161604.09,-122.417639,37.600081,4.3,3.1,shrub
551956.38,4161428.09,-122.4114211,37.5984638,4.3,3.9,shrub
551738.38,4162843.09,-122.4137905,37.6112296,4.3,2.8,shrub
552471.38,4162328.09,-122.4055227,37.6065463,4.3,3.6,shrub
551359.38,4161106.09,-122.4182064,37.5955951,4.3,3.9,shrub
553184.38,4161223.09,-122.3975255,37.596546,4.3,3.5,shrub
553005.38,4161317.09,-122.3995463,37.5974035,4.3,2.2,shrub
552105.38,4162662.09,-122.4096453,37.6095775,4.3,5.0,shrub
551974.38,4162712.09,-122.411126,37.6100355,4.3,2.3,shrub
551343.38,4161360.09,-122.4183698,37.5978854,4.3,3.4,shrub
552769.38,4161900.09,-122.4021776,37.6026717,4.3,4.1,shrub
552218.38,4161258.09,-122.4084653,37.5969168,4.3,4.3,shrub
552375.38,4162740.09,-122.4065808,37.6102651,4.3,2.3,shrub
552629.38,4162051.09,-122.4037527,37.6040407,4.3,2.6,shrub
552629.38,4162481.09,-122.4037217,37.6079163,4.3,3.1,shrub
552806.38,4162587.09,-122.4017088,37.6088615,4.3,3.0,shrub
553056.38,4163025.09,-122.3988447,37.6127948,4.3,1.1,shrub
552620.38,4161121.09,-122.4039215,37.5956591,4.3,2.1,shrub
551623.38,4161871.09,-122.415162,37.6024753,4.3,3.4,shrub
552397.38,4162599.09,-122.4063417,37.6089931,4.3,2.5,shrub
551791.38,4162742.09,-122.4131971,37.6103163,4.3,4.8,shrub
552493.38,4161822.09,-122.4053098,37.6019845,4.3,3.2,shrub
552935.38,4162068.09,-122.4002849,37.6041763,4.3,4.4,shrub
553193.38,4161928.09,-122.3973723,37.6028996,4.3,2.1,shrub
552479.38,4162249.09,-122.4054378,37.6058338,4.3,2.3,shrub
552845.38,4161648.09,-122.4013348,37.600396,4.3,3.0,shrub
552079.38,4161396.09,-122.41003,37.5981684,4.3,4.4,shrub
552886.38,4162334.09,-122.4008208,37.6065766,4.3,3.5,shrub
552548.38,4162552.09,-122.4046343,37.6085608,4.3,3.1,shrub
551338.38,4161108.09,-122.4184441,37.5956143,4.3,3.1,shrub
551753.38,4162196.09,-122.4136663,37.6053973,4.3,2.2,shrub
553089.38,4161814.09,-122.3985587,37.6018781,4.3,2.5,shrub
552191.38,4161181.09,-122.4087767,37.5962243,4.3,3.9,shrub
551647.38,4161831.09,-122.4148929,37.6021135,4.3,7.5,shrub
552656.38,4161675.09,-122.4034739,37.6006502,4.3,2.8,shrub
552713.38,4161683.09,-122.4028276,37.6007191,4.3,2.3,shrub
551561.38,4162997.09,-122.415785,37.6126275,4.3,2.5,shrub
553049.38,4161910.09,-122.3990049,37.6027457,4.3,2.3,shrub
551838.38,4162539.09,-122.412679,37.608484,4.3,3.2,shrub
552329.38,4162603.09,-122.4071118,37.609033,4.3,3.1,shrub
552408.38,4162560.09,-122.4062198,37.6086409,4.2,4.6,shrub
552551.38,4162935.09,-122.4045728,37.6120126,4.2,2.7,shrub
552139.38,4163100.09,-122.4092289,37.6135232,4.2,3.8,shrub
551833.38,4161495.09,-122.4128096,37.5990746,4.2,3.5,shrub
552867.38,4162119.09,-122.4010516,37.6046399,4.2,3.0,shrub
551256.38,4162596.09,-122.4192687,37.6090303,4.2,3.1,shrub
552450.38,4161286.09,-122.4058353,37.5971559,4.2,3.5,shrub
552388.38,4162599.09,-122.4064436,37.6089936,4.2,2.4,shrub
551884.38,4161459.09,-122.4122345,37.5987473,4.2,4.1,shrub
553222.38,4161707.09,-122.3970598,37.6009061,4.2,4.2,shrub
552328.38,4161646.09,-122.4071916,37.6004076,4.2,3.6,shrub
552408.38,4163023.09,-122.4061867,37.6128139,4.2,3.7,shrub
552196.38,4162860.09,-122.4086002,37.6113569,4.2,3.4,shrub
552766.38,4162741.09,-122.4021509,37.6102518,4.2,2.3,shrub
552954.38,4162803.09,-122.4000164,37.6107998,4.2,2.9,shrub
553206.38,4162550.09,-122.3971798,37.608505,4.2,1.6,shrub
552656.38,4161894.09,-122.4034581,37.6026241,4.2,2.4,shrub
552575.38,4163039.09,-122.4042934,37.6129486,4.2,2.5,shrub
551915.38,4163052.09,-122.4117703,37.6131033,4.2,2.1,shrub
552702.38,4162035.09,-122.4029268,37.6038923,4.2,2.8,shrub
551338.38,4161882.09,-122.4183898,37.6025904,4.2,2.3,shrub
551342.38,4161581.09,-122.4183656,37.5998773,4.2,3.8,shrub
552508.38,4161713.09,-122.4051477,37.6010012,4.2,2.9,shrub
553125.38,4162029.09,-122.3981353,37.6038139,4.2,2.3,shrub
552076.38,4162857.09,-122.40996,37.6113366,4.2,2.9,shrub
553105.38,4162054.09,-122.39836,37.6040403,4.2,2.7,shrub
552440.38,4162373.09,-122.4058707,37.6069537,4.2,3.9,shrub
552815.38,4162054.09,-122.4016453,37.604057,4.2,3.1,shrub
551594.38,4162850.09,-122.4154214,37.6113007,4.2,1.3,shrub
551871.38,4163005.09,-122.4122721,37.6126822,4.2,3.2,shrub
551200.38,4161531.09,-122.4199777,37.5994346,4.2,2.8,shrub
552291.38,4161350.09,-122.4076318,37.5977418,4.2,4.0,shrub
553184.38,4162681.09,-122.3974195,37.6096869,4.2,2.5,shrub
551738.38,4161538.09,-122.4138828,37.5994675,4.2,4.2,shrub
552643.38,4162753.09,-122.4035436,37.610367,4.2,2.3,shrub
552023.38,4162969.09,-122.4105525,37.6123491,4.2,3.4,shrub
552443.38,4161197.09,-122.405921,37.5963542,4.2,4.2,shrub
551442.38,4161561.09,-122.4172342,37.5996914,4.2,2.6,shrub
553017.38,4161142.09,-122.399423,37.5958255,4.2,4.1,shrub
552092.38,4161201.09,-122.4098967,37.5964102,4.2,2.5,shrub
551985.38,4161298.09,-122.4111018,37.5972905,4.2,5.3,shrub
551854.38,4161362.09,-122.4125812,37.5978747,4.2,3.0,shrub
552822.38,4161626.09,-122.4015969,37.6001991,4.2,2.1,shrub
552078.38,4162332.09,-122.4099747,37.6066047,4.2,5.0,shrub
552165.38,4162873.09,-122.4089505,37.6114758,4.2,4.1,shrub
552452.38,4161147.09,-122.4058226,37.595903,4.2,3.8,shrub
551496.38,4162064.09,-122.4165871,37.604222,4.2,3.0,shrub
551374.38,4161943.09,-122.4179777,37.6031382,4.2,3.8,shrub
553033.38,4162329.09,-122.3991558,37.6065231,4.2,2.5,shrub
552678.38,4161301.09,-122.4032516,37.5972781,4.2,3.3,shrub
552972.38,4161542.09,-122.3999038,37.5994333,4.2,2.8,shrub
552128.38,4162373.09,-122.4094054,37.6069714,4.2,3.2,shrub
551559.38,4162656.09,-122.4158317,37.6095542,4.2,3.1,shrub
553081.38,4161452.09,-122.3986756,37.5986159,4.2,2.8,shrub
553169.38,4162733.09,-122.3975857,37.6101565,4.2,2.7,shrub
552571.38,4163046.09,-122.4043382,37.6130119,4.2,3.0,shrub
551350.38,4162954.09,-122.4181786,37.6122518,4.2,3.2,shrub
552135.38,4162864.09,-122.4092911,37.6113964,4.2,3.1,shrub
552952.38,4162009.09,-122.4000966,37.6036436,4.2,2.4,shrub
553165.38,4162511.09,-122.3976471,37.6081558,4.2,3.2,shrub
551233.38,4161330.09,-122.4196179,37.5976211,4.2,4.8,shrub
552944.38,4162240.09,-122.4001705,37.605726,4.2,4.6,shrub
552171.38,4163052.09,-122.4088698,37.6130888,4.2,3.2,shrub
551634.38,4162661.09,-122.4149816,37.609595,4.2,2.0,shrub
551203.38,4161383.09,-122.4199541,37.5981005,4.2,2.2,shrub
552508.38,4162438.09,-122.4050957,37.6075356,4.2,3.8,shrub
552563.38,4161529.09,-122.4045379,37.5993396,4.2,2.6,shrub
552736.38,4161927.09,-122.4025495,37.6029169,4.2,4.9,shrub
553185.38,4162065.09,-122.397453,37.6041349,4.2,2.1,shrub
551307.38,4161314.09,-122.4187808,37.5974728,4.2,2.3,shrub
551734.38,4161753.09,-122.4139129,37.6014056,4.2,5.2,shrub
553185.38,4161203.09,-122.3975156,37.5963656,4.2,3.6,shrub
552563.38,4161934.09,-122.4045088,37.6029899,4.2,2.0,shrub
552290.38,4162347.09,-122.4075719,37.6067279,4.2,2.5,shrub
552095.38,4163018.09,-122.4097333,37.6127867,4.2,1.6,shrub
552741.38,4161682.09,-122.4025105,37.6007084,4.2,3.8,shrub
552637.38,4162200.09,-122.4036513,37.6053831,4.2,3.1,shrub
551421.38,4161448.09,-122.41748,37.5986741,4.2,3.4,shrub
553198.38,4162418.09,-122.39728,37.6073157,4.2,4.9,shrub
552110.38,4162372.09,-122.4096094,37.6069634,4.2,2.7,shrub
551306.38,4161608.09,-122.4187715,37.6001227,4.2,5.0,shrub
552728.38,4162694.09,-122.4025848,37.6098304,4.2,2.4,shrub
552958.38,4162735.09,-122.399976,37.6101867,4.2,3.1,shrub
552818.38,4161650.09,-122.4016405,37.6004156,4.2,2.6,shrub
551257.38,4162414.09,-122.4192701,37.6073899,4.2,2.6,shrub
552591.38,4161593.09,-122.4042161,37.5999149,4.2,2.3,shrub
552307.38,4161685.09,-122.4074267,37.6007603,4.2,2.6,shrub
551596.38,4162873.09,-122.4153972,37.6115079,4.2,3.1,shrub
552767.38,4162011.09,-122.4021922,37.6036722,4.2,1.7,shrub
552827.38,4162473.09,-122.4014791,37.6078328,4.2,2.2,shrub
552790.38,4161613.09,-122.4019604,37.6000837,4.2,2.6,shrub
552016.38,4163075.09,-122.4106243,37.6133049,4.2,2.4,shrub
552803.38,4163024.09,-122.4017113,37.6128003,4.2,3.2,shrub
551908.38,4161186.09,-122.411982,37.5962854,4.2,3.3,shrub
552436.38,4161770.09,-122.4059592,37.601519,4.2,4.4,shrub
552744.38,4162080.09,-122.4024478,37.6042955,4.2,2.4,shrub
551655.38,4161669.09,-122.4148137,37.6006529,4.2,4.3,shrub
552914.38,4162244.09,-122.4005101,37.6057638,4.2,4.2,shrub
552947.38,4162921.09,-122.4000872,37.6118637,4.2,5.5,shrub
552588.38,4161598.09,-122.4042497,37.5999601,4.2,2.4,shrub
551624.38,4162534.09,-122.4151039,37.6084509,4.2,2.3,shrub
551878.38,4162424.09,-122.412234,37.6074452,4.2,2.4,shrub
552978.38,4161487.09,-122.3998398,37.5989373,4.2,1.8,shrub
551837.38,4161228.09,-122.4127833,37.5966679,4.2,6.2,shrub
552963.38,4161894.09,-122.3999803,37.6026064,4.2,3.6,shrub
553029.38,4162120.09,-122.3992162,37.6046396,4.2,3.8,shrub
553049.38,4161926.09,-122.3990037,37.6028899,4.2,3.3,shrub
551876.38,4161499.09,-122.4123223,37.5991083,4.2,2.9,shrub
552135.38,4162764.09,-122.4092982,37.6104951,4.2,2.6,shrub
552759.38,4161618.09,-122.4023112,37.6001306,4.2,2.2,shrub
553204.38,4161349.09,-122.3972898,37.5976804,4.2,2.4,shrub
551629.38,4162538.09,-122.4150469,37.6084867,4.2,4.6,shrub
552440.38,4163015.09,-122.4058247,37.61274,4.2,3.2,shrub
551433.38,4162080.09,-122.4172997,37.6043697,4.2,3.7,shrub
552565.38,4161994.09,-122.4044818,37.6035306,4.2,4.0,shrub
552126.38,4162752.09,-122.409401,37.6103874,4.2,2.3,shrub
552997.38,4162188.09,-122.3995738,37.6052543,4.2,3.0,shrub
552720.38,4161679.09,-122.4027486,37.6006826,4.2,3.6,shrub
551455.38,4161220.09,-122.4171109,37.5966173,4.2,2.6,shrub
551866.38,4162990.09,-122.4123298,37.6125473,4.2,3.2,shrub
553011.38,4161181.09,-122.3994882,37.5961774,4.2,2.7,shrub
552584.38,4161822.09,-122.4042789,37.6019793,4.2,2.2,shrub
551669.38,4161928.09,-122.4146368,37.6029865,4.2,3.7,shrub
551792.38,4162714.09,-122.4131878,37.6100638,4.2,4.0,shrub
552753.38,4162485.09,-122.4023166,37.6079452,4.2,2.0,shrub
553044.38,4161373.09,-122.3991005,37.597906,4.2,4.9,shrub
552594.38,4161585.09,-122.4041827,37.5998426,4.2,2.6,shrub
552637.38,4161972.09,-122.4036677,37.6033282,4.2,2.2,shrub
552731.38,4163096.09,-122.4025218,37.6134534,4.2,3.5,shrub
551476.38,4161606.09,-122.4168459,37.6000951,4.2,2.8,shrub
552258.38,4162813.09,-122.4079012,37.6109297,4.2,3.1,shrub
552760.38,4162489.09,-122.402237,37.6079809,4.2,2.2,shrub
551329.38,4161581.09,-122.4185129,37.599878,4.2,3.1,shrub
551704.38,4162984.09,-122.4141657,37.6125023,4.2,3.3,shrub
552324.38,4161268.09,-122.4072639,37.5970009,4.2,4.4,shrub
552595.38,4162757.09,-122.4040871,37.6104058,4.2,2.6,shrub
552484.38,4161323.09,-122.4054475,37.5974875,4.2,3.4,shrub
553072.38,4162337.09,-122.3987134,37.6065929,4.2,1.9,shrub
552502.38,4161318.09,-122.405244,37.5974414,4.2,3.4,shrub
551754.38,4161604.09,-122.4136968,37.6000615,4.2,4.4,shrub
552632.38,4161286.09,-122.4037737,37.5971455,4.2,2.8,shrub
553025.38,4162889.09,-122.3992058,37.6115708,4.2,2.9,shrub
552837.38,4162598.09,-122.4013568,37.6089589,4.2,2.3,shrub
551702.38,4161108.09,-122.4143209,37.595594,4.2,2.8,shrub
551791.38,4162570.09,-122.4132093,37.608766,4.2,3.8,shrub
551799.38,4161523.09,-122.4131928,37.5993289,4.2,2.9,shrub
552105.38,4162758.09,-122.4096385,37.6104427,4.2,3.5,shrub
552964.38,4161988.09,-122.3999622,37.6034536,4.2,3.5,shrub
551697.38,4161566.09,-122.4143452,37.5997222,4.2,3.1,shrub
553220.38,4161275.09,-122.3971139,37.5970126,4.2,3.3,shrub
552914.38,4161451.09,-122.4005674,37.5986165,4.2,2.3,shrub
551995.38,4161128.09,-122.4110006,37.5957577,4.2,3.1,shrub
552625.38,4162598.09,-122.4037586,37.608971,4.2,2.8,shrub
553003.38,4162348.09,-122.3994943,37.606696,4.2,2.6,shrub
552774.38,4161925.09,-122.4021191,37.6028967,4.2,3.0,shrub
552736.38,4162644.09,-122.4024978,37.6093793,4.2,3.2,shrub
551584.38,4162359.09,-122.4155694,37.6068759,4.2,2.6,shrub
553073.38,4162593.09,-122.3986835,37.6089002,4.2,3.8,shrub
551554.38,4161117.09,-122.4159968,37.5956834,4.2,4.7,shrub
552528.38,4162322.09,-122.4048774,37.606489,4.2,3.1,shrub
551425.38,4162095.09,-122.4173893,37.6045054,4.2,3.9,shrub
552850.38,4162244.09,-122.4012351,37.6057675,4.2,2.6,shrub
552096.38,4162469.09,-122.4097611,37.6078385,4.2,2.7,shrub
551602.38,4161891.09,-122.4153985,37.6026568,4.2,2.0,shrub
552423.38,4161112.09,-122.4061536,37.5955892,4.2,4.1,shrub
551782.38,4161102.09,-122.4134152,37.5955354,4.2,7.1,shrub
552655.38,4161308.09,-122.4035116,37.5973425,4.2,2.2,shrub
552985.38,4162660.09,-122.3996756,37.6095091,4.2,2.8,shrub
552818.38,4161984.09,-122.4016164,37.603426,4.2,5.9,shrub
553077.38,4161292.09,-122.3987325,37.597174,4.2,3.3,shrub
553202.38,4161861.09,-122.3972752,37.6022952,4.2,2.5,shrub
552174.38,4163094.09,-122.4088328,37.6134672,4.2,4.1,shrub
552650.38,4161798.09,-122.403533,37.6017592,4.2,5.6,shrub
551459.38,4161394.09,-122.4170534,37.5981853,4.2,2.1,shrub
552078.38,4162723.09,-122.4099469,37.6101288,4.2,2.6,shrub
551641.38,4161624.09,-122.4149755,37.6002481,4.2,4.9,shrub
552875.38,4161526.09,-122.4010038,37.5992947,4.2,1.1,shrub
552386.38,4162358.09,-122.4064835,37.6068215,4.2,2.8,shrub
552711.38,4163111.09,-122.4027473,37.6135898,4.2,2.7,shrub
552317.38,4161262.09,-122.4073436,37.5969472,4.2,3.9,shrub
552703.38,4161196.09,-122.4029759,37.5963303,4.2,3.0,shrub
553042.38,4163075.09,-122.3989997,37.6132463,4.2,1.1,shrub
551547.38,4161956.09,-122.4160169,37.6032457,4.2,4.7,shrub
553173.38,4162013.09,-122.3975927,37.6036669,4.2,2.0,shrub
552650.38,4161722.09,-122.4035385,37.6010742,4.2,4.4,shrub
551547.38,4161922.09,-122.4160193,37.6029393,4.2,2.5,shrub
552744.38,4162046.09,-122.4024502,37.603989,4.2,3.1,shrub
551638.38,4162813.09,-122.4149255,37.6109648,4.2,3.2,shrub
552675.38,4162323.09,-122.403212,37.6064896,4.1,2.6,shrub
552443.38,4162391.09,-122.4058354,37.6071157,4.1,4.5,shrub
553174.38,4162115.09,-122.3975739,37.6045861,4.1,2.2,shrub
551256.38,4161354.09,-122.4193557,37.5978361,4.1,2.3,shrub
552957.38,4161616.09,-122.4000684,37.6001012,4.1,1.8,shrub
552185.38,4161175.09,-122.4088451,37.5961706,4.1,4.1,shrub
552747.38,4162672.09,-122.4023711,37.609631,4.1,3.3,shrub
552183.38,4162855.09,-122.4087479,37.6113126,4.1,4.4,shrub
551822.38,4161235.09,-122.4129527,37.5967319,4.1,3.8,shrub
551663.38,4162895.09,-122.4146365,37.6117024,4.1,1.5,shrub
551597.38,4161403.09,-122.4154895,37.5982587,4.1,3.3,shrub
551590.38,4161713.09,-122.415547,37.6010531,4.1,2.2,shrub
551432.38,4161791.09,-122.4173313,37.601765,4.1,1.7,shrub
552351.38,4161568.09,-122.4069366,37.5997032,4.1,3.0,shrub
551738.38,4161104.09,-122.4139134,37.5955559,4.1,2.5,shrub
552196.38,4161471.09,-122.4086993,37.5988378,4.1,2.3,shrub
552538.38,4161720.09,-122.4048073,37.6010626,4.1,2.8,shrub
551374.38,4162792.09,-122.4179181,37.6107903,4.1,3.4,shrub
552470.38,4162396.09,-122.4055292,37.6071592,4.1,3.4,shrub
551727.38,4161636.09,-122.4140004,37.6003514,4.1,2.1,shrub
551477.38,4161714.09,-122.416827,37.6010685,4.1,3.1,shrub
551725.38,4161341.09,-122.4140439,37.5976927,4.1,3.3,shrub
552980.38,4162466.09,-122.3997463,37.6077609,4.1,2.2,shrub
552667.38,4161918.09,-122.4033318,37.6028398,4.1,4.4,shrub
552609.38,4162483.09,-122.4039482,37.6079354,4.1,4.1,shrub
552715.38,4161711.09,-122.4028029,37.6009713,4.1,2.9,shrub
552091.38,4161421.09,-122.4098923,37.5983931,4.1,3.1,shrub
552765.38,4162278.09,-122.4021956,37.6060788,4.1,2.9,shrub
552834.38,4162011.09,-122.4014332,37.6036684,4.1,5.1,shrub
553220.38,4162705.09,-122.3970099,37.6099012,4.1,2.0,shrub
551303.38,4161732.09,-122.4187968,37.6012404,4.1,2.1,shrub
551973.38,4161131.09,-122.4112496,37.595786,4.1,2.8,shrub
551859.38,4161507.09,-122.4125143,37.5991813,4.1,4.7,shrub
552469.38,4161732.09,-122.4055881,37.6011747,4.1,3.0,shrub
551989.38,4162984.09,-122.4109367,37.6124862,4.1,3.1,shrub
551238.38,4161317.09,-122.4195622,37.5975037,4.1,3.4,shrub
552535.38,4162458.09,-122.4047883,37.6077143,4.1,2.8,shrub
552550.38,4162377.09,-122.4046242,37.6069834,4.1,2.6,shrub
552795.38,4162458.09,-122.4018428,37.6076994,4.1,2.1,shrub
553028.38,4162766.09,-122.3991807,37.610462,4.1,3.6,shrub
553023.38,4162775.09,-122.3992367,37.6105434,4.1,5.9,shrub
552608.38,4161801.09,-122.4040086,37.6017886,4.1,1.1,shrub
552777.38,4161840.09,-122.4020913,37.6021304,4.1,2.3,shrub
552385.38,4161210.09,-122.4065771,37.5964746,4.1,2.7,shrub
552935.38,4162132.09,-122.4002803,37.6047532,4.1,2.6,shrub
551923.38,4163100.09,-122.4116762,37.6135355,4.1,4.0,shrub
552812.38,4161222.09,-122.4017394,37.5965584,4.1,1.5,shrub
552633.38,4161433.09,-122.4037518,37.5984704,4.1,2.0,shrub
552587.38,4162767.09,-122.404177,37.6104964,4.1,1.7,shrub
551330.38,4162099.09,-122.4184652,37.6045467,4.1,3.0,shrub
551751.38,4162911.09,-122.4136384,37.6118417,4.1,3.8,shrub
552768.38,4161605.09,-122.4022102,37.6000129,4.1,3.1,shrub
551645.38,4162506.09,-122.4148679,37.6081974,4.1,2.9,shrub
553057.38,4161495.09,-122.3989444,37.5990048,4.1,3.0,shrub
552408.38,4161240.09,-122.4063144,37.5967437,4.1,2.9,shrub
551515.38,4162551.09,-122.4163376,37.6086103,4.1,3.8,shrub
551632.38,4161962.09,-122.4150536,37.603295,4.1,3.8,shrub
551464.38,4162753.09,-122.4169011,37.6104338,4.1,2.9,shrub
552666.38,4162506.09,-122.4033008,37.6081395,4.1,3.6,shrub
552752.38,4162000.09,-122.4023629,37.603574,4.1,2.0,shrub
551576.38,4162972.09,-122.4156168,37.6124013,4.1,2.8,shrub
551426.38,4161804.09,-122.4173984,37.6018825,4.1,3.5,shrub
552580.38,4162455.09,-122.4042787,37.6076847,4.1,2.7,shrub
552158.38,4162517.09,-122.4090552,37.6082676,4.1,3.6,shrub
552104.38,4161343.09,-122.4097506,37.5976893,4.1,1.3,shrub
552805.38,4162970.09,-122.4016925,37.6123135,4.1,3.8,shrub
551545.38,4161933.09,-122.4160412,37.6030385,4.1,6.2,shrub
551759.38,4161659.09,-122.4136363,37.6005569,4.1,3.2,shrub
551518.38,4162628.09,-122.4162981,37.6093041,4.1,3.4,shrub
552726.38,4162028.09,-122.4026555,37.6038278,4.1,2.0,shrub
552693.38,4161176.09,-122.4030907,37.5961506,4.1,3.4,shrub
552918.38,4161558.09,-122.4005144,37.5995807,4.1,2.5,shrub
552627.38,4161207.09,-122.403836,37.5964338,4.1,3.9,shrub
551632.38,4161634.09,-122.4150767,37.6003388,4.1,7.0,shrub
552259.38,4162891.09,-122.4078842,37.6116327,4.1,2.6,shrub
552909.38,4162785.09,-122.4005276,37.6106401,4.1,2.1,shrub
551480.38,4162548.09,-122.4167343,37.6085852,4.1,2.6,shrub
551314.38,4161474.09,-122.4186903,37.5989145,4.1,2.0,shrub
552863.38,4161150.09,-122.4011669,37.5959065,4.1,3.1,shrub
553070.38,4162311.09,-122.3987379,37.6063587,4.1,2.6,shrub
551660.38,4161834.09,-122.4147454,37.6021398,4.1,4.8,shrub
552716.38,4161464.09,-122.4028094,37.598745,4.1,5.2,shrub
551423.38,4161406.09,-122.4174603,37.5982955,4.1,3.3,shrub
551546.38,4161638.09,-122.4160507,37.6003796,4.1,5.3,shrub
552230.38,4161395.09,-122.4083196,37.5981509,4.1,4.0,shrub
552159.38,4162512.09,-122.4090443,37.6082225,4.1,3.6,shrub
552575.38,4161950.09,-122.4043717,37.6031334,4.1,2.4,shrub
551973.38,4162846.09,-122.4111278,37.6112433,4.1,3.2,shrub
552447.38,4162695.09,-122.4057683,37.6098554,4.1,1.9,shrub
552921.38,4161280.09,-122.4005005,37.5970749,4.1,3.3,shrub
552721.38,4161897.09,-122.4027215,37.6026474,4.1,3.7,shrub
551475.38,4162886.09,-122.4167672,37.6116319,4.1,2.3,shrub
553201.38,4161649.09,-122.3973019,37.6003845,4.1,3.0,shrub
552045.38,4162386.09,-122.4103448,37.6070933,4.1,3.8,shrub
551682.38,4161236.09,-122.4145385,37.5967488,4.1,2.6,shrub
552742.38,4163112.09,-122.402396,37.613597,4.1,3.5,shrub
553039.38,4162372.09,-122.3990847,37.6069103,4.1,2.6,shrub
552530.38,4162839.09,-122.4048176,37.6111486,4.1,1.7,shrub
553048.38,4161738.09,-122.3990287,37.6011955,4.1,1.4,shrub
553143.38,4161597.09,-122.3979628,37.5999192,4.1,2.8,shrub
552285.38,4161631.09,-122.4076797,37.6002748,4.1,3.3,shrub
552159.38,4161194.09,-122.4091382,37.5963433,4.1,2.6,shrub
552673.38,4161291.09,-122.4033089,37.5971883,4.1,2.1,shrub
552724.38,4162319.09,-122.4026571,37.6064507,4.1,2.1,shrub
551253.38,4161482.09,-122.4193807,37.59899,4.1,2.9,shrub
552928.38,4162363.09,-122.4003428,37.6068356,4.1,2.8,shrub
552938.38,4162046.09,-122.4002525,37.6039779,4.1,4.4,shrub
552588.38,4163117.09,-122.4041405,37.6136509,4.1,2.5,shrub
551831.38,4161234.09,-122.4128508,37.5967223,4.1,5.9,shrub
552641.38,4161586.09,-122.4036502,37.5998489,4.1,2.4,shrub
551297.38,4162466.09,-122.4188133,37.6078564,4.1,2.3,shrub
552442.38,4162245.09,-122.4058572,37.6057999,4.1,4.4,shrub
552974.38,4161181.09,-122.3999073,37.5961795,4.1,2.9,shrub
552002.38,4162393.09,-122.4108314,37.6071588,4.1,3.5,shrub
552647.38,4161246.09,-122.4036067,37.5967842,4.1,2.0,shrub
552770.38,4162189.09,-122.4021454,37.6052764,4.1,2.0,shrub
553038.38,4161105.09,-122.3991878,37.5954909,4.1,3.1,shrub
551409.38,4161976.09,-122.4175789,37.6034337,4.1,2.3,shrub
552803.38,4161898.09,-122.4017925,37.6026517,4.1,1.7,shrub
551703.38,4162263.09,-122.414228,37.606004,4.1,2.8,shrub
552723.38,4162222.09,-122.4026755,37.6055765,4.1,2.5,shrub
552451.38,4161214.09,-122.4058292,37.5965069,4.1,3.8,shrub
551729.38,4162128.09,-122.413943,37.6047857,4.1,1.9,shrub
552340.38,4161361.09,-122.407076,37.5978382,4.1,2.7,shrub
551324.38,4161976.09,-122.4185418,37.6034385,4.1,3.6,shrub
553103.38,4162271.09,-122.3983669,37.6059963,4.1,2.0,shrub
551598.38,4161657.09,-122.4154603,37.600548,4.1,4.5,shrub
551600.38,4161671.09,-122.4154366,37.600674,4.1,4.7,shrub
553221.38,4161781.09,-122.3970658,37.6015731,4.1,2.1,shrub
551754.38,4161130.09,-122.4137304,37.5957893,4.1,2.4,shrub
552114.38,4161414.09,-122.4096323,37.5983287,4.1,2.5,shrub
552943.38,4161193.09,-122.4002576,37.5962895,4.1,2.8,shrub
552670.38,4162974.09,-122.4032217,37.6123573,4.1,1.5,shrub
551821.38,4161242.09,-122.4129635,37.596795,4.1,4.9,shrub
552295.38,4162927.09,-122.4074738,37.6119551,4.1,4.9,shrub
551924.38,4161165.09,-122.4118022,37.5960952,4.1,2.9,shrub
553129.38,4162240.09,-122.3980746,37.6057154,4.1,2.5,shrub
551633.38,4161410.09,-122.4150812,37.5983198,4.1,2.0,shrub
552800.38,4162449.09,-122.4017868,37.607618,4.1,3.0,shrub
552996.38,4162404.09,-122.3995695,37.6072012,4.1,2.3,shrub
552973.38,4161367.09,-122.3999052,37.597856,4.1,2.9,shrub
552210.38,4162908.09,-122.4084382,37.6117887,4.1,1.3,shrub
552065.38,4161320.09,-122.410194,37.5974842,4.1,2.5,shrub
553120.38,4162802.09,-122.3981358,37.6107812,4.1,2.9,shrub
552693.38,4162048.09,-122.4030279,37.60401,4.1,5.8,shrub
552763.38,4162219.09,-122.4022225,37.6055472,4.1,2.1,shrub
551722.38,4163100.09,-122.4139536,37.6135468,4.1,3.8,shrub
551536.38,4162998.09,-122.4160681,37.6126379,4.1,3.0,shrub
552096.38,4162595.09,-122.4097521,37.6089741,4.1,2.3,shrub
551783.38,4162983.09,-122.4132707,37.6124888,4.1,2.0,shrub
551854.38,4161346.09,-122.4125823,37.5977305,4.1,2.4,shrub
551915.38,4162367.09,-122.4118189,37.6069294,4.1,5.1,shrub
551738.38,4162705.09,-122.4138002,37.6099858,4.1,2.3,shrub
553202.38,4162231.09,-122.3972483,37.60563,4.1,2.4,shrub
552574.38,4161703.09,-122.4044008,37.6009073,4.1,3.3,shrub
553153.38,4161491.09,-122.3978572,37.5989632,4.1,4.9,shrub
552742.38,4162330.09,-122.4024524,37.6065488,4.1,2.9,shrub
551581.38,4161704.09,-122.4156495,37.6009725,4.1,2.5,shrub
551844.38,4161234.09,-122.4127035,37.5967216,4.1,3.1,shrub
551403.38,4162121.09,-122.4176367,37.6047409,4.1,3.7,shrub
551662.38,4162273.09,-122.4146918,37.6060964,4.1,2.6,shrub
551383.38,4162156.09,-122.4178608,37.6050575,4.1,3.1,shrub
552196.38,4162851.09,-122.4086009,37.6112758,4.1,2.8,shrub
552597.38,4162353.09,-122.4040935,37.6067644,4.1,2.8,shrub
551278.38,4162052.09,-122.4190576,37.604126,4.1,2.5,shrub
551196.38,4162291.09,-122.4199698,37.6062847,4.1,2.8,shrub
552467.38,4163132.09,-122.4055104,37.613793,4.1,2.5,shrub
551418.38,4162986.09,-122.4174059,37.6125364,4.1,3.0,shrub
552724.38,4161295.09,-122.4027309,37.5972214,4.1,3.1,shrub
552560.38,4162020.09,-122.4045366,37.6037652,4.1,2.2,shrub
552728.38,4162188.09,-122.4026213,37.6052698,4.1,2.8,shrub
551585.38,4162940.09,-122.4155171,37.6121124,4.1,1.8,shrub
551542.38,4161953.09,-122.4160738,37.603219,4.1,4.9,shrub
552784.38,4162721.09,-122.4019484,37.6100705,4.1,3.3,shrub
551212.38,4162524.09,-122.4197722,37.6083838,4.1,2.5,shrub
552151.38,4163113.09,-122.409092,37.6136397,4.1,3.0,shrub
552710.38,4162991.09,-122.4027673,37.6125083,4.1,3.9,shrub
552594.38,4162724.09,-122.4041008,37.6101084,4.1,6.4,shrub
552771.38,4162776.09,-122.4020917,37.610567,4.1,2.0,shrub
552339.38,4162866.09,-122.4069797,37.6114028,4.1,1.4,shrub
552328.38,4162308.09,-122.4071442,37.6063742,4.1,5.0,shrub
551635.38,4161949.09,-122.4150205,37.6031777,4.1,2.6,shrub
553074.38,4163126.09,-122.3986334,37.6137041,4.1,1.9,shrub
553068.38,4162741.09,-122.3987294,37.6102344,4.1,2.7,shrub
552109.38,4162981.09,-122.4095773,37.6124524,4.1,1.8,shrub
551902.38,4161473.09,-122.4120296,37.5988725,4.1,3.0,shrub
552004.38,4162553.09,-122.4107974,37.6086008,4.1,2.7,shrub
552515.38,4163029.09,-122.4049739,37.6128619,4.1,1.5,shrub
551693.38,4162682.09,-122.4143117,37.609781,4.1,4.1,shrub
552938.38,4161928.09,-122.400261,37.6029143,4.1,3.3,shrub
552749.38,4162096.09,-122.40239,37.6044394,4.1,2.0,shrub
551665.38,4161642.09,-122.4147024,37.600409,4.1,6.9,shrub
551951.38,4163026.09,-122.4113642,37.6128669,4.1,2.6,shrub
552479.38,4161750.09,-122.4054736,37.6013363,4.1,1.4,shrub
551731.38,4161542.09,-122.4139618,37.599504,4.1,3.9,shrub
551779.38,4161623.09,-122.4134123,37.6002313,4.1,4.7,shrub
551448.38,4162992.09,-122.4170656,37.6125888,4.0,2.8,shrub
552189.38,4161336.09,-122.4087883,37.5976214,4.0,2.3,shrub
551865.38,4161564.09,-122.4124423,37.5996947,4.0,2.3,shrub
552379.38,4162721.09,-122.4065369,37.6100937,4.0,2.1,shrub
552919.38,4161431.09,-122.4005122,37.598436,4.0,2.0,shrub
553052.38,4162355.09,-122.3989386,37.6067563,4.0,2.3,shrub
551440.38,4162082.09,-122.4172202,37.6043874,4.0,2.3,shrub
552520.38,4162898.09,-122.4049267,37.6116809,4.0,5.4,shrub
552178.38,4162944.09,-122.4087982,37.612115,4.0,4.3,shrub
551677.38,4162939.09,-122.4144748,37.6120982,4.0,4.5,shrub
551960.38,4161480.09,-122.4113721,37.5989323,4.0,5.5,shrub
551266.38,4161702.09,-122.4192181,37.6009721,4.0,1.6,shrub
552804.38,4161593.09,-122.4018032,37.5999027,4.0,2.0,shrub
551807.38,4162377.09,-122.4130417,37.6070256,4.0,3.1,shrub
551655.38,4161630.09,-122.4148165,37.6003014,4.0,8.0,shrub
551595.38,4161669.09,-122.4154934,37.6006563,4.0,4.3,shrub
552918.38,4162007.09,-122.4004819,37.6036275,4.0,1.5,shrub
551240.38,4162122.09,-122.4194832,37.604759,4.0,2.6,shrub
551752.38,4161149.09,-122.4137517,37.5959607,4.0,2.9,shrub
552983.38,4162272.09,-122.3997263,37.6060122,4.0,1.6,shrub
552612.38,4162524.09,-122.4039112,37.6083048,4.0,2.5,shrub
552060.38,4161337.09,-122.4102495,37.5976378,4.0,3.4,shrub
551678.38,4161776.09,-122.4145456,37.601616,4.0,3.2,shrub
553121.38,4162570.09,-122.3981413,37.6086901,4.0,2.3,shrub
552871.38,4163046.09,-122.4009392,37.6129947,4.0,3.4,shrub
551874.38,4163044.09,-122.4122354,37.6130335,4.0,4.0,shrub
553221.38,4161205.09,-122.3971077,37.5963816,4.0,2.1,shrub
552625.38,4162901.09,-122.4037368,37.611702,4.0,2.6,shrub
552167.38,4162669.09,-122.4089424,37.609637,4.0,3.4,shrub
552516.38,4162349.09,-122.4050114,37.606733,4.0,3.9,shrub
552445.38,4161744.09,-122.4058591,37.6012842,4.0,2.3,shrub
553128.38,4162216.09,-122.3980877,37.6054991,4.0,3.3,shrub
552240.38,4163002.09,-122.4080916,37.6126342,4.0,3.7,shrub
552531.38,4163028.09,-122.4047927,37.612852,4.0,3.8,shrub
551591.38,4162019.09,-122.415514,37.6038111,4.0,1.4,shrub
552944.38,4162770.09,-122.4001321,37.6105029,4.0,3.3,shrub
551608.38,4162577.09,-122.4152821,37.6088394,4.0,3.4,shrub
552819.38,4162967.09,-122.4015341,37.6122857,4.0,2.0,shrub
552809.38,4162044.09,-122.401714,37.6039673,4.0,3.7,shrub
553151.38,4162289.09,-122.3978219,37.6061557,4.0,1.8,shrub
551604.38,4161659.09,-122.4153922,37.6005657,4.0,4.6,shrub
552360.38,4161200.09,-122.406861,37.5963859,4.0,4.0,shrub
551535.38,4161962.09,-122.4161525,37.6033005,4.0,5.9,shrub
552698.38,4162127.09,-122.4029655,37.6047217,4.0,2.9,shrub
552115.38,4161623.09,-122.4096061,37.6002124,4.0,3.3,shrub
551321.38,4162463.09,-122.4185416,37.607828,4.0,3.2,shrub
552646.38,4163013.09,-122.4034908,37.6127102,4.0,2.0,shrub
552879.38,4161125.09,-122.4009874,37.5956803,4.0,2.8,shrub
551614.38,4161127.09,-122.4153164,37.5957701,4.0,2.9,shrub
551732.38,4161293.09,-122.413968,37.5972597,4.0,2.9,shrub
552805.38,4162576.09,-122.4017209,37.6087624,4.0,2.1,shrub
552626.38,4161256.09,-122.4038438,37.5968755,4.0,2.5,shrub
552660.38,4162292.09,-122.4033841,37.606211,4.0,1.8,shrub
552739.38,4161645.09,-122.4025358,37.6003751,4.0,2.0,shrub
551870.38,4161571.09,-122.4123851,37.5997575,4.0,1.4,shrub
553053.38,4161416.09,-122.3989954,37.598293,4.0,3.0,shrub
551277.38,4161770.09,-122.4190887,37.6015844,4.0,3.1,shrub
552032.38,4163016.09,-122.4104472,37.6127722,4.0,3.0,shrub
552300.38,4161160.09,-122.4075435,37.5960288,4.0,2.4,shrub
551525.38,4162461.09,-122.4162306,37.6077985,4.0,2.2,shrub
551194.38,4161334.09,-122.4200594,37.5976593,4.0,2.7,shrub
551714.38,4162543.09,-122.4140836,37.608527,4.0,3.1,shrub
552350.38,4162223.09,-122.4069011,37.6056068,4.0,2.6,shrub
552826.38,4162096.09,-122.4015177,37.604435,4.0,3.9,shrub
552684.38,4161802.09,-122.4031475,37.6017933,4.0,3.3,shrub
551798.38,4162573.09,-122.4131298,37.6087927,4.0,6.4,shrub
552189.38,4161164.09,-122.4088005,37.5960712,4.0,4.4,shrub
553028.38,4161102.09,-122.3993013,37.5954644,4.0,3.7,shrub
552589.38,4162959.09,-122.4041405,37.6122268,4.0,3.0,shrub
551237.38,4162300.09,-122.4195047,37.6063635,4.0,3.1,shrub
552814.38,4162500.09,-122.4016245,37.6080769,4.0,2.0,shrub
552785.38,4162999.09,-122.401917,37.6125761,4.0,3.5,shrub
552097.38,4163118.09,-122.4097035,37.6136879,4.0,2.4,shrub
552889.38,4162514.09,-122.4007738,37.6081988,4.0,2.0,shrub
551620.38,4162817.09,-122.4151292,37.6110018,4.0,2.3,shrub
552511.38,4161239.09,-122.4051477,37.5967288,4.0,2.9,shrub
551511.38,4162649.09,-122.416376,37.6094938,4.0,3.0,shrub
553037.38,4162324.09,-122.3991108,37.6064778,4.0,2.0,shrub
551451.38,4162298.09,-122.4170804,37.6063336,4.0,1.8,shrub
552095.38,4161475.09,-122.4098432,37.5988796,4.0,5.1,shrub
551932.38,4161432.09,-122.4116927,37.5985012,4.0,2.9,shrub
551608.38,4161750.09,-122.4153404,37.6013856,4.0,7.0,shrub
552235.38,4162169.09,-122.4082077,37.6051267,4.0,2.8,shrub
552190.38,4161605.09,-122.4087578,37.6000459,4.0,4.8,shrub
552737.38,4162399.09,-122.4025041,37.607171,4.0,3.1,shrub
551425.38,4161108.09,-122.4174586,37.5956095,4.0,2.4,shrub
551711.38,4161468.09,-122.4141936,37.5988381,4.0,2.9,shrub
551530.38,4161722.09,-122.416226,37.6011376,4.0,2.6,shrub
552830.38,4161770.09,-122.4014959,37.6014965,4.0,2.4,shrub
552934.38,4161903.09,-122.4003082,37.6026892,4.0,1.1,shrub
552137.38,4163032.09,-122.4092564,37.6129105,4.0,1.4,shrub
553219.38,4162053.09,-122.3970687,37.6040247,4.0,1.8,shrub
551556.38,4161925.09,-122.4159172,37.6029658,4.0,6.3,shrub
552259.38,4163073.09,-122.4078712,37.6132731,4.0,2.4,shrub
552710.38,4162713.09,-122.4027874,37.6100026,4.0,2.6,shrub
551987.38,4161453.09,-122.4110681,37.5986874,4.0,4.2,shrub
551193.38,4162644.09,-122.4199791,37.6094665,4.0,4.1,shrub
552800.38,4162968.09,-122.4017493,37.6122958,4.0,2.9,shrub
552067.38,4163038.09,-122.4100491,37.6129685,4.0,2.8,shrub
551866.38,4162730.09,-122.4123483,37.6102039,4.0,4.1,shrub
551931.38,4162343.09,-122.4116393,37.6067122,4.0,1.8,shrub
551558.38,4162842.09,-122.4158299,37.6112307,4.0,2.0,shrub
551234.38,4161816.09,-122.4195726,37.6020014,4.0,3.2,shrub
551594.38,4161817.09,-122.4154943,37.6019903,4.0,3.6,shrub
551937.38,4162445.09,-122.4115641,37.6076311,4.0,3.5,shrub
551649.38,4162904.09,-122.4147945,37.6117844,4.0,2.4,shrub
553143.38,4162518.09,-122.3978958,37.6082202,4.0,3.1,shrub
552082.38,4161183.09,-122.4100112,37.5962485,4.0,2.3,shrub
552750.38,4163066.09,-122.4023087,37.6131819,4.0,4.4,shrub
553100.38,4161641.09,-122.3984467,37.6003183,4.0,2.3,shrub
552580.38,4161836.09,-122.4043232,37.6021057,4.0,2.9,shrub
552459.38,4163086.09,-122.4056043,37.6133789,4.0,2.2,shrub
552187.38,4161170.09,-122.4088228,37.5961254,4.0,2.5,shrub
551400.38,4162092.09,-122.4176727,37.6044797,4.0,2.9,shrub
551972.38,4162593.09,-122.4111571,37.6089631,4.0,3.4,shrub
552789.38,4161737.09,-122.4019628,37.6012014,4.0,3.2,shrub
551635.38,4161623.09,-122.4150435,37.6002394,4.0,4.2,shrub
552759.38,4161722.09,-122.4023037,37.6010679,4.0,3.7,shrub
551554.38,4163009.09,-122.4158634,37.6127361,4.0,2.6,shrub
552987.38,4161280.09,-122.3997529,37.5970711,4.0,2.7,shrub
551804.38,4163050.09,-122.413028,37.6130915,4.0,1.1,shrub
551289.38,4162931.09,-122.4188713,37.6120479,4.0,3.7,shrub
552030.38,4163073.09,-122.4104658,37.6132861,4.0,2.4,shrub
552461.38,4163091.09,-122.4055813,37.6134238,4.0,2.1,shrub
551252.38,4161398.09,-122.4193979,37.5982329,4.0,3.0,shrub
553163.38,4162476.09,-122.3976723,37.6078405,4.0,2.5,shrub
553035.38,4161223.09,-122.3992133,37.5965546,4.0,2.0,shrub
552641.38,4161378.09,-122.4036652,37.5979742,4.0,1.7,shrub
551782.38,4161433.09,-122.4133918,37.5985187,4.0,2.6,shrub
552873.38,4161912.09,-122.4009985,37.6027739,4.0,2.8,shrub
551297.38,4161423.09,-122.4188864,37.5984557,4.0,2.9,shrub
551491.38,4162282.09,-122.4166284,37.6061871,4.0,3.3,shrub
553124.38,4161152.09,-122.3982103,37.5959095,4.0,4.4,shrub
552610.38,4162617.09,-122.4039272,37.6091431,4.0,1.8,shrub
552254.38,4161136.09,-122.4080663,37.5958151,4.0,2.9,shrub
552986.38,4161653.09,-122.3997372,37.600433,4.0,2.5,shrub
551316.38,4162226.09,-122.4186149,37.6056922,4.0,3.3,shrub
551243.38,4162297.09,-122.4194369,37.6063362,4.0,2.3,shrub
551917.38,4161424.09,-122.4118631,37.59843,4.0,4.2,shrub
553039.38,4161420.09,-122.3991537,37.5983299,4.0,2.4,shrub
552085.38,4161429.09,-122.4099597,37.5984655,4.0,3.2,shrub
551190.38,4161400.09,-122.4201001,37.5982544,4.0,2.9,shrub
553073.38,4161454.09,-122.3987661,37.5986344,4.0,2.5,shrub
553183.38,4161340.09,-122.3975283,37.5976005,4.0,3.3,shrub
552671.38,4161776.09,-122.4032967,37.6015597,4.0,2.6,shrub
553182.38,4162406.09,-122.3974622,37.6072085,4.0,4.3,shrub
553033.38,4161358.09,-122.3992261,37.5977714,4.0,2.2,shrub
552948.38,4162810.09,-122.4000839,37.6108632,4.0,2.2,shrub
551369.38,4161270.09,-122.4180816,37.5970727,4.0,3.3,shrub
551640.38,4162653.09,-122.4149142,37.6095226,4.0,2.5,shrub
551749.38,4162350.09,-122.4137007,37.6067855,4.0,2.0,shrub
551396.38,4162250.09,-122.4177069,37.605904,4.0,2.4,shrub
552693.38,4163135.09,-122.4029495,37.6138071,4.0,2.3,shrub
552252.38,4161312.09,-122.4080763,37.5974015,4.0,2.1,shrub
553171.38,4162309.09,-122.3975938,37.6063348,4.0,2.7,shrub
552818.38,4161205.09,-122.4016726,37.5964048,4.0,3.5,shrub
551919.38,4163077.09,-122.4117232,37.6133284,4.0,2.1,shrub
551847.38,4162862.09,-122.4125542,37.6113947,4.0,1.4,shrub
552816.38,4161633.09,-122.4016644,37.6002625,4.0,1.8,shrub
552537.38,4162925.09,-122.4047321,37.6119233,4.0,1.5,shrub
552117.38,4163078.09,-122.4094797,37.6133262,4.0,3.1,shrub
551680.38,4161677.09,-122.41453,37.6007236,4.0,2.5,shrub
551349.38,4162248.09,-122.4182395,37.6058886,4.0,1.4,shrub
551259.38,4161275.09,-122.4193273,37.5971239,4.0,4.5,shrub
551623.38,4162946.09,-122.4150861,37.6121644,4.0,2.0,shrub
552817.38,4162596.09,-122.4015835,37.608942,4.0,2.8,shrub
551927.38,4161355.09,-122.4117548,37.5978075,4.0,4.0,shrub
552592.38,4162342.09,-122.4041509,37.6066656,4.0,2.3,shrub
551431.38,4163000.09,-122.4172576,37.6126618,4.0,1.9,shrub
551639.38,4162507.09,-122.4149358,37.6082067,4.0,2.9,shrub
551508.38,4162131.09,-122.4164464,37.6048252,4.0,2.4,shrub
552665.38,4162114.09,-122.4033403,37.6046064,4.0,3.8,shrub
551611.38,4161601.09,-122.415317,37.6000425,4.0,2.5,shrub
552145.38,4163091.09,-122.4091616,37.6134418,4.0,2.1,shrub
551450.38,4162903.09,-122.4170492,37.6117865,4.0,3.4,shrub
552568.38,4161128.09,-122.40451,37.5957251,4.0,4.4,shrub
552225.38,4161244.09,-122.408387,37.5967902,4.0,3.2,shrub
552893.38,4161102.09,-122.4008305,37.5954722,4.0,3.4,shrub
551672.38,4161378.09,-122.4146417,37.5980292,4.0,3.0,shrub
552389.38,4162999.09,-122.4064036,37.6125987,4.0,3.1,shrub
552327.38,4163026.09,-122.4071042,37.6128456,4.0,3.9,shrub
551710.38,4161714.09,-122.4141875,37.6010554,4.0,2.7,shrub
552392.38,4161186.09,-122.4064995,37.5962579,4.0,2.2,shrub
552654.38,4162294.09,-122.403452,37.6062294,4.0,3.0,shrub
552042.38,4162951.09,-122.4103385,37.6121858,4.0,3.2,shrub
551449.38,4162891.09,-122.4170614,37.6116784,4.0,4.3,shrub
551630.38,4161644.09,-122.4150987,37.600429,4.0,3.7,shrub
552594.38,4162583.09,-122.4041109,37.6088376,4.0,3.4,shrub
552457.38,4162227.09,-122.4056886,37.6056368,4.0,2.5,shrub
551380.38,4161549.09,-122.4179374,37.5995868,4.0,4.8,shrub
551191.38,4162125.09,-122.4200381,37.6047888,4.0,3.6,shrub
553035.38,4161553.09,-122.3991894,37.5995289,4.0,2.1,shrub
553144.38,4162027.09,-122.3979202,37.6037947,4.0,4.5,shrub
551379.38,4163000.09,-122.4178468,37.6126647,4.0,2.6,shrub
552006.38,4162673.09,-122.4107662,37.6096822,4.0,3.2,shrub
552941.38,4161681.09,-122.4002449,37.6006879,4.0,2.0,shrub
552407.38,4162189.09,-122.4062577,37.6052971,4.0,3.3,shrub
552779.38,4161548.09,-122.4020897,37.5994985,3.9,2.2,shrub
552543.38,4161686.09,-122.4047532,37.6007558,3.9,3.0,shrub
552665.38,4161242.09,-122.4034031,37.5967471,3.9,2.7,shrub
552158.38,4162849.09,-122.4090316,37.6112599,3.9,5.2,shrub
552126.38,4161361.09,-122.4095001,37.5978503,3.9,2.3,shrub
551325.38,4161863.09,-122.4185384,37.6024199,3.9,2.8,shrub
552625.38,4162112.09,-122.4037936,37.6045907,3.9,3.3,shrub
551831.38,4163114.09,-122.4127176,37.6136668,3.9,3.4,shrub
553090.38,4161917.09,-122.3985399,37.6028064,3.9,1.1,shrub
553176.38,4162808.09,-122.3975009,37.610832,3.9,2.5,shrub
553190.38,4162722.09,-122.3973485,37.6100561,3.9,2.1,shrub
552454.38,4162363.09,-122.4057128,37.6068627,3.9,2.9,shrub
552115.38,4163047.09,-122.4095046,37.6130469,3.9,3.2,shrub
553197.38,4161299.09,-122.3973727,37.5972302,3.9,2.6,shrub
553066.38,4161225.09,-122.398862,37.5965708,3.9,3.2,shrub
552634.38,4162968.09,-122.40363,37.6123053,3.9,2.4,shrub
552170.38,4162842.09,-122.4088961,37.6111961,3.9,2.5,shrub
552859.38,4162288.09,-122.40113,37.6061636,3.9,1.4,shrub
553132.38,4161528.09,-122.3980924,37.5992979,3.9,2.5,shrub
551287.38,4162997.09,-122.4188894,37.6126428,3.9,2.4,shrub
552877.38,4161658.09,-122.4009716,37.6004843,3.9,2.8,shrub
552730.38,4162471.09,-122.4025782,37.6078203,3.9,2.8,shrub
551251.38,4161408.09,-122.4194086,37.5983231,3.9,2.1,shrub
553193.38,4162681.09,-122.3973175,37.6096864,3.9,3.3,shrub
551431.38,4161357.09,-122.4173732,37.5978534,3.9,3.0,shrub
552649.38,4163035.09,-122.4034553,37.6129083,3.9,2.4,shrub
552712.38,4162209.09,-122.402801,37.60546,3.9,2.0,shrub
553098.38,4162190.09,-122.3984295,37.6052665,3.9,1.6,shrub
552948.38,4162142.09,-122.4001323,37.6048425,3.9,1.6,shrub
551717.38,4161886.09,-122.414096,37.6026053,3.9,4.7,shrub
552898.38,4161708.09,-122.4007301,37.6009338,3.9,1.6,shrub
553059.38,4161320.09,-122.3989344,37.5974274,3.9,3.1,shrub
552430.38,4163137.09,-122.4059292,37.6138402,3.9,1.4,shrub
551648.38,4161977.09,-122.4148713,37.6034293,3.9,6.0,shrub
552271.38,4162437.09,-122.4077807,37.6075401,3.9,2.9,shrub
551310.38,4163000.09,-122.4186286,37.6126686,3.9,2.5,shrub
551279.38,4162390.09,-122.4190226,37.6071724,3.9,2.3,shrub
552896.38,4161526.09,-122.4007659,37.5992935,3.9,1.1,shrub
551646.38,4162495.09,-122.4148574,37.6080982,3.9,2.3,shrub
553095.38,4162745.09,-122.3984232,37.6102689,3.9,1.6,shrub
552657.38,4162719.09,-122.4033874,37.6100598,3.9,2.8,shrub
552553.38,4161862.09,-122.4046272,37.6023416,3.9,2.8,shrub
552641.38,4161994.09,-122.4036208,37.6035262,3.9,3.4,shrub
552679.38,4163127.09,-122.4031087,37.6137358,3.9,3.1,shrub
551217.38,4161416.09,-122.4197932,37.5983971,3.9,4.2,shrub
551624.38,4161129.09,-122.415203,37.5957876,3.9,3.4,shrub
552829.38,4162307.09,-122.4014685,37.6063365,3.9,3.7,shrub
552913.38,4162337.09,-122.4005147,37.6066021,3.9,1.4,shrub
551963.38,4162493.09,-122.4112661,37.6080623,3.9,3.4,shrub
551378.38,4162421.09,-122.4178988,37.6074462,3.9,2.3,shrub
552947.38,4161314.09,-122.4002035,37.5973798,3.9,3.5,shrub
551958.38,4163056.09,-122.4112828,37.6131369,3.9,4.0,shrub
551489.38,4162928.09,-122.4166056,37.6120096,3.9,2.8,shrub
551209.38,4161517.09,-122.4198767,37.5993079,3.9,3.3,shrub
552600.38,4161123.09,-122.4041479,37.5956782,3.9,2.9,shrub
551510.38,4161736.09,-122.4164516,37.6012649,3.9,2.4,shrub
552796.38,4162471.09,-122.4018305,37.6078166,3.9,2.4,shrub
552949.38,4162683.09,-122.4000818,37.6097185,3.9,1.9,shrub
552080.38,4161344.09,-122.4100224,37.5976997,3.9,4.7,shrub
552634.38,4161617.09,-122.4037273,37.6001287,3.9,3.7,shrub
552765.38,4161933.09,-122.4022205,37.6029693,3.9,2.9,shrub
552065.38,4162948.09,-122.4100782,37.6121575,3.9,4.8,shrub
552169.38,4161405.09,-122.4090099,37.5982445,3.9,3.8,shrub
552965.38,4162055.09,-122.399946,37.6040574,3.9,1.7,shrub
552748.38,4162208.09,-122.4023933,37.6054489,3.9,2.8,shrub
551597.38,4162745.09,-122.4153949,37.6103542,3.9,1.7,shrub
551344.38,4161351.09,-122.4183591,37.5978042,3.9,3.7,shrub
551690.38,4162488.09,-122.4143594,37.6080326,3.9,1.9,shrub
551615.38,4162898.09,-122.4151801,37.6117322,3.9,3.0,shrub
552190.38,4163036.09,-122.4086557,37.6129435,3.9,2.3,shrub
553162.38,4162739.09,-122.3976645,37.610211,3.9,3.5,shrub
551245.38,4161374.09,-122.4194789,37.598017,3.9,3.1,shrub
551794.38,4162157.09,-122.4132046,37.6050435,3.9,1.6,shrub
553180.38,4162662.09,-122.3974662,37.6095159,3.9,2.1,shrub
552476.38,4162426.09,-122.4054591,37.6074293,3.9,2.3,shrub
552974.38,4161981.09,-122.3998494,37.6033899,3.9,3.2,shrub
553057.38,4162407.09,-122.3988782,37.6072247,3.9,3.4,shrub
552682.38,4162999.09,-122.403084,37.612582,3.9,2.4,shrub
553217.38,4161643.09,-122.3971211,37.6003295,3.9,2.5,shrub
551574.38,4161725.09,-122.4157274,37.6011622,3.9,1.8,shrub
553031.38,4161120.09,-122.3992661,37.5956265,3.9,2.9,shrub
552123.38,4162822.09,-122.40943,37.6110185,3.9,2.6,shrub
551389.38,4162976.09,-122.4177352,37.6124479,3.9,2.6,shrub
552640.38,4162669.09,-122.4035836,37.6096101,3.9,2.9,shrub
553015.38,4162042.09,-122.3993805,37.6039374,3.9,4.9,shrub
551654.38,4161430.09,-122.4148419,37.5984989,3.9,2.7,shrub
552325.38,4161652.09,-122.4072251,37.6004618,3.9,2.7,shrub
551702.38,4161103.09,-122.4143213,37.5955489,3.9,2.8,shrub
552350.38,4161247.09,-122.4069709,37.5968101,3.9,3.0,shrub
551649.38,4161802.09,-122.4148723,37.601852,3.9,2.3,shrub
552519.38,4161729.09,-122.4050219,37.6011448,3.9,4.3,shrub
551238.38,4161432.09,-122.4195542,37.5985402,3.9,3.2,shrub
551467.38,4161651.09,-122.4169447,37.6005012,3.9,1.3,shrub
552133.38,4162447.09,-122.4093434,37.6076381,3.9,2.9,shrub
551879.38,4162757.09,-122.4121991,37.6104465,3.9,3.7,shrub
553042.38,4161603.09,-122.3991064,37.5999791,3.9,2.3,shrub
552215.38,4161609.09,-122.4084743,37.6000805,3.9,3.3,shrub
552354.38,4162663.09,-122.4068242,37.6095723,3.9,5.6,shrub
553153.38,4162468.09,-122.3977862,37.607769,3.9,1.4,shrub
551631.38,4163118.09,-122.4149833,37.6137141,3.9,4.4,shrub
553134.38,4162236.09,-122.3980183,37.605679,3.9,2.4,shrub
552859.38,4162111.09,-122.4011428,37.6045683,3.9,2.6,shrub
552390.38,4161596.09,-122.4064928,37.5999534,3.9,2.5,shrub
552305.38,4162447.09,-122.4073948,37.6076283,3.9,2.5,shrub
551967.38,4161105.09,-122.4113194,37.595552,3.9,1.4,shrub
552481.38,4161567.09,-122.405464,37.5996868,3.9,2.4,shrub
553229.38,4162149.09,-122.3969484,37.6048894,3.9,1.6,shrub
552151.38,4163102.09,-122.4090928,37.6135406,3.9,5.4,shrub
552313.38,4162947.09,-122.4072684,37.6121344,3.9,2.8,shrub
551409.38,4161845.09,-122.4175881,37.602253,3.9,2.6,shrub
552749.38,4162195.09,-122.4023829,37.6053317,3.9,2.0,shrub
553224.38,4161786.09,-122.3970314,37.601618,3.9,1.4,shrub
551460.38,4161244.09,-122.4170526,37.5968333,3.9,1.3,shrub
551332.38,4162401.09,-122.4184214,37.6072686,3.9,1.4,shrub
551343.38,4162129.09,-122.4183158,37.6048164,3.9,2.4,shrub
553096.38,4161192.09,-122.3985246,37.5962716,3.9,3.0,shrub
552296.38,4162398.09,-122.4075003,37.6071872,3.9,1.9,shrub
552915.38,4161469.09,-122.4005548,37.5987787,3.9,2.8,shrub
552995.38,4161185.09,-122.3996691,37.5962144,3.9,2.0,shrub
552956.38,4162745.09,-122.399998,37.6102769,3.9,2.0,shrub
552564.38,4162566.09,-122.404452,37.6086861,3.9,3.1,shrub
552096.38,4162494.09,-122.4097593,37.6080638,3.9,3.2,shrub
552395.38,4162353.09,-122.4063819,37.606776,3.9,3.0,shrub
551687.38,4162792.09,-122.4143719,37.6107728,3.9,2.6,shrub
552228.38,4162412.09,-122.4082697,37.6073172,3.9,1.8,shrub
552361.38,4161363.09,-122.406838,37.597855,3.9,2.8,shrub
552480.38,4162924.09,-122.405378,37.6119175,3.9,2.1,shrub
551448.38,4162868.09,-122.4170743,37.6114712,3.9,2.7,shrub
551894.38,4161507.09,-122.4121178,37.5991794,3.9,2.5,shrub
552498.38,4162041.09,-122.4052374,37.603958,3.9,2.9,shrub
551920.38,4162637.09,-122.4117431,37.6093626,3.9,3.4,shrub
552779.38,4161107.09,-122.4021215,37.5955238,3.9,2.5,shrub
552895.38,4162506.09,-122.4007064,37.6081263,3.9,1.9,shrub
552856.38,4162860.09,-122.4011226,37.6113192,3.9,1.7,shrub
552819.38,4162294.09,-122.4015827,37.6062199,3.9,2.3,shrub
552120.38,4161601.09,-122.409551,37.6000138,3.9,2.5,shrub
553181.38,4162802.09,-122.3974447,37.6107777,3.9,2.4,shrub
551759.38,4163092.09,-122.4135349,37.6134726,3.9,4.4,shrub
552609.38,4162992.09,-122.4039116,37.6125231,3.9,1.3,shrub
552641.38,4162455.09,-122.4035877,37.6076812,3.9,2.3,shrub
551771.38,4163059.09,-122.4134013,37.6131745,3.9,2.7,shrub
552883.38,4162815.09,-122.40082,37.610912,3.9,1.8,shrub
552318.38,4162940.09,-122.4072123,37.612071,3.9,3.7,shrub
552243.38,4161222.09,-122.4081847,37.5965909,3.9,3.7,shrub
552855.38,4163104.09,-122.4011163,37.6135184,3.9,3.9,shrub
551784.38,4161520.09,-122.4133629,37.5993027,3.9,3.3,shrub
552754.38,4162176.09,-122.4023276,37.6051601,3.9,2.4,shrub
552663.38,4161755.09,-122.4033888,37.6013709,3.9,2.9,shrub
552208.38,4162419.09,-122.4084958,37.6073815,3.9,3.5,shrub
551592.38,4161600.09,-122.4155323,37.6000346,3.9,2.4,shrub
552885.38,4161393.09,-122.4009001,37.5980954,3.9,2.3,shrub
552158.38,4162671.09,-122.4090442,37.6096556,3.9,2.5,shrub
553209.38,4162533.09,-122.397147,37.6083516,3.9,2.6,shrub
552813.38,4161185.09,-122.4017307,37.5962248,3.9,2.6,shrub
552467.38,4162401.09,-122.4055628,37.6072045,3.9,6.4,shrub
553068.38,4162183.09,-122.3987698,37.6052052,3.9,2.1,shrub
552963.38,4162812.09,-122.3999138,37.6108804,3.9,1.6,shrub
551483.38,4162512.09,-122.4167028,37.6082606,3.9,2.8,shrub
551374.38,4162977.09,-122.4179051,37.6124577,3.9,1.7,shrub
553205.38,4161767.09,-122.3972481,37.6014478,3.9,2.2,shrub
551675.38,4162894.09,-122.4145006,37.6116928,3.9,2.2,shrub
551990.38,4161134.09,-122.4110568,37.5958121,3.9,4.2,shrub
552435.38,4163094.09,-122.4058757,37.6134523,3.9,3.0,shrub
551695.38,4161751.09,-122.4143548,37.6013897,3.9,1.9,shrub
552882.38,4162782.09,-122.4008337,37.6106147,3.9,1.8,shrub
552069.38,4161408.09,-122.4101425,37.5982772,3.9,2.0,shrub
552650.38,4161627.09,-122.4035453,37.6002179,3.9,3.9,shrub
552472.38,4162842.09,-122.4054745,37.6111789,3.9,1.4,shrub
551717.38,4162248.09,-122.4140705,37.605868,3.9,2.4,shrub
552766.38,4163138.09,-122.4021222,37.61383,3.9,2.0,shrub
553184.38,4161670.09,-122.397493,37.6005748,3.9,2.5,shrub
552656.38,4161597.09,-122.4034795,37.5999472,3.9,2.9,shrub
552217.38,4161395.09,-122.4084669,37.5981516,3.9,1.7,shrub
552174.38,4162393.09,-122.4088828,37.6071491,3.9,4.1,shrub
552377.38,4162801.09,-122.4065538,37.6108148,3.9,2.6,shrub
553102.38,4162248.09,-122.3983799,37.605789,3.9,1.5,shrub
552922.38,4162330.09,-122.4004132,37.6065385,3.9,2.1,shrub
551992.38,4162492.09,-122.4109377,37.6080517,3.9,2.0,shrub
552658.38,4161241.09,-122.4034824,37.5967385,3.9,2.4,shrub
553202.38,4162399.09,-122.3972361,37.6071442,3.9,4.8,shrub
551669.38,4162246.09,-122.4146144,37.6058527,3.9,2.2,shrub
551345.38,4162913.09,-122.4182381,37.6118825,3.9,2.6,shrub
552816.38,4163106.09,-122.401558,37.6135387,3.9,1.8,shrub
552377.38,4161557.09,-122.4066429,37.5996026,3.9,3.3,shrub
552761.38,4163050.09,-122.4021852,37.6130371,3.9,2.3,shrub
551745.38,4161144.09,-122.4138313,37.595916,3.9,2.4,shrub
552686.38,4162472.09,-122.4030766,37.6078319,3.9,4.5,shrub
553178.38,4161305.09,-122.3975875,37.5972854,3.9,2.5,shrub
552685.38,4161123.09,-122.4031851,37.5956734,3.9,1.8,shrub
551350.38,4162212.09,-122.4182307,37.6055641,3.9,3.3,shrub
552775.38,4161899.09,-122.4021097,37.6026623,3.9,2.6,shrub
552421.38,4162941.09,-122.4060452,37.6120741,3.9,2.1,shrub
551649.38,4161925.09,-122.4148636,37.6029606,3.9,4.9,shrub
552581.38,4162684.09,-122.4042509,37.6097487,3.9,2.4,shrub
551396.38,4162794.09,-122.4176687,37.6108071,3.8,1.8,shrub
551424.38,4163002.09,-122.4173368,37.6126802,3.8,2.7,shrub
552135.38,4163003.09,-122.4092812,37.6126492,3.8,2.5,shrub
551808.38,4162742.09,-122.4130045,37.6103153,3.8,2.3,shrub
552605.38,4161102.09,-122.4040928,37.5954887,3.8,0.6,shrub
552456.38,4162974.09,-122.4056463,37.6123696,3.8,2.6,shrub
551490.38,4162268.09,-122.4166407,37.606061,3.8,4.7,shrub
552831.38,4161933.09,-122.4014728,37.6029655,3.8,2.9,shrub
552864.38,4161144.09,-122.401156,37.5958524,3.8,2.0,shrub
552759.38,4162005.09,-122.4022833,37.6036186,3.8,2.3,shrub
552922.38,4162092.09,-122.4004304,37.6043934,3.8,2.2,shrub
552976.38,4162275.09,-122.3998054,37.6060397,3.8,2.0,shrub
551214.38,4161340.09,-122.4198325,37.5977123,3.8,2.3,shrub
551313.38,4161334.09,-122.4187114,37.5976527,3.8,3.6,shrub
552238.38,4162960.09,-122.4081172,37.6122558,3.8,2.4,shrub
551885.38,4162486.09,-122.4121503,37.6080036,3.8,2.3,shrub
551945.38,4162586.09,-122.4114635,37.6089015,3.8,1.6,shrub
552677.38,4162399.09,-122.4031838,37.6071744,3.8,3.2,shrub
552171.38,4162403.09,-122.4089161,37.6072394,3.8,3.3,shrub
552230.38,4161186.09,-122.4083345,37.5962671,3.8,1.7,shrub
552588.38,4162869.09,-122.4041583,37.6114157,3.8,1.9,shrub
551993.38,4162476.09,-122.4109275,37.6079074,3.8,2.0,shrub
553073.38,4162001.09,-122.3987264,37.6035645,3.8,1.7,shrub
552727.38,4161927.09,-122.4026514,37.6029174,3.8,3.4,shrub
551458.38,4162883.09,-122.41696,37.6116058,3.8,3.2,shrub
552643.38,4162260.09,-122.403579,37.6059236,3.8,2.5,shrub
552299.38,4163045.09,-122.40742,37.6130184,3.8,3.4,shrub
551928.38,4163079.09,-122.4116211,37.6133459,3.8,2.3,shrub
553104.38,4162694.09,-122.3983249,37.6098087,3.8,1.8,shrub
551402.38,4162922.09,-122.4175917,37.6119604,3.8,2.1,shrub
552460.38,4161255.09,-122.4057243,37.596876,3.8,2.4,shrub
553014.38,4162709.09,-122.3993435,37.6099491,3.8,4.1,shrub
552473.38,4161677.09,-122.4055468,37.6006787,3.8,1.6,shrub
552021.38,4162567.09,-122.4106038,37.608726,3.8,1.8,shrub
552132.38,4162460.09,-122.4093539,37.6077553,3.8,2.6,shrub
551285.38,4162191.09,-122.4189685,37.6053784,3.8,2.9,shrub
551412.38,4162309.09,-122.4175215,37.6064349,3.8,2.1,shrub
552998.38,4162481.09,-122.3995413,37.6078951,3.8,2.1,shrub
552423.38,4162404.09,-122.4060611,37.607234,3.8,2.6,shrub
552595.38,4161488.09,-122.4041783,37.5989683,3.8,1.9,shrub
552751.38,4161898.09,-122.4023816,37.6026547,3.8,5.4,shrub
551822.38,4161544.09,-122.4129308,37.5995169,3.8,2.2,shrub
552510.38,4161186.09,-122.4051629,37.5962512,3.8,2.0,shrub
552355.38,4161158.09,-122.4069206,37.5960077,3.8,2.0,shrub
551193.38,4162580.09,-122.4199836,37.6088896,3.8,2.8,shrub
552649.38,4162948.09,-122.4034615,37.6121242,3.8,2.6,shrub
551680.38,4163060.09,-122.4144322,37.6131886,3.8,2.2,shrub
551725.38,4161271.09,-122.4140489,37.5970618,3.8,2.2,shrub
551819.38,4161307.09,-122.4129816,37.597381,3.8,2.5,shrub
551364.38,4161215.09,-122.4181421,37.5965773,3.8,2.2,shrub
552393.38,4161234.09,-122.4064847,37.5966905,3.8,2.4,shrub
552367.38,4161168.09,-122.406784,37.5960971,3.8,2.0,shrub
553117.38,4161599.09,-122.3982571,37.5999387,3.8,4.1,shrub
551650.38,4161167.09,-122.4149058,37.5961287,3.8,3.8,shrub
552460.38,4162420.09,-122.4056407,37.6073761,3.8,2.2,shrub
552587.38,4161829.09,-122.4042444,37.6020422,3.8,1.3,shrub
552862.38,4161517.09,-122.4011517,37.5992144,3.8,1.3,shrub
552766.38,4162662.09,-122.4021566,37.6095398,3.8,2.3,shrub
552207.38,4161621.09,-122.408564,37.6001891,3.8,2.4,shrub
551409.38,4162052.09,-122.4175735,37.6041187,3.8,1.1,shrub
552950.38,4161766.09,-122.4001368,37.6014535,3.8,2.0,shrub
552334.38,4162594.09,-122.4070558,37.6089516,3.8,1.9,shrub
551711.38,4161755.09,-122.4141733,37.6014249,3.8,3.4,shrub
552648.38,4162632.09,-122.4034956,37.6092761,3.8,2.0,shrub
551731.38,4161239.09,-122.4139832,37.596773,3.8,2.3,shrub
551823.38,4162928.09,-122.4128214,37.6119909,3.8,2.0,shrub
551741.38,4162904.09,-122.4137522,37.6117792,3.8,3.3,shrub
552152.38,4162851.09,-122.4090994,37.6112783,3.8,2.9,shrub
551580.38,4161610.09,-122.4156675,37.6001254,3.8,1.8,shrub
552801.38,4161790.09,-122.401823,37.6016784,3.8,2.3,shrub
552543.38,4161221.09,-122.4047865,37.5965648,3.8,3.2,shrub
553140.38,4162233.09,-122.3979505,37.6056516,3.8,1.5,shrub
552038.38,4161162.09,-122.4105111,37.5960617,3.8,4.0,shrub
551993.38,4162484.09,-122.4109269,37.6079795,3.8,2.2,shrub
552227.38,4163061.09,-122.4082347,37.6131667,3.8,2.0,shrub
553030.38,4162067.09,-122.3992087,37.6041618,3.8,3.2,shrub
551991.38,4162973.09,-122.4109148,37.612387,3.8,3.0,shrub
552318.38,4163031.09,-122.4072058,37.6128912,3.8,2.0,shrub
551934.38,4162966.09,-122.4115611,37.6123271,3.8,2.0,shrub
551796.38,4162521.09,-122.4131561,37.6083241,3.8,2.0,shrub
552806.38,4161843.09,-122.4017625,37.6021558,3.8,3.3,shrub
552777.38,4162479.09,-122.4020452,37.6078898,3.8,2.9,shrub
552292.38,4162880.09,-122.4075112,37.6115317,3.8,1.5,shrub
552106.38,4161329.09,-122.409729,37.597563,3.8,2.2,shrub
551342.38,4161472.09,-122.4183733,37.5988949,3.8,3.7,shrub
552494.38,4162505.09,-122.4052495,37.6081403,3.8,4.0,shrub
552945.38,4161687.09,-122.4001992,37.6007418,3.8,3.7,shrub
551927.38,4163034.09,-122.4116356,37.6129404,3.8,3.9,shrub
551849.38,4162546.09,-122.4125539,37.6085464,3.8,2.1,shrub
552288.38,4161166.09,-122.407679,37.5960836,3.8,3.0,shrub
552780.38,4162979.09,-122.4019751,37.6123961,3.8,1.5,shrub
552673.38,4161763.09,-122.403275,37.6014424,3.8,3.8,shrub
552986.38,4161755.09,-122.3997298,37.6013523,3.8,4.4,shrub
552131.38,4161297.09,-122.409448,37.5972732,3.8,1.1,shrub
552936.38,4162264.09,-122.4002594,37.6059428,3.8,2.0,shrub
551885.38,4162586.09,-122.4121432,37.6089049,3.8,3.1,shrub
552518.38,4162935.09,-122.4049467,37.6120145,3.8,3.3,shrub
552656.38,4161874.09,-122.4034595,37.6024438,3.8,2.5,shrub
552887.38,4161991.09,-122.4008342,37.6034851,3.8,2.8,shrub
551253.38,4162048.09,-122.4193411,37.6040914,3.8,2.3,shrub
552207.38,4161203.09,-122.4085939,37.5964217,3.8,1.6,shrub
551594.38,4162116.09,-122.4154732,37.6046852,3.8,3.1,shrub
552382.38,4161762.09,-122.4065715,37.60145,3.8,2.6,shrub
552795.38,4161583.09,-122.4019059,37.5998131,3.8,1.8,shrub
551677.38,4161617.09,-122.4145682,37.600183,3.8,2.2,shrub
553155.38,4161188.09,-122.3978565,37.5962322,3.8,2.3,shrub
552466.38,4162833.09,-122.4055431,37.6110982,3.8,1.4,shrub
551306.38,4161368.09,-122.4187883,37.5979595,3.8,2.3,shrub
552896.38,4162169.09,-122.4007194,37.6050889,3.8,2.5,shrub
551930.38,4161259.09,-122.4117276,37.5969421,3.8,2.5,shrub
552107.38,4162595.09,-122.4096275,37.6089735,3.8,2.8,shrub
552457.38,4162456.09,-122.4056722,37.6077008,3.8,2.9,shrub
551976.38,4162672.09,-122.4111061,37.6096749,3.8,2.7,shrub
551352.38,4162923.09,-122.4181581,37.6119722,3.8,2.2,shrub
552598.38,4161847.09,-122.4041185,37.6022038,3.8,1.6,shrub
552012.38,4162755.09,-122.4106924,37.6104209,3.8,1.7,shrub
552079.38,4161473.09,-122.4100246,37.5988624,3.8,3.1,shrub
551663.38,4161934.09,-122.4147044,37.6030409,3.8,4.3,shrub
553142.38,4162389.09,-122.3979165,37.6070576,3.8,1.6,shrub
551709.38,4162802.09,-122.4141219,37.6108616,3.8,2.9,shrub
551388.38,4161546.09,-122.417847,37.5995593,3.8,2.5,shrub
551995.38,4163026.09,-122.4108657,37.6128644,3.8,2.2,shrub
552442.38,4162623.09,-122.4058301,37.6092068,3.8,2.9,shrub
552794.38,4162098.09,-122.4018801,37.6044548,3.8,2.7,shrub
552607.38,4161768.09,-122.4040223,37.6014912,3.8,2.4,shrub
552218.38,4162181.09,-122.4083995,37.6052358,3.8,3.7,shrub
551449.38,4161870.09,-122.4171332,37.6024761,3.8,4.3,shrub
553082.38,4162517.09,-122.398587,37.6082147,3.8,1.7,shrub
552932.38,4161718.09,-122.4003442,37.6010219,3.8,2.3,shrub
551380.38,4162800.09,-122.4178495,37.6108621,3.8,1.8,shrub
552374.38,4162339.09,-122.4066209,37.606651,3.8,2.4,shrub
552793.38,4162629.09,-122.4018531,37.6092408,3.8,2.3,shrub
552655.38,4161373.09,-122.4035069,37.5979283,3.8,1.7,shrub
552419.38,4163110.09,-122.4060558,37.6135974,3.8,3.3,shrub
553172.38,4161218.09,-122.3976618,37.5965016,3.8,3.3,shrub
551736.38,4162106.09,-122.4138652,37.6045871,3.8,2.4,shrub
551284.38,4161654.09,-122.4190175,37.6005385,3.8,2.5,shrub
552885.38,4162109.09,-122.4008484,37.6045487,3.8,2.1,shrub
552562.38,4161947.09,-122.4045192,37.6031071,3.8,2.5,shrub
551573.38,4162483.09,-122.4156852,37.6079941,3.8,1.7,shrub
552421.38,4162481.09,-122.4060782,37.6079281,3.8,1.6,shrub
553177.38,4162479.09,-122.3975135,37.6078667,3.8,2.5,shrub
551411.38,4162150.09,-122.417544,37.6050019,3.8,3.4,shrub
551391.38,4161203.09,-122.4178371,37.5964676,3.8,3.1,shrub
552231.38,4162866.09,-122.4082033,37.611409,3.8,2.2,shrub
551301.38,4162357.09,-122.4187756,37.6068737,3.8,3.4,shrub
552925.38,4162259.09,-122.4003844,37.6058984,3.8,2.5,shrub
552459.38,4163010.09,-122.4056098,37.6126939,3.8,1.8,shrub
551330.38,4162074.09,-122.418467,37.6043214,3.8,2.6,shrub
552712.38,4162923.09,-122.4027496,37.6118953,3.8,1.7,shrub
551207.38,4161524.09,-122.4198989,37.5993711,3.8,2.1,shrub
552969.38,4161984.09,-122.3999058,37.6034173,3.8,2.8,shrub
552905.38,4161452.09,-122.4006693,37.598626,3.8,3.4,shrub
553167.38,4161208.09,-122.3977191,37.5964117,3.8,2.5,shrub
553049.38,4162339.09,-122.3989738,37.6066123,3.8,1.8,shrub
552824.38,4162651.09,-122.4015003,37.6094373,3.8,3.5,shrub
551277.38,4161447.09,-122.4191113,37.5986732,3.8,3.0,shrub
552908.38,4162061.09,-122.4005913,37.6041148,3.8,3.6,shrub
552420.38,4162380.09,-122.4060968,37.6070179,3.8,2.8,shrub
551691.38,4161441.09,-122.414422,37.5985959,3.8,1.7,shrub
552725.38,4162550.09,-122.4026292,37.6085327,3.8,3.7,shrub
551527.38,4162727.09,-122.4161892,37.6101959,3.8,4.2,shrub
551830.38,4162578.09,-122.4127669,37.6088359,3.8,2.2,shrub
551698.38,4162702.09,-122.4142536,37.609961,3.8,2.6,shrub
551231.38,4162655.09,-122.4195478,37.6095635,3.8,2.9,shrub
552531.38,4161177.09,-122.4049256,37.5961689,3.8,2.5,shrub
552883.38,4163037.09,-122.4008039,37.6129129,3.8,2.2,shrub
552058.38,4162941.09,-122.410158,37.6120948,3.8,2.3,shrub
552953.38,4161102.09,-122.4001509,37.5954687,3.8,2.3,shrub
551190.38,4162048.09,-122.4200548,37.6040949,3.8,4.2,shrub
551722.38,4161110.09,-122.4140943,37.5956109,3.8,1.8,shrub
552842.38,4161175.09,-122.4014029,37.596133,3.8,3.7,shrub
553152.38,4161392.09,-122.3978757,37.598071,3.8,2.7,shrub
552530.38,4161858.09,-122.4048881,37.6023068,3.8,3.0,shrub
551340.38,4162449.09,-122.4183273,37.6077007,3.8,2.5,shrub
552489.38,4161506.09,-122.4053778,37.5991366,3.8,1.9,shrub
551370.38,4161209.09,-122.4180745,37.5965229,3.8,2.9,shrub
551478.38,4162555.09,-122.4167565,37.6086484,3.8,2.0,shrub
552216.38,4161172.09,-122.4084941,37.5961418,3.8,1.3,shrub
552747.38,4162451.09,-122.4023871,37.6076391,3.8,2.0,shrub
552225.38,4161250.09,-122.4083866,37.5968443,3.8,2.9,shrub
551892.38,4163121.09,-122.412026,37.6137265,3.8,2.0,shrub
551351.38,4161886.09,-122.4182422,37.6026258,3.8,3.0,shrub
551441.38,4162093.09,-122.4172081,37.6044864,3.8,2.5,shrub
553046.38,4162361.09,-122.3990062,37.6068107,3.8,1.7,shrub
552623.38,4162080.09,-122.4038186,37.6043024,3.8,2.6,shrub
553106.38,4161687.09,-122.3983754,37.6007325,3.8,2.2,shrub
553192.38,4162282.09,-122.3973579,37.6060903,3.8,2.1,shrub
552649.38,4161845.09,-122.4035409,37.6021828,3.8,2.2,shrub
551229.38,4161428.09,-122.4196564,37.5985046,3.8,3.0,shrub
552997.38,4161649.09,-122.3996129,37.6003963,3.8,2.1,shrub
551979.38,4161375.09,-122.4111643,37.5979848,3.8,2.8,shrub
552224.38,4162737.09,-122.4082918,37.6102467,3.8,2.1,shrub
552659.38,4161631.09,-122.403443,37.6002535,3.8,3.2,shrub
552898.38,4161407.09,-122.4007518,37.5982208,3.8,3.3,shrub
553124.38,4161442.09,-122.3981892,37.5985233,3.8,2.3,shrub
551835.38,4161535.09,-122.4127842,37.599435,3.8,2.5,shrub
551686.38,4162475.09,-122.4144056,37.6079157,3.8,3.0,shrub
552346.38,4161281.09,-122.4070138,37.5971168,3.8,3.0,shrub
552603.38,4162508.09,-122.4040144,37.6081611,3.8,3.0,shrub
551671.38,4162572.09,-122.4145687,37.6087908,3.8,1.7,shrub
552566.38,4161757.09,-122.4044875,37.6013944,3.8,1.6,shrub
552009.38,4161325.09,-122.410828,37.5975325,3.8,2.6,shrub
551433.38,4162099.09,-122.4172983,37.604541,3.7,2.7,shrub
552189.38,4162644.09,-122.408695,37.6094105,3.7,2.2,shrub
552810.38,4162460.09,-122.4016727,37.6077166,3.7,2.5,shrub
552846.38,4161253.09,-122.401352,37.5968358,3.7,1.7,shrub
552678.38,4162265.09,-122.4031822,37.6059666,3.7,1.9,shrub
552414.38,4161119.09,-122.4062551,37.5956528,3.7,2.0,shrub
552004.38,4162425.09,-122.4108065,37.6074471,3.7,2.0,shrub
551946.38,4162621.09,-122.4114496,37.6092169,3.7,2.3,shrub
551533.38,4161555.09,-122.4162038,37.5996323,3.7,5.9,shrub
551427.38,4161597.09,-122.4174016,37.6000168,3.7,3.0,shrub
552681.38,4161916.09,-122.4031733,37.6028209,3.7,2.5,shrub
552882.38,4162114.09,-122.400882,37.604594,3.7,2.8,shrub
552329.38,4161616.09,-122.4071824,37.6001371,3.7,2.9,shrub
552089.38,4162535.09,-122.4098357,37.6084337,3.7,3.2,shrub
551653.38,4161641.09,-122.4148384,37.6004007,3.7,5.2,shrub
551306.38,4161309.09,-122.4187925,37.5974278,3.7,2.6,shrub
552155.38,4163077.09,-122.4090493,37.613315,3.7,3.7,shrub
553227.38,4161331.09,-122.3970306,37.5975169,3.7,1.8,shrub
553024.38,4162250.09,-122.3992635,37.6058116,3.7,1.6,shrub
552290.38,4162439.09,-122.4075653,37.6075571,3.7,3.0,shrub
551975.38,4162683.09,-122.4111167,37.6097741,3.7,2.7,shrub
552579.38,4163086.09,-122.4042447,37.613372,3.7,1.5,shrub
552287.38,4162902.09,-122.4075662,37.6117303,3.7,2.3,shrub
552691.38,4161192.09,-122.4031122,37.5962949,3.7,3.0,shrub
552488.38,4162440.09,-122.4053221,37.6075548,3.7,2.1,shrub
552585.38,4162576.09,-122.4042134,37.608775,3.7,3.2,shrub
552991.38,4161645.09,-122.3996811,37.6003606,3.7,2.0,shrub
552069.38,4162827.09,-122.4100415,37.6110667,3.7,2.6,shrub
551433.38,4161458.09,-122.4173434,37.5987636,3.7,3.2,shrub
552689.38,4162697.09,-122.4030264,37.6098596,3.7,2.3,shrub
552672.38,4161655.09,-122.4032941,37.600469,3.7,2.4,shrub
552869.38,4162980.09,-122.4009667,37.6124,3.7,2.1,shrub
552333.38,4161627.09,-122.4071363,37.600236,3.7,2.8,shrub
551989.38,4162724.09,-122.4109552,37.6101428,3.7,1.9,shrub
552533.38,4162936.09,-122.4047767,37.6120227,3.7,4.3,shrub
552604.38,4162730.09,-122.4039871,37.6101619,3.7,2.4,shrub
552812.38,4163059.09,-122.4016068,37.6131153,3.7,2.2,shrub
552081.38,4162596.09,-122.409922,37.608984,3.7,1.7,shrub
553068.38,4162086.09,-122.3987769,37.6043309,3.7,3.0,shrub
552767.38,4163048.09,-122.4021174,37.6130187,3.7,3.2,shrub
552424.38,4163108.09,-122.4059993,37.6135791,3.7,2.6,shrub
553202.38,4161854.09,-122.3972757,37.6022321,3.7,2.3,shrub
551432.38,4162069.09,-122.4173118,37.6042706,3.7,2.4,shrub
552693.38,4162384.09,-122.4030037,37.6070383,3.7,3.0,shrub
551765.38,4162706.09,-122.4134943,37.6099932,3.7,2.0,shrub
551510.38,4161217.09,-122.4164881,37.5965872,3.7,2.9,shrub
552843.38,4161992.09,-122.4013326,37.6034966,3.7,2.6,shrub
552324.38,4162387.09,-122.4071839,37.6070864,3.7,2.0,shrub
552721.38,4162348.09,-122.402689,37.6067123,3.7,2.1,shrub
552346.38,4162644.09,-122.4069162,37.6094015,3.7,3.9,shrub
552727.38,4161902.09,-122.4026532,37.6026921,3.7,2.9,shrub
551540.38,4162624.09,-122.4160492,37.6092668,3.7,3.6,shrub
553154.38,4162522.09,-122.3977709,37.6082556,3.7,2.5,shrub
552195.38,4162870.09,-122.4086109,37.6114471,3.7,2.6,shrub
552736.38,4162560.09,-122.4025038,37.6086222,3.7,2.4,shrub
552945.38,4161700.09,-122.4001982,37.600859,3.7,2.4,shrub
551444.38,4161645.09,-122.4172056,37.6004484,3.7,3.5,shrub
551282.38,4162385.09,-122.4189889,37.6071271,3.7,1.6,shrub
552190.38,4161220.09,-122.4087852,37.5965759,3.7,1.9,shrub
553073.38,4161996.09,-122.3987268,37.6035194,3.7,4.3,shrub
552854.38,4162762.09,-122.4011524,37.610436,3.7,1.8,shrub
551685.38,4162599.09,-122.4144082,37.6090334,3.7,1.6,shrub
551518.38,4162083.09,-122.4163365,37.604392,3.7,1.9,shrub
552679.38,4162616.09,-122.4031456,37.6091302,3.7,3.5,shrub
552481.38,4162206.09,-122.4054182,37.6054461,3.7,2.2,shrub
552632.38,4161340.09,-122.4037698,37.5976322,3.7,1.7,shrub
552246.38,4162453.09,-122.4080628,37.6076857,3.7,2.6,shrub
551534.38,4162990.09,-122.4160914,37.6125659,3.7,4.6,shrub
551369.38,4161431.09,-122.4180703,37.5985238,3.7,2.0,shrub
552667.38,4162743.09,-122.4032724,37.6102755,3.7,1.5,shrub
552148.38,4162669.09,-122.4091577,37.6096381,3.7,3.9,shrub
552101.38,4162720.09,-122.4096865,37.6101004,3.7,2.3,shrub
552075.38,4162398.09,-122.410004,37.6071997,3.7,2.1,shrub
552329.38,4161559.09,-122.4071864,37.5996234,3.7,2.2,shrub
552963.38,4162806.09,-122.3999143,37.6108263,3.7,1.1,shrub
552733.38,4162975.09,-122.4025079,37.6123627,3.7,2.0,shrub
552400.38,4161222.09,-122.4064063,37.5965819,3.7,2.9,shrub
552847.38,4162040.09,-122.4012838,37.603929,3.7,1.5,shrub
551851.38,4162185.09,-122.4125568,37.6052926,3.7,4.4,shrub
552701.38,4162668.09,-122.4028926,37.6095976,3.7,1.5,shrub
552106.38,4163107.09,-122.4096023,37.6135882,3.7,2.5,shrub
552249.38,4163087.09,-122.4079835,37.6133998,3.7,2.5,shrub
552738.38,4161726.09,-122.4025413,37.6011052,3.7,2.9,shrub
552195.38,4161612.09,-122.4087006,37.6001087,3.7,2.8,shrub
553025.38,4161161.09,-122.399331,37.5959963,3.7,2.0,shrub
552988.38,4162195.09,-122.3996753,37.6053179,3.7,2.4,shrub
551292.38,4162136.09,-122.4188931,37.6048823,3.7,2.8,shrub
551619.38,4162634.09,-122.4151534,37.6093525,3.7,4.0,shrub
551226.38,4162212.09,-122.4196355,37.605571,3.7,2.9,shrub
552771.38,4162238.09,-122.4021305,37.605718,3.7,1.3,shrub
551651.38,4162292.09,-122.4148151,37.6062683,3.7,3.9,shrub
553109.38,4162242.09,-122.3983011,37.6057346,3.7,1.7,shrub
552721.38,4161850.09,-122.4027249,37.6022238,3.7,2.5,shrub
552842.38,4162476.09,-122.401309,37.607859,3.7,2.2,shrub
551266.38,4161339.09,-122.4192435,37.5977004,3.7,1.9,shrub
551363.38,4162876.09,-122.4180368,37.611548,3.7,3.7,shrub
553121.38,4162249.09,-122.3981646,37.605797,3.7,2.1,shrub
552559.38,4162296.09,-122.4045281,37.6062529,3.7,3.2,shrub
552632.38,4161273.09,-122.4037747,37.5970284,3.7,1.8,shrub
552722.38,4163109.09,-122.4026229,37.6135711,3.7,2.6,shrub
552838.38,4163100.09,-122.4013092,37.6134833,3.7,3.6,shrub
551625.38,4161960.09,-122.415133,37.6032774,3.7,2.0,shrub
551396.38,4161543.09,-122.4177566,37.5995318,3.7,3.7,shrub
552909.38,4161127.09,-122.4006475,37.5956966,3.7,1.1,shrub
551880.38,4162600.09,-122.4121989,37.6090314,3.7,1.8,shrub
552978.38,4161637.09,-122.399829,37.6002892,3.7,2.0,shrub
552772.38,4161893.09,-122.4021441,37.6026084,3.7,3.0,shrub
552218.38,4161426.09,-122.4084533,37.598431,3.7,1.6,shrub
553209.38,4162339.09,-122.3971611,37.606603,3.7,4.8,shrub
552447.38,4161105.09,-122.4058823,37.5955247,3.7,4.9,shrub
551359.38,4162274.09,-122.4181244,37.6061224,3.7,3.9,shrub
552458.38,4163136.09,-122.405612,37.6138296,3.7,4.8,shrub
551499.38,4161932.09,-122.4165624,37.6030321,3.7,2.9,shrub
551433.38,4161410.09,-122.4173468,37.598331,3.7,2.6,shrub
551824.38,4161480.09,-122.4129127,37.5989399,3.7,2.2,shrub
553227.38,4162301.09,-122.39696,37.6062595,3.7,2.1,shrub
553008.38,4162841.09,-122.3994019,37.6111392,3.7,2.9,shrub
552761.38,4162044.09,-122.4022578,37.60397,3.7,2.1,shrub
552340.38,4163016.09,-122.4069576,37.6127547,3.7,2.4,shrub
551952.38,4161155.09,-122.4114858,37.5960035,3.7,2.2,shrub
551359.38,4161270.09,-122.4181949,37.5970733,3.7,2.2,shrub
551575.38,4162023.09,-122.415695,37.603848,3.7,2.5,shrub
551956.38,4162500.09,-122.4113449,37.6081258,3.7,3.1,shrub
552598.38,4162455.09,-122.4040748,37.6076837,3.7,2.5,shrub
552777.38,4161849.09,-122.4020906,37.6022116,3.7,3.8,shrub
551707.38,4162550.09,-122.4141624,37.6085905,3.7,1.5,shrub
552983.38,4161640.09,-122.3997721,37.600316,3.7,2.1,shrub
552668.38,4161816.09,-122.4033278,37.6019204,3.7,4.6,shrub
553017.38,4162215.09,-122.3993453,37.6054965,3.7,2.6,shrub
552203.38,4161256.09,-122.4086354,37.5968996,3.7,1.5,shrub
551348.38,4162874.09,-122.4182069,37.6115308,3.7,2.3,shrub
551431.38,4162994.09,-122.4172581,37.6126077,3.7,2.1,shrub
551436.38,4161628.09,-122.4172975,37.6002957,3.7,2.7,shrub
551366.38,4161580.09,-122.4180938,37.5998669,3.7,2.0,shrub
551832.38,4161546.09,-122.4128174,37.5995344,3.7,2.3,shrub
553023.38,4161371.09,-122.3993385,37.5978892,3.7,4.4,shrub
552932.38,4162785.09,-122.400267,37.6106388,3.7,2.9,shrub
552749.38,4162780.09,-122.4023407,37.6106043,3.7,2.6,shrub
553070.38,4162134.09,-122.3987507,37.6047634,3.7,1.9,shrub
552337.38,4161543.09,-122.407097,37.5994787,3.7,3.6,shrub
551597.38,4161610.09,-122.4154749,37.6001244,3.7,4.9,shrub
552672.38,4161176.09,-122.4033285,37.5961518,3.7,2.3,shrub
552625.38,4162561.09,-122.4037613,37.6086375,3.7,2.3,shrub
552619.38,4161385.09,-122.4039139,37.5980386,3.7,1.7,shrub
552941.38,4162935.09,-122.4001542,37.6119903,3.7,3.3,shrub
553061.38,4162100.09,-122.3988552,37.6044575,3.7,3.5,shrub
551675.38,4161924.09,-122.4145692,37.6029501,3.7,3.1,shrub
552492.38,4162449.09,-122.4052761,37.6076357,3.7,1.8,shrub
551718.38,4161275.09,-122.4141279,37.5970982,3.7,2.1,shrub
552214.38,4161855.09,-122.408468,37.6022978,3.7,1.5,shrub
552783.38,4161616.09,-122.4020395,37.6001112,3.7,1.7,shrub
553018.38,4161309.09,-122.3993996,37.5973307,3.7,3.1,shrub
551557.38,4162103.09,-122.4158933,37.6045701,3.7,2.1,shrub
552589.38,4162852.09,-122.4041482,37.6112624,3.7,2.9,shrub
551642.38,4162912.09,-122.4148732,37.6118568,3.7,2.8,shrub
552915.38,4161710.09,-122.4005374,37.6009508,3.7,1.7,shrub
552821.38,4161913.09,-122.4015875,37.6027859,3.7,2.5,shrub
551863.38,4162739.09,-122.4123816,37.6102852,3.7,4.2,shrub
553033.38,4161288.09,-122.3992312,37.5971405,3.7,1.9,shrub
552460.38,4161141.09,-122.4057325,37.5958485,3.7,3.9,shrub
551873.38,4162891.09,-122.4122575,37.6116546,3.7,2.2,shrub
551405.38,4162712.09,-122.4175725,37.6100675,3.7,2.3,shrub
552480.38,4163032.09,-122.4053703,37.612891,3.7,2.0,shrub
552071.38,4162403.09,-122.410049,37.607245,3.7,3.1,shrub
553197.38,4161133.09,-122.3973848,37.595734,3.7,3.6,shrub
551745.38,4161250.09,-122.4138238,37.5968714,3.7,2.9,shrub
551955.38,4162258.09,-122.4113735,37.6059447,3.7,2.0,shrub
552657.38,4161881.09,-122.4034477,37.6025069,3.7,4.4,shrub
551719.38,4162706.09,-122.4140154,37.6099958,3.7,3.6,shrub
553084.38,4163089.09,-122.3985228,37.61337,3.7,1.1,shrub
551709.38,4161706.09,-122.4141994,37.6009834,3.7,3.8,shrub
551484.38,4162594.09,-122.4166857,37.6089996,3.7,5.4,shrub
552656.38,4162214.09,-122.4034351,37.6055082,3.7,2.7,shrub
553104.38,4162910.09,-122.3983092,37.6117555,3.7,2.9,shrub
552048.38,4162328.09,-122.4103149,37.6065703,3.7,4.5,shrub
551724.38,4162194.09,-122.413995,37.6053809,3.7,1.9,shrub
552809.38,4162603.09,-122.4016737,37.6090055,3.7,4.4,shrub
552568.38,4162531.09,-122.4044092,37.6083704,3.7,2.5,shrub
553185.38,4161291.09,-122.3975092,37.5971588,3.7,2.0,shrub
553005.38,4162488.09,-122.3994615,37.6079578,3.7,2.3,shrub
551897.38,4163126.09,-122.4119689,37.6137713,3.7,3.4,shrub
552918.38,4162237.09,-122.4004653,37.6057005,3.7,3.0,shrub
551739.38,4162852.09,-122.4137785,37.6113106,3.7,2.6,shrub
552442.38,4163022.09,-122.4058015,37.612803,3.7,2.2,shrub
552225.38,4161257.09,-122.4083861,37.5969074,3.7,4.3,shrub
551302.38,4162630.09,-122.4187452,37.6093342,3.7,2.0,shrub
551316.38,4162592.09,-122.4185892,37.6089909,3.7,2.6,shrub
551419.38,4161939.09,-122.4174682,37.6030997,3.7,1.7,shrub
551435.38,4162074.09,-122.4172774,37.6043155,3.7,1.9,shrub
552242.38,4161237.09,-122.408195,37.5967261,3.7,2.9,shrub
551353.38,4161206.09,-122.4182673,37.5964968,3.7,2.1,shrub
552946.38,4162970.09,-122.400095,37.6123054,3.7,3.3,shrub
552367.38,4161663.09,-122.4067485,37.6005586,3.7,2.8,shrub
552243.38,4162209.09,-122.4081142,37.6054867,3.7,1.5,shrub
553129.38,4162322.09,-122.3980687,37.6064544,3.7,2.0,shrub
552521.38,4162379.09,-122.4049526,37.6070031,3.7,2.5,shrub
552353.38,4162442.09,-122.4068514,37.6075805,3.7,1.8,shrub
552739.38,4162658.09,-122.4024628,37.6095053,3.7,1.6,shrub
552274.38,4162920.09,-122.4077122,37.6118932,3.7,4.7,shrub
552563.38,4161819.09,-122.404517,37.6019534,3.7,5.2,shrub
552723.38,4162715.09,-122.4026399,37.6100199,3.7,2.9,shrub
551233.38,4162877.09,-122.4195096,37.6115643,3.7,2.3,shrub
551512.38,4162153.09,-122.4163996,37.6050233,3.7,2.3,shrub
551883.38,4163016.09,-122.4121354,37.6127806,3.7,2.1,shrub
551629.38,4162905.09,-122.415021,37.6117945,3.7,2.3,shrub
551700.38,4161239.09,-122.4143343,37.5967748,3.7,2.5,shrub
551606.38,4161582.09,-122.4153749,37.5998715,3.7,3.3,shrub
552179.38,4161333.09,-122.4089018,37.597595,3.7,1.8,shrub
551197.38,4161343.09,-122.4200248,37.5977403,3.7,2.9,shrub
553209.38,4161977.09,-122.3971875,37.6033403,3.7,1.5,shrub
552683.38,4162156.09,-122.4031334,37.6049839,3.7,1.8,shrub
553162.38,4162500.09,-122.3976819,37.6080568,3.7,2.1,shrub
552644.38,4162268.09,-122.4035671,37.6059956,3.7,1.5,shrub
552690.38,4161442.09,-122.4031055,37.5985482,3.7,1.9,shrub
553229.38,4161696.09,-122.3969813,37.6008065,3.7,4.3,shrub
551330.38,4161954.09,-122.4184754,37.6032398,3.7,2.5,shrub
552693.38,4162148.09,-122.4030207,37.6049113,3.7,2.9,shrub
552736.38,4161381.09,-122.4025888,37.5979958,3.7,1.1,shrub
552752.38,4161839.09,-122.4023745,37.6021229,3.7,2.3,shrub
551509.38,4162920.09,-122.4163795,37.6119364,3.7,2.8,shrub
553106.38,4161831.09,-122.3983649,37.6020304,3.7,2.8,shrub
552932.38,4161994.09,-122.4003242,37.6035095,3.7,2.4,shrub
552818.38,4162585.09,-122.401573,37.6088428,3.7,2.0,shrub
551543.38,4161422.09,-122.4160999,37.598433,3.7,4.3,shrub
551861.38,4161490.09,-122.4124928,37.599028,3.7,2.3,shrub
551580.38,4162966.09,-122.4155719,37.612347,3.7,2.1,shrub
553002.38,4162136.09,-122.3995209,37.6047853,3.7,2.9,shrub
552086.38,4162744.09,-122.4098548,37.6103176,3.7,3.9,shrub
552059.38,4162523.09,-122.4101764,37.6083273,3.7,2.6,shrub
552400.38,4161344.09,-122.4063976,37.5976815,3.7,2.3,shrub
551779.38,4162494.09,-122.4133506,37.6080817,3.7,2.3,shrub
552647.38,4161807.09,-122.4035663,37.6018405,3.7,2.1,shrub
552561.38,4162813.09,-122.4044683,37.6109125,3.7,1.3,shrub
551809.38,4162843.09,-122.412986,37.6112256,3.7,2.9,shrub
552802.38,4162640.09,-122.4017503,37.6093394,3.7,2.4,shrub
551772.38,4161110.09,-122.4135279,37.595608,3.7,3.3,shrub
552176.38,4163025.09,-122.4088151,37.6128452,3.6,3.5,shrub
552697.38,4161822.09,-122.4029988,37.6019728,3.6,1.0,shrub
551190.38,4162536.09,-122.4200206,37.6084932,3.6,3.6,shrub
552339.38,4161127.09,-122.4071041,37.5957292,3.6,2.5,shrub
551718.38,4162537.09,-122.4140387,37.6084727,3.6,2.8,shrub
551759.38,4162641.09,-122.4135668,37.6094077,3.6,2.0,shrub
552752.38,4161365.09,-122.4024087,37.5978507,3.6,2.0,shrub
551190.38,4162184.09,-122.4200453,37.6053206,3.6,4.4,shrub
552484.38,4161836.09,-122.4054107,37.6021112,3.6,3.0,shrub
552390.38,4162425.09,-122.4064334,37.6074252,3.6,1.7,shrub
551917.38,4162816.09,-122.4117644,37.6109761,3.6,3.4,shrub
551278.38,4161503.09,-122.4190961,37.5991779,3.6,2.5,shrub
552620.38,4161339.09,-122.4039058,37.5976239,3.6,4.4,shrub
552773.38,4161630.09,-122.4021517,37.6002379,3.6,2.0,shrub
553037.38,4162145.09,-122.3991238,37.6048644,3.6,3.6,shrub
551433.38,4162685.09,-122.4172571,37.6098226,3.6,2.2,shrub
552645.38,4161619.09,-122.4036025,37.6001461,3.6,3.2,shrub
552208.38,4161529.09,-122.4085593,37.5993599,3.6,2.1,shrub
552298.38,4162947.09,-122.4074384,37.6121352,3.6,2.1,shrub
551299.38,4161683.09,-122.4188456,37.600799,3.6,2.5,shrub
551687.38,4161104.09,-122.4144911,37.5955587,3.6,3.6,shrub
552475.38,4161683.09,-122.4055237,37.6007327,3.6,3.2,shrub
552541.38,4162354.09,-122.4047278,37.6067766,3.6,2.0,shrub
551392.38,4162120.09,-122.4177613,37.6047325,3.6,2.5,shrub
551599.38,4161560.09,-122.4154558,37.5996736,3.6,2.9,shrub
552980.38,4162109.09,-122.3997721,37.6045433,3.6,2.9,shrub
551310.38,4161457.09,-122.4187368,37.5987615,3.6,1.9,shrub
552456.38,4162402.09,-122.4056874,37.6072141,3.6,3.0,shrub
551639.38,4162931.09,-122.4149059,37.6120283,3.6,3.1,shrub
552982.38,4162181.09,-122.3997443,37.6051921,3.6,3.2,shrub
552038.38,4163081.09,-122.4103746,37.6133577,3.6,1.9,shrub
552867.38,4161577.09,-122.4010907,37.5997548,3.6,1.3,shrub
552705.38,4161668.09,-122.4029193,37.6005843,3.6,2.3,shrub
552797.38,4162617.09,-122.4018086,37.6091324,3.6,1.5,shrub
552367.38,4162743.09,-122.4066712,37.6102926,3.6,1.3,shrub
552793.38,4161598.09,-122.4019275,37.5999484,3.6,4.5,shrub
551628.38,4161139.09,-122.415157,37.5958775,3.6,3.4,shrub
552683.38,4163083.09,-122.4030666,37.613339,3.6,5.6,shrub
551763.38,4161113.09,-122.4136296,37.5956356,3.6,2.2,shrub
552313.38,4161131.09,-122.4073983,37.5957667,3.6,3.1,shrub
552704.38,4161490.09,-122.4029434,37.5989801,3.6,2.8,shrub
551978.38,4161366.09,-122.4111763,37.5979038,3.6,2.6,shrub
552876.38,4162784.09,-122.4009015,37.610633,3.6,4.2,shrub
552501.38,4161522.09,-122.4052407,37.5992801,3.6,2.0,shrub
551319.38,4161423.09,-122.4186372,37.5984545,3.6,3.3,shrub
551390.38,4162868.09,-122.4177314,37.6114744,3.6,2.4,shrub
551365.38,4162951.09,-122.4180089,37.6122239,3.6,1.6,shrub
551379.38,4161139.09,-122.4179775,37.5958915,3.6,2.5,shrub
553174.38,4162091.09,-122.3975757,37.6043698,3.6,1.6,shrub
551682.38,4161739.09,-122.4145029,37.6012823,3.6,2.9,shrub
552779.38,4162269.09,-122.4020377,37.6059969,3.6,3.1,shrub
552889.38,4161112.09,-122.4008751,37.5955625,3.6,2.5,shrub
552566.38,4161614.09,-122.4044978,37.6001056,3.6,2.5,shrub
551309.38,4161565.09,-122.4187406,37.5997349,3.6,2.4,shrub
551627.38,4161911.09,-122.4151138,37.6028356,3.6,1.3,shrub
551244.38,4161986.09,-122.4194474,37.603533,3.6,4.6,shrub
551379.38,4162868.09,-122.4178561,37.611475,3.6,2.9,shrub
552640.38,4161739.09,-122.4036505,37.601228,3.6,3.9,shrub
553111.38,4162815.09,-122.3982368,37.6108989,3.6,4.7,shrub
553021.38,4162572.09,-122.3992741,37.6087139,3.6,1.4,shrub
552745.38,4161407.09,-122.402485,37.5982296,3.6,1.8,shrub
552566.38,4161961.09,-122.4044728,37.6032331,3.6,1.6,shrub
552868.38,4162001.09,-122.4010488,37.6035763,3.6,1.9,shrub
552792.38,4162819.09,-122.4018507,37.6109533,3.6,1.3,shrub
552817.38,4162982.09,-122.4015557,37.612421,3.6,3.3,shrub
551676.38,4161917.09,-122.4145583,37.602887,3.6,4.8,shrub
552241.38,4163091.09,-122.4080739,37.6134363,3.6,2.5,shrub
552833.38,4163118.09,-122.4013646,37.6136458,3.6,2.6,shrub
551334.38,4162308.09,-122.4184052,37.6064302,3.6,2.9,shrub
552211.38,4161615.09,-122.4085192,37.6001348,3.6,2.3,shrub
551936.38,4162654.09,-122.4115606,37.6095149,3.6,2.0,shrub
553056.38,4162105.09,-122.3989114,37.6045028,3.6,2.3,shrub
553206.38,4162266.09,-122.3972004,37.6059453,3.6,3.5,shrub
552111.38,4161233.09,-122.4096792,37.5966975,3.6,2.0,shrub
552422.38,4161716.09,-122.4061217,37.6010331,3.6,4.5,shrub
551200.38,4162632.09,-122.4199006,37.6093579,3.6,2.0,shrub
552659.38,4161416.09,-122.4034585,37.5983157,3.6,1.6,shrub
552372.38,4162408.09,-122.4066386,37.607273,3.6,3.4,shrub
552207.38,4162762.09,-122.4084826,37.610473,3.6,3.4,shrub
551796.38,4162539.09,-122.4131549,37.6084863,3.6,4.4,shrub
552493.38,4161183.09,-122.4053556,37.5962251,3.6,3.2,shrub
553109.38,4161809.09,-122.3983325,37.6018319,3.6,2.5,shrub
551430.38,4161501.09,-122.4173744,37.5991513,3.6,3.2,shrub
552705.38,4162571.09,-122.4028542,37.6087231,3.6,3.0,shrub
552675.38,4161786.09,-122.4032506,37.6016496,3.6,2.2,shrub
552210.38,4162720.09,-122.4084516,37.6100943,3.6,3.1,shrub
552909.38,4161980.09,-122.4005858,37.6033847,3.6,2.6,shrub
551800.38,4162856.09,-122.4130871,37.6113432,3.6,3.1,shrub
552149.38,4162996.09,-122.409123,37.6125853,3.6,2.9,shrub
552975.38,4161102.09,-122.3999017,37.5954674,3.6,4.5,shrub
552918.38,4162851.09,-122.4004208,37.6112345,3.6,2.1,shrub
552834.38,4163133.09,-122.4013522,37.613781,3.6,2.0,shrub
551614.38,4161104.09,-122.415318,37.5955628,3.6,5.0,shrub
552120.38,4161290.09,-122.4095732,37.5972107,3.6,3.4,shrub
551960.38,4162607.09,-122.411292,37.60909,3.6,1.9,shrub
551957.38,4162508.09,-122.411333,37.6081978,3.6,3.0,shrub
553010.38,4162695.09,-122.3993898,37.6098232,3.6,2.5,shrub
552793.38,4162726.09,-122.4018461,37.610115,3.6,3.5,shrub
551541.38,4161252.09,-122.4161345,37.5969009,3.6,2.5,shrub
552758.38,4161624.09,-122.4023221,37.6001847,3.6,1.8,shrub
552873.38,4162179.09,-122.4009792,37.6051803,3.6,1.6,shrub
552638.38,4162211.09,-122.4036392,37.6054822,3.6,1.3,shrub
552796.38,4161481.09,-122.4019019,37.5988937,3.6,1.4,shrub
552200.38,4162884.09,-122.4085532,37.611573,3.6,2.4,shrub
552202.38,4162776.09,-122.4085383,37.6105994,3.6,2.6,shrub
552434.38,4163000.09,-122.4058937,37.6126052,3.6,3.1,shrub
551630.38,4162727.09,-122.4150223,37.6101901,3.6,2.4,shrub
551910.38,4162855.09,-122.4118409,37.611328,3.6,4.5,shrub
552053.38,4162639.09,-122.4102361,37.6093731,3.6,1.8,shrub
552511.38,4162151.09,-122.4050823,37.6049487,3.6,5.1,shrub
552425.38,4162651.09,-122.4060207,37.6094601,3.6,1.1,shrub
551751.38,4162968.09,-122.4136343,37.6123554,3.6,3.2,shrub
553006.38,4162069.09,-122.3994805,37.6041812,3.6,2.4,shrub
552917.38,4162815.09,-122.4004348,37.6109101,3.6,1.5,shrub
551449.38,4161548.09,-122.4171558,37.5995739,3.6,3.0,shrub
553158.38,4161195.09,-122.397822,37.5962951,3.6,2.1,shrub
553099.38,4162785.09,-122.3983749,37.6106292,3.6,2.1,shrub
551442.38,4161872.09,-122.4172123,37.6024945,3.6,2.7,shrub
552195.38,4161598.09,-122.4087016,37.5999825,3.6,2.3,shrub
553047.38,4162011.09,-122.3990202,37.6036561,3.6,2.9,shrub
552421.38,4161138.09,-122.4061744,37.5958237,3.6,3.2,shrub
552186.38,4161385.09,-122.4088188,37.5980632,3.6,2.1,shrub
551829.38,4162814.09,-122.4127615,37.610963,3.6,2.3,shrub
552453.38,4162830.09,-122.4056906,37.6110719,3.6,1.9,shrub
552696.38,4162764.09,-122.4029423,37.6104631,3.6,1.7,shrub
551337.38,4161365.09,-122.4184374,37.5979308,3.6,2.6,shrub
551295.38,4161639.09,-122.418894,37.6004027,3.6,3.0,shrub
551319.38,4162994.09,-122.418527,37.612614,3.6,2.0,shrub
552851.38,4162481.09,-122.4012067,37.6079035,3.6,2.2,shrub
552643.38,4163031.09,-122.4035235,37.6128726,3.6,3.2,shrub
552909.38,4161668.09,-122.4006084,37.6005726,3.6,1.5,shrub
553020.38,4162016.09,-122.3993257,37.6037027,3.6,1.9,shrub
552916.38,4161943.09,-122.4005092,37.6030508,3.6,3.0,shrub
551302.38,4162477.09,-122.4187559,37.6079552,3.6,1.8,shrub
552657.38,4161643.09,-122.4034648,37.6003618,3.6,2.8,shrub
551939.38,4163070.09,-122.4114971,37.6132642,3.6,2.3,shrub
552714.38,4162584.09,-122.4027513,37.6088397,3.6,2.5,shrub
552745.38,4162028.09,-122.4024402,37.6038267,3.6,1.9,shrub
551526.38,4161756.09,-122.4162689,37.6014443,3.6,3.3,shrub
552088.38,4161102.09,-122.409949,37.5955181,3.6,0.6,shrub
552726.38,4162968.09,-122.4025877,37.6123,3.6,2.9,shrub
551860.38,4161495.09,-122.4125038,37.5990731,3.6,1.6,shrub
551281.38,4161328.09,-122.4190743,37.5976004,3.6,1.5,shrub
552567.38,4162040.09,-122.4044558,37.6039451,3.6,3.2,shrub
551224.38,4162123.09,-122.4196644,37.6047689,3.6,2.5,shrub
552760.38,4161803.09,-122.4022865,37.6017979,3.6,2.4,shrub
552388.38,4161250.09,-122.4065402,37.596835,3.6,2.9,shrub
552770.38,4161868.09,-122.4021685,37.6023832,3.6,2.1,shrub
551697.38,4161746.09,-122.4143325,37.6013446,3.6,2.3,shrub
552633.38,4162705.09,-122.4036603,37.6099349,3.6,1.9,shrub
551988.38,4162678.09,-122.4109698,37.6097283,3.6,2.1,shrub
551396.38,4161191.09,-122.4177813,37.5963592,3.6,1.9,shrub
551211.38,4162569.09,-122.4197804,37.6087895,3.6,3.1,shrub
552741.38,4162321.09,-122.4024644,37.6064678,3.6,1.4,shrub
553069.38,4161771.09,-122.3987884,37.6014917,3.6,1.8,shrub
552507.38,4162360.09,-122.4051126,37.6068327,3.6,3.0,shrub
551958.38,4161592.09,-122.4113868,37.5999418,3.6,1.4,shrub
551360.38,4162914.09,-122.4180681,37.6118907,3.6,1.9,shrub
552253.38,4162922.09,-122.40795,37.6119125,3.6,2.5,shrub
552944.38,4162056.09,-122.4001838,37.6040676,3.6,1.8,shrub
552598.38,4162056.09,-122.4041035,37.6040875,3.6,2.2,shrub
552546.38,4161867.09,-122.4047062,37.602387,3.6,1.8,shrub
552637.38,4162615.09,-122.4036215,37.6091235,3.6,2.7,shrub
552659.38,4162583.09,-122.4033745,37.6088339,3.6,2.1,shrub
552404.38,4163015.09,-122.4062325,37.6127421,3.6,3.3,shrub
553013.38,4161786.09,-122.3994217,37.6016302,3.6,1.1,shrub
552039.38,4161545.09,-122.4104726,37.5995137,3.6,2.0,shrub
552185.38,4162639.09,-122.4087406,37.6093656,3.6,2.6,shrub
551365.38,4162940.09,-122.4180096,37.6121247,3.6,3.6,shrub
552500.38,4161821.09,-122.4052306,37.601975,3.6,1.8,shrub
553208.38,4161701.09,-122.3972189,37.6008528,3.6,2.1,shrub
552671.38,4162538.09,-122.4032418,37.6084276,3.6,3.4,shrub
552607.38,4161824.09,-122.4040182,37.601996,3.6,2.3,shrub
551689.38,4161206.09,-122.4144613,37.596478,3.6,2.9,shrub
552861.38,4162983.09,-122.4010571,37.6124275,3.6,4.7,shrub
552533.38,4162344.09,-122.4048192,37.606687,3.6,1.6,shrub
552299.38,4162124.09,-122.4074859,37.6047174,3.6,1.7,shrub
551998.38,4161307.09,-122.4109539,37.5973709,3.6,3.8,shrub
552086.38,4162559.09,-122.4098679,37.6086502,3.6,3.2,shrub
553106.38,4162365.09,-122.3983261,37.6068433,3.6,1.3,shrub
552096.38,4161349.09,-122.4098408,37.5977439,3.6,3.7,shrub
551303.38,4162123.09,-122.4187694,37.6047645,3.6,4.7,shrub
551788.38,4162525.09,-122.4132465,37.6083606,3.6,2.3,shrub
553200.38,4161286.09,-122.3973397,37.5971129,3.6,2.3,shrub
552753.38,4161357.09,-122.402398,37.5977785,3.6,3.4,shrub
551647.38,4162282.09,-122.4148611,37.6061784,3.6,2.2,shrub
552507.38,4162162.09,-122.4051268,37.6050481,3.6,5.5,shrub
551712.38,4162794.09,-122.4140885,37.6107894,3.6,2.7,shrub
552024.38,4162921.09,-122.4105446,37.6119164,3.6,2.0,shrub
551758.38,4161115.09,-122.4136861,37.5956539,3.6,2.7,shrub
552280.38,4163005.09,-122.4076382,37.612659,3.6,2.2,shrub
551629.38,4161774.09,-122.4151009,37.6016007,3.6,1.6,shrub
552207.38,4161209.09,-122.4085934,37.5964758,3.6,1.9,shrub
552094.38,4161354.09,-122.4098631,37.597789,3.6,1.6,shrub
552828.38,4161970.09,-122.4015041,37.6032992,3.6,1.8,shrub
551401.38,4161240.09,-122.4177212,37.5968006,3.6,3.7,shrub
552995.38,4161408.09,-122.399653,37.5982243,3.6,2.6,shrub
551651.38,4161769.09,-122.414852,37.6015544,3.6,2.2,shrub
552078.38,4162458.09,-122.4099658,37.6077403,3.6,2.6,shrub
553060.38,4162717.09,-122.3988217,37.6100186,3.6,1.5,shrub
551355.38,4162257.09,-122.4181709,37.6059694,3.6,1.9,shrub
552671.38,4161792.09,-122.4032955,37.6017039,3.6,2.8,shrub
553163.38,4161527.09,-122.3977413,37.5992871,3.6,1.8,shrub
552205.38,4162783.09,-122.4085038,37.6106624,3.6,3.0,shrub
551221.38,4162092.09,-122.4197005,37.6044897,3.6,2.3,shrub
552610.38,4161834.09,-122.4039835,37.6020859,3.6,3.0,shrub
553015.38,4161124.09,-122.399447,37.5956634,3.6,2.6,shrub
551492.38,4162723.09,-122.416586,37.6101618,3.6,2.5,shrub
552241.38,4161112.09,-122.4082152,37.5955996,3.6,2.3,shrub
552014.38,4162847.09,-122.4106632,37.61125,3.6,2.1,shrub
552992.38,4162735.09,-122.3995908,37.6101847,3.6,2.9,shrub
552205.38,4161242.09,-122.4086137,37.5967733,3.6,2.6,shrub
552131.38,4162599.09,-122.4093553,37.6090082,3.6,1.3,shrub
552790.38,4161102.09,-122.4019972,37.5954781,3.6,2.9,shrub
552108.38,4161324.09,-122.4097067,37.5975179,3.6,1.7,shrub
552427.38,4162677.09,-122.4059962,37.6096944,3.6,1.1,shrub
552600.38,4161236.09,-122.4041398,37.5966967,3.6,2.1,shrub
551847.38,4162400.09,-122.4125869,37.6072306,3.6,2.2,shrub
552078.38,4162420.09,-122.4099685,37.6073978,3.6,3.2,shrub
552614.38,4162909.09,-122.4038609,37.6117747,3.6,2.8,shrub
552189.38,4163021.09,-122.4086681,37.6128084,3.6,1.5,shrub
551570.38,4162111.09,-122.4157455,37.6046415,3.5,2.0,shrub
551282.38,4162919.09,-122.4189515,37.6119401,3.5,3.9,shrub
551673.38,4161409.09,-122.4146282,37.5983085,3.5,1.1,shrub
551431.38,4162752.09,-122.4172751,37.6104266,3.5,1.7,shrub
553197.38,4162514.09,-122.3972844,37.608181,3.5,2.6,shrub
552758.38,4161656.09,-122.4023198,37.6004731,3.5,2.3,shrub
553063.38,4161853.09,-122.3988504,37.6022311,3.5,2.1,shrub
552756.38,4162586.09,-122.4022754,37.6088554,3.5,3.3,shrub
551602.38,4161109.09,-122.4154536,37.5956086,3.5,1.7,shrub
553088.38,4162348.09,-122.3985313,37.6066911,3.5,1.9,shrub
552606.38,4161868.09,-122.4040264,37.6023926,3.5,3.3,shrub
552442.38,4162277.09,-122.4058549,37.6060883,3.5,2.0,shrub
552658.38,4161867.09,-122.4034374,37.6023806,3.5,1.9,shrub
552651.38,4162818.09,-122.4034482,37.6109524,3.5,1.6,shrub
552652.38,4162593.09,-122.4034531,37.6089244,3.5,3.7,shrub
552812.38,4162993.09,-122.4016115,37.6125204,3.5,1.8,shrub
552134.38,4163015.09,-122.4092916,37.6127574,3.5,3.1,shrub
552248.38,4162444.09,-122.4080408,37.6076045,3.5,1.4,shrub
552922.38,4162268.09,-122.4004177,37.6059797,3.5,2.8,shrub
552834.38,4162485.09,-122.401399,37.6079406,3.5,3.0,shrub
552562.38,4161620.09,-122.4045427,37.6001599,3.5,2.2,shrub
551498.38,4162083.09,-122.4165631,37.6043931,3.5,2.6,shrub
552977.38,4161932.09,-122.3998189,37.6029481,3.5,2.0,shrub
551522.38,4161472.09,-122.4163342,37.5988848,3.5,4.4,shrub
552822.38,4162494.09,-122.4015343,37.6080224,3.5,3.1,shrub
551469.38,4162868.09,-122.4168364,37.61147,3.5,2.8,shrub
551648.38,4161809.09,-122.4148831,37.6019151,3.5,1.9,shrub
552364.38,4161292.09,-122.4068091,37.5972149,3.5,2.8,shrub
552170.38,4162685.09,-122.4089073,37.6097811,3.5,2.8,shrub
553169.38,4161975.09,-122.3976408,37.6033246,3.5,1.1,shrub
552076.38,4161408.09,-122.4100632,37.5982768,3.5,2.1,shrub
552385.38,4161166.09,-122.4065802,37.5960781,3.5,2.4,shrub
551344.38,4162182.09,-122.4183008,37.605294,3.5,2.0,shrub
552953.38,4162110.09,-122.4000779,37.6045538,3.5,2.7,shrub
551678.38,4162585.09,-122.4144885,37.6089076,3.5,1.9,shrub
551403.38,4161613.09,-122.4176723,37.6001623,3.5,1.9,shrub
552174.38,4161417.09,-122.4089524,37.5983523,3.5,2.5,shrub
553163.38,4161174.09,-122.3977669,37.5961055,3.5,2.1,shrub
551576.38,4162093.09,-122.4156788,37.6044789,3.5,2.5,shrub
551942.38,4161240.09,-122.411593,37.5967702,3.5,2.1,shrub
551722.38,4163009.09,-122.41396,37.6127266,3.5,2.3,shrub
552391.38,4161666.09,-122.4064765,37.6005842,3.5,3.1,shrub
551491.38,4162560.09,-122.4166088,37.6086927,3.5,1.7,shrub
551932.38,4161326.09,-122.4117002,37.5975458,3.5,1.6,shrub
552019.38,4162299.09,-122.4106455,37.6063106,3.5,3.5,shrub
551234.38,4162080.09,-122.4195541,37.6043808,3.5,2.7,shrub
552618.38,4161860.09,-122.403891,37.6023198,3.5,3.6,shrub
552684.38,4162175.09,-122.4031207,37.6051551,3.5,2.1,shrub
552833.38,4161943.09,-122.4014494,37.6030556,3.5,2.5,shrub
551481.38,4162047.09,-122.4167582,37.6040696,3.5,1.8,shrub
551307.38,4161648.09,-122.4187574,37.6004831,3.5,1.7,shrub
552500.38,4161721.09,-122.4052377,37.6010737,3.5,1.1,shrub
552108.38,4161372.09,-122.4097032,37.5979505,3.5,2.2,shrub
552694.38,4161169.09,-122.4030798,37.5960875,3.5,1.6,shrub
552519.38,4162453.09,-122.40497,37.6076702,3.5,2.9,shrub
552685.38,4162338.09,-122.4030976,37.6066242,3.5,2.3,shrub
552940.38,4162494.09,-122.4001974,37.6080156,3.5,1.5,shrub
551642.38,4161600.09,-122.4149659,37.6000317,3.5,2.3,shrub
552690.38,4161694.09,-122.4030873,37.6008195,3.5,2.6,shrub
551318.38,4162953.09,-122.4185412,37.6122445,3.5,1.7,shrub
551259.38,4161843.09,-122.4192875,37.6022433,3.5,2.3,shrub
552055.38,4162402.09,-122.4102303,37.6072369,3.5,1.8,shrub
552080.38,4162552.09,-122.4099364,37.6085875,3.5,2.7,shrub
551835.38,4162869.09,-122.4126896,37.6114584,3.5,2.8,shrub
551227.38,4161689.09,-122.4196608,37.6008571,3.5,2.1,shrub
552750.38,4162569.09,-122.4023446,37.6087025,3.5,2.6,shrub
551732.38,4162151.09,-122.4139074,37.6049929,3.5,2.3,shrub
553118.38,4162541.09,-122.3981774,37.6084289,3.5,1.6,shrub
551580.38,4161903.09,-122.4156468,37.6027662,3.5,2.3,shrub
551980.38,4162658.09,-122.4110618,37.6095485,3.5,1.8,shrub
551251.38,4162408.09,-122.4193385,37.6073362,3.5,2.7,shrub
552561.38,4161135.09,-122.4045888,37.5957886,3.5,1.6,shrub
551509.38,4162980.09,-122.4163753,37.6124772,3.5,2.8,shrub
552631.38,4163132.09,-122.4036522,37.6137836,3.5,2.3,shrub
551919.38,4161187.09,-122.4118573,37.5962938,3.5,1.7,shrub
552369.38,4162336.09,-122.4066777,37.6066242,3.5,2.5,shrub
551907.38,4161405.09,-122.4119778,37.5982593,3.5,1.9,shrub
553069.38,4161857.09,-122.3987822,37.6022669,3.5,1.7,shrub
551211.38,4162059.09,-122.4198161,37.6041928,3.5,1.9,shrub
552838.38,4161407.09,-122.4014315,37.5982243,3.5,2.0,shrub
552799.38,4161637.09,-122.4018567,37.6002995,3.5,1.8,shrub
552677.38,4161647.09,-122.403238,37.6003967,3.5,2.0,shrub
552617.38,4161600.09,-122.4039211,37.5999765,3.5,2.6,shrub
551248.38,4161833.09,-122.4194128,37.6021538,3.5,2.4,shrub
553211.38,4161326.09,-122.3972122,37.5974727,3.5,2.1,shrub
552636.38,4162373.09,-122.4036502,37.6069425,3.5,1.4,shrub
552590.38,4162358.09,-122.4041724,37.6068099,3.5,2.8,shrub
551341.38,4161536.09,-122.4183801,37.5994718,3.5,1.6,shrub
552934.38,4162669.09,-122.4002527,37.6095932,3.5,3.6,shrub
551193.38,4162111.09,-122.4200164,37.6046625,3.5,2.0,shrub
553177.38,4162308.09,-122.3975259,37.6063255,3.5,1.1,shrub
552439.38,4163133.09,-122.4058275,37.6138036,3.5,2.6,shrub
551348.38,4162888.09,-122.4182059,37.611657,3.5,1.1,shrub
551839.38,4162366.09,-122.41268,37.6069246,3.5,2.6,shrub
551953.38,4162948.09,-122.4113471,37.6121638,3.5,3.8,shrub
551669.38,4162874.09,-122.41457,37.6115128,3.5,1.9,shrub
552637.38,4162134.09,-122.4036561,37.6047883,3.5,1.9,shrub
552337.38,4161711.09,-122.407085,37.6009929,3.5,1.9,shrub
552279.38,4161592.09,-122.4077505,37.5999237,3.5,2.3,shrub
551923.38,4161171.09,-122.4118131,37.5961493,3.5,2.6,shrub
551813.38,4161317.09,-122.4130488,37.5974714,3.5,3.7,shrub
551628.38,4161163.09,-122.4151553,37.5960938,3.5,2.3,shrub
551744.38,4161278.09,-122.4138332,37.5971238,3.5,1.3,shrub
551846.38,4163013.09,-122.4125548,37.6127557,3.5,1.3,shrub
553193.38,4161585.09,-122.3973972,37.5998082,3.5,2.3,shrub
552640.38,4163011.09,-122.403559,37.6126925,3.5,1.1,shrub
552219.38,4162635.09,-122.4083557,37.6093276,3.5,1.5,shrub
553020.38,4161988.09,-122.3993278,37.6034504,3.5,1.9,shrub
551693.38,4161198.09,-122.4144165,37.5964056,3.5,2.7,shrub
552083.38,4161153.09,-122.410002,37.5959781,3.5,2.5,shrub
552107.38,4162862.09,-122.4096084,37.61138,3.5,1.7,shrub
551621.38,4162653.09,-122.4151294,37.6095237,3.5,2.3,shrub
552150.38,4162729.09,-122.4091307,37.6101788,3.5,1.9,shrub
551855.38,4161378.09,-122.4125687,37.5980189,3.5,3.2,shrub
552851.38,4163117.09,-122.4011607,37.6136358,3.5,2.5,shrub
551276.38,4161338.09,-122.4191303,37.5976908,3.5,3.0,shrub
552619.38,4163065.09,-122.403793,37.6131804,3.5,4.1,shrub
551235.38,4161983.09,-122.4195496,37.6035065,3.5,2.9,shrub
551485.38,4162922.09,-122.4166513,37.6119558,3.5,2.3,shrub
552867.38,4162019.09,-122.4010588,37.6037386,3.5,2.3,shrub
552304.38,4161542.09,-122.4074709,37.5994716,3.5,1.1,shrub
551913.38,4161451.09,-122.4119065,37.5986735,3.5,3.7,shrub
552644.38,4162575.09,-122.403545,37.6087626,3.5,2.0,shrub
552623.38,4161607.09,-122.4038526,37.6000392,3.5,2.5,shrub
551923.38,4161271.09,-122.411806,37.5970506,3.5,3.7,shrub
552304.38,4161533.09,-122.4074715,37.5993905,3.5,1.5,shrub
551193.38,4161476.09,-122.4200608,37.5989392,3.5,3.5,shrub
551418.38,4161255.09,-122.4175276,37.5969348,3.5,1.8,shrub
552620.38,4162087.09,-122.403852,37.6043657,3.5,2.1,shrub
551870.38,4162568.09,-122.4123144,37.6087435,3.5,1.8,shrub
552206.38,4162708.09,-122.4084978,37.6099863,3.5,2.3,shrub
551905.38,4162806.09,-122.411901,37.6108867,3.5,3.5,shrub
551231.38,4161440.09,-122.4196329,37.5986126,3.5,2.0,shrub
551990.38,4162756.09,-122.4109416,37.6104312,3.5,1.6,shrub
552093.38,4161897.09,-122.4098358,37.6026832,3.5,2.0,shrub
552558.38,4162958.09,-122.4044918,37.6122195,3.5,1.5,shrub
551378.38,4161619.09,-122.4179551,37.6002178,3.5,2.3,shrub
551207.38,4162596.09,-122.4198238,37.6090331,3.5,1.7,shrub
551493.38,4162603.09,-122.4165831,37.6090802,3.5,2.5,shrub
552091.38,4161359.09,-122.4098967,37.5978343,3.5,2.5,shrub
552065.38,4162848.09,-122.4100853,37.6112562,3.5,1.5,shrub
551193.38,4161529.09,-122.4200571,37.5994169,3.5,1.8,shrub
552457.38,4161611.09,-122.4057327,37.6000848,3.5,5.4,shrub
552755.38,4162963.09,-122.4022595,37.6122533,3.5,3.4,shrub
551599.38,4162489.09,-122.4153903,37.6080468,3.5,2.6,shrub
551862.38,4162550.09,-122.4124064,37.6085817,3.5,4.1,shrub
552943.38,4162690.09,-122.4001492,37.609782,3.5,1.8,shrub
551919.38,4162834.09,-122.4117404,37.6111382,3.5,3.2,shrub
553045.38,4162298.09,-122.3990221,37.606243,3.5,1.3,shrub
551938.38,4161259.09,-122.411637,37.5969416,3.5,1.8,shrub
552386.38,4162264.09,-122.4064903,37.6059743,3.5,2.0,shrub
552755.38,4162151.09,-122.4023181,37.6049347,3.5,1.9,shrub
552546.38,4162797.09,-122.4046394,37.6107691,3.5,2.4,shrub
552599.38,4162602.09,-122.4040529,37.6090086,3.5,2.2,shrub
551389.38,4162128.09,-122.4177948,37.6048048,3.5,3.1,shrub
553063.38,4162129.09,-122.3988304,37.6047187,3.5,2.0,shrub
552234.38,4162755.09,-122.4081772,37.6104084,3.5,1.6,shrub
551942.38,4162613.09,-122.4114955,37.6091451,3.5,1.6,shrub
551909.38,4162458.09,-122.4118804,37.6077499,3.5,2.1,shrub
552633.38,4161379.09,-122.4037557,37.5979837,3.5,1.6,shrub
551325.38,4161628.09,-122.4185549,37.6003019,3.5,2.6,shrub
551331.38,4162874.09,-122.4183995,37.6115318,3.5,2.9,shrub
552474.38,4161758.09,-122.4055296,37.6014087,3.5,1.6,shrub
553194.38,4162225.09,-122.3973394,37.6055764,3.5,1.6,shrub
552378.38,4161253.09,-122.4066533,37.5968626,3.5,1.7,shrub
552256.38,4162767.09,-122.4079271,37.6105153,3.5,1.1,shrub
552277.38,4162896.09,-122.40768,37.6116767,3.5,3.5,shrub
552405.38,4162976.09,-122.406224,37.6123905,3.5,1.7,shrub
551960.38,4162343.09,-122.4113108,37.6067105,3.5,1.7,shrub
552336.38,4161560.09,-122.4071071,37.599632,3.5,1.6,shrub
551724.38,4161541.09,-122.4140411,37.5994954,3.5,2.8,shrub
551610.38,4161639.09,-122.4153256,37.6003851,3.5,1.5,shrub
552607.38,4161903.09,-122.4040125,37.602708,3.5,2.5,shrub
551580.38,4162119.09,-122.4156316,37.604713,3.5,3.8,shrub
552522.38,4162910.09,-122.4049032,37.611789,3.5,3.0,shrub
551190.38,4162617.09,-122.420015,37.6092233,3.5,5.1,shrub
551703.38,4162641.09,-122.4142013,37.6094109,3.5,1.7,shrub
552003.38,4162986.09,-122.4107779,37.6125035,3.5,2.0,shrub
553048.38,4162851.09,-122.398948,37.611227,3.5,3.0,shrub
552915.38,4161875.09,-122.4005254,37.602438,3.5,2.0,shrub
552069.38,4162699.09,-122.4100506,37.609913,3.5,2.3,shrub
552708.38,4161461.09,-122.4029002,37.5987185,3.5,1.5,shrub
552611.38,4161552.09,-122.4039925,37.5995442,3.5,1.8,shrub
552107.38,4162458.09,-122.4096372,37.6077387,3.5,1.5,shrub
551204.38,4162066.09,-122.4198949,37.6042563,3.5,2.3,shrub
551617.38,4162932.09,-122.4151551,37.6120385,3.5,2.3,shrub
551362.38,4162088.09,-122.4181035,37.6044458,3.5,4.0,shrub
552448.38,4161275.09,-122.4058588,37.5970569,3.5,2.8,shrub
552437.38,4162279.09,-122.4059114,37.6061066,3.5,1.8,shrub
551646.38,4162935.09,-122.4148263,37.6120639,3.5,3.2,shrub
551665.38,4162881.09,-122.4146148,37.6115762,3.5,2.0,shrub
551677.38,4162918.09,-122.4144763,37.611909,3.5,1.0,shrub
552841.38,4163111.09,-122.4012744,37.6135823,3.5,2.2,shrub
552915.38,4162663.09,-122.4004684,37.6095402,3.5,1.8,shrub
552930.38,4162839.09,-122.4002857,37.6111256,3.5,2.4,shrub
552802.38,4162832.09,-122.4017364,37.6110699,3.5,1.4,shrub
552834.38,4162902.09,-122.4013688,37.611699,3.5,2.5,shrub
551787.38,4162860.09,-122.4132341,37.61138,3.5,1.5,shrub
552843.38,4161759.09,-122.4013494,37.6013966,3.5,1.4,shrub
552728.38,4162154.09,-122.4026237,37.6049633,3.5,1.0,shrub
552185.38,4162424.09,-122.408756,37.6074278,3.5,2.0,shrub
552697.38,4161413.09,-122.4030283,37.5982865,3.5,1.4,shrub
551981.38,4162588.09,-122.4110555,37.6089175,3.5,1.7,shrub
552177.38,4162424.09,-122.4088466,37.6074283,3.5,1.8,shrub
552653.38,4162138.09,-122.4034745,37.6048234,3.5,1.9,shrub
551913.38,4162995.09,-122.411797,37.6125897,3.5,2.9,shrub
552240.38,4163026.09,-122.4080899,37.6128505,3.5,2.3,shrub
552692.38,4162028.09,-122.4030406,37.6038298,3.5,2.6,shrub
551250.38,4161968.09,-122.4193807,37.6033705,3.5,2.5,shrub
551580.38,4161934.09,-122.4156447,37.6030456,3.5,2.2,shrub
553063.38,4161779.09,-122.3988558,37.6015642,3.5,1.6,shrub
552726.38,4162684.09,-122.4026082,37.6097403,3.5,2.0,shrub
552729.38,4162544.09,-122.4025843,37.6084784,3.5,2.5,shrub
551423.38,4161345.09,-122.4174646,37.5977457,3.5,2.6,shrub
551407.38,4162232.09,-122.4175835,37.6057412,3.5,2.1,shrub
552701.38,4162985.09,-122.4028697,37.6124547,3.5,1.8,shrub
553093.38,4162451.09,-122.3984672,37.6076192,3.5,2.0,shrub
552593.38,4161784.09,-122.4041797,37.6016363,3.5,2.4,shrub
551675.38,4162252.09,-122.414546,37.6059064,3.5,1.5,shrub
552288.38,4161594.09,-122.4076484,37.5999412,3.5,1.5,shrub
552514.38,4161754.09,-122.4050768,37.6013704,3.5,4.1,shrub
551562.38,4162497.09,-122.4158089,37.6081209,3.5,1.6,shrub
551557.38,4162676.09,-122.4158529,37.6097345,3.5,2.7,shrub
552476.38,4163106.09,-122.4054103,37.6135581,3.5,1.7,shrub
552660.38,4162284.09,-122.4033847,37.6061389,3.5,1.4,shrub
552837.38,4162812.09,-122.4013414,37.6108876,3.5,1.4,shrub
552480.38,4161207.09,-122.4055012,37.5964422,3.5,2.3,shrub
552904.38,4163044.09,-122.4005655,37.6129748,3.5,3.3,shrub
552181.38,4163062.09,-122.4087558,37.6131784,3.5,2.4,shrub
552843.38,4161246.09,-122.4013865,37.5967729,3.5,1.5,shrub
551306.38,4162047.09,-122.4187407,37.6040794,3.5,2.3,shrub
552848.38,4162930.09,-122.4012082,37.6119505,3.5,2.5,shrub
552618.38,4163117.09,-122.4038006,37.6136492,3.5,1.1,shrub
552689.38,4162390.09,-122.4030485,37.6070926,3.5,1.8,shrub
551954.38,4161301.09,-122.4114527,37.5973193,3.5,1.4,shrub
552667.38,4162861.09,-122.4032639,37.611339,3.4,4.9,shrub
551471.38,4161181.09,-122.4169324,37.5962649,3.4,2.9,shrub
551586.38,4162959.09,-122.4155044,37.6122836,3.4,2.3,shrub
552902.38,4162003.09,-122.4006634,37.6035924,3.4,1.7,shrub
551651.38,4162941.09,-122.4147692,37.6121177,3.4,2.9,shrub
552764.38,4161648.09,-122.4022524,37.6004007,3.4,1.6,shrub
552600.38,4162347.09,-122.4040599,37.6067102,3.4,2.5,shrub
552083.38,4163110.09,-122.4098627,37.6136165,3.4,2.1,shrub
551856.38,4161418.09,-122.4125546,37.5983793,3.4,2.2,shrub
552282.38,4161406.09,-122.4077298,37.5982471,3.4,2.0,shrub
551395.38,4162950.09,-122.417669,37.6122132,3.4,1.3,shrub
552560.38,4161839.09,-122.4045496,37.6021339,3.4,1.5,shrub
551261.38,4162072.09,-122.4192488,37.6043072,3.4,2.4,shrub
551700.38,4163138.09,-122.4142001,37.6138905,3.4,1.6,shrub
552908.38,4161716.09,-122.4006162,37.6010053,3.4,1.1,shrub
551421.38,4161180.09,-122.4174989,37.5962587,3.4,1.5,shrub
551303.38,4162993.09,-122.4187084,37.6126059,3.4,2.8,shrub
552455.38,4163066.09,-122.4056511,37.6131988,3.4,2.6,shrub
551717.38,4161337.09,-122.4141348,37.5976571,3.4,1.5,shrub
552995.38,4162324.09,-122.3995866,37.6064802,3.4,1.8,shrub
551618.38,4162822.09,-122.4151515,37.611047,3.4,2.5,shrub
551429.38,4162695.09,-122.4173018,37.609913,3.4,3.1,shrub
551475.38,4162064.09,-122.416825,37.6042232,3.4,1.9,shrub
551791.38,4162870.09,-122.4131881,37.6114699,3.4,1.3,shrub
551791.38,4162453.09,-122.4132176,37.6077115,3.4,1.9,shrub
553187.38,4162481.09,-122.3974001,37.6078842,3.4,1.7,shrub
551273.38,4161285.09,-122.419168,37.5972133,3.4,1.5,shrub
551282.38,4162083.09,-122.4190101,37.6044052,3.4,2.3,shrub
551351.38,4161296.09,-122.4182837,37.5973081,3.4,2.0,shrub
552989.38,4162792.09,-122.3996207,37.6106986,3.4,2.5,shrub
552872.38,4162893.09,-122.400939,37.6116157,3.4,2.3,shrub
552872.38,4162030.09,-122.4010013,37.6038375,3.4,2.0,shrub
553041.38,4161140.09,-122.3991513,37.5958061,3.4,2.0,shrub
552663.38,4163025.09,-122.4032974,37.6128174,3.4,1.6,shrub
551478.38,4162132.09,-122.4167862,37.6048359,3.4,3.4,shrub
553192.38,4161680.09,-122.3974016,37.6006644,3.4,1.7,shrub
552704.38,4162758.09,-122.4028521,37.6104086,3.4,1.9,shrub
551922.38,4162710.09,-122.4117152,37.6100204,3.4,2.7,shrub
551547.38,4162505.09,-122.4159783,37.6081939,3.4,2.3,shrub
552170.38,4162784.09,-122.4089002,37.6106734,3.4,2.3,shrub
553193.38,4161658.09,-122.3973919,37.6004661,3.4,1.3,shrub
551703.38,4162532.09,-122.414209,37.6084285,3.4,2.8,shrub
551877.38,4161491.09,-122.4123115,37.5990361,3.4,3.2,shrub
552605.38,4161852.09,-122.4040389,37.6022484,3.4,1.6,shrub
553138.38,4162337.09,-122.3979656,37.6065891,3.4,1.1,shrub
552800.38,4162048.09,-122.4018157,37.6040038,3.4,3.6,shrub
552627.38,4161677.09,-122.4038022,37.6006699,3.4,2.1,shrub
551649.38,4161862.09,-122.4148681,37.6023928,3.4,1.1,shrub
552752.38,4161795.09,-122.4023777,37.6017263,3.4,2.4,shrub
551487.38,4162049.09,-122.4166901,37.6040873,3.4,1.7,shrub
551589.38,4162058.09,-122.415534,37.6041627,3.4,2.0,shrub
551365.38,4161138.09,-122.4181362,37.5958832,3.4,1.5,shrub
552783.38,4163124.09,-122.4019306,37.6137028,3.4,2.5,shrub
552745.38,4162073.09,-122.402437,37.6042323,3.4,1.5,shrub
551722.38,4162617.09,-122.4139877,37.6091935,3.4,2.3,shrub
551358.38,4162922.09,-122.4180902,37.6119629,3.4,2.4,shrub
551377.38,4162168.09,-122.4179279,37.605166,3.4,1.4,shrub
551422.38,4162124.09,-122.4174212,37.6047669,3.4,2.9,shrub
552602.38,4161605.09,-122.4040906,37.6000224,3.4,1.6,shrub
551307.38,4162487.09,-122.4186985,37.6080451,3.4,1.6,shrub
551408.38,4161810.09,-122.4176019,37.6019376,3.4,1.9,shrub
553125.38,4162795.09,-122.3980797,37.6107178,3.4,3.1,shrub
552196.38,4161341.09,-122.4087086,37.5976661,3.4,1.1,shrub
552502.38,4162449.09,-122.4051628,37.6076351,3.4,1.9,shrub
553039.38,4161127.09,-122.3991749,37.5956891,3.4,1.5,shrub
551227.38,4162289.09,-122.4196188,37.6062649,3.4,2.6,shrub
551750.38,4161245.09,-122.4137675,37.596826,3.4,2.3,shrub
552502.38,4162931.09,-122.4051282,37.6119794,3.4,2.6,shrub
552085.38,4161373.09,-122.4099637,37.5979608,3.4,2.1,shrub
553091.38,4162649.09,-122.3984755,37.6094039,3.4,1.8,shrub
551339.38,4161608.09,-122.4183977,37.6001208,3.4,1.6,shrub
552290.38,4163043.09,-122.4075222,37.6130009,3.4,1.5,shrub
552281.38,4162908.09,-122.4076338,37.6117847,3.4,3.6,shrub
552500.38,4162546.09,-122.4051785,37.6085095,3.4,2.0,shrub
551938.38,4162457.09,-122.4115519,37.6077392,3.4,1.8,shrub
552291.38,4161110.09,-122.407649,37.5955787,3.4,1.3,shrub
551370.38,4162997.09,-122.417949,37.6126382,3.4,2.1,shrub
552689.38,4162756.09,-122.4030222,37.6103914,3.4,2.0,shrub
553038.38,4161231.09,-122.3991787,37.5966265,3.4,2.0,shrub
552859.38,4161997.09,-122.401151,37.6035408,3.4,2.5,shrub
551935.38,4161309.09,-122.4116674,37.5973925,3.4,2.9,shrub
551503.38,4162591.09,-122.4164707,37.6089715,3.4,1.8,shrub
552613.38,4162832.09,-122.4038778,37.6110807,3.4,2.6,shrub
551682.38,4162563.09,-122.4144447,37.6087091,3.4,2.6,shrub
552302.38,4163125.09,-122.4073803,37.6137393,3.4,1.9,shrub
551856.38,4162913.09,-122.4124486,37.6118538,3.4,2.3,shrub
552662.38,4162823.09,-122.4033233,37.6109968,3.4,1.8,shrub
552730.38,4162570.09,-122.4025711,37.6087126,3.4,2.1,shrub
552937.38,4162340.09,-122.4002426,37.6066277,3.4,1.7,shrub
551347.38,4162044.09,-122.4182765,37.6040501,3.4,2.3,shrub
552700.38,4161675.09,-122.4029754,37.6006477,3.4,1.7,shrub
551673.38,4161436.09,-122.4146263,37.5985519,3.4,2.5,shrub
551198.38,4161441.09,-122.4200066,37.5986235,3.4,2.4,shrub
552371.38,4161211.09,-122.4067356,37.5964845,3.4,2.4,shrub
551690.38,4161703.09,-122.4144148,37.6009574,3.4,2.0,shrub
552358.38,4163126.09,-122.4067458,37.6137451,3.4,1.9,shrub
552944.38,4162546.09,-122.4001483,37.608484,3.4,2.8,shrub
552078.38,4162876.09,-122.409936,37.6115078,3.4,2.6,shrub
552429.38,4161330.09,-122.4060701,37.5975537,3.4,1.4,shrub
553127.38,4162261.09,-122.3980958,37.6059048,3.4,1.5,shrub
551817.38,4161357.09,-122.4130007,37.5978317,3.4,2.3,shrub
552330.38,4161507.09,-122.4071788,37.5991546,3.4,1.7,shrub
551232.38,4162647.09,-122.419537,37.6094913,3.4,2.6,shrub
553222.38,4162154.09,-122.3970273,37.6049349,3.4,1.3,shrub
553228.38,4161635.09,-122.3969971,37.6002568,3.4,3.0,shrub
552515.38,4162530.09,-122.4050098,37.6083644,3.4,1.7,shrub
551773.38,4161648.09,-122.4134785,37.600457,3.4,2.3,shrub
552431.38,4162315.09,-122.4059768,37.6064314,3.4,2.4,shrub
551380.38,4162840.09,-122.4178467,37.6112226,3.4,2.8,shrub
552521.38,4162263.09,-122.4049609,37.6059576,3.4,2.8,shrub
552516.38,4162441.09,-122.4050048,37.6075622,3.4,2.5,shrub
552557.38,4162468.09,-122.4045384,37.6078032,3.4,1.5,shrub
551782.38,4162147.09,-122.4133412,37.604954,3.4,1.8,shrub
552100.38,4162415.09,-122.4097196,37.6073515,3.4,1.5,shrub
552533.38,4161641.09,-122.4048697,37.6003508,3.4,2.5,shrub
552688.38,4161455.09,-122.4031272,37.5986655,3.4,2.8,shrub
552775.38,4162881.09,-122.4020388,37.6115131,3.4,2.3,shrub
551453.38,4162080.09,-122.4170731,37.6043686,3.4,2.5,shrub
553010.38,4162215.09,-122.3994246,37.6054969,3.4,3.8,shrub
552320.38,4162305.09,-122.4072351,37.6063476,3.4,2.5,shrub
552576.38,4161102.09,-122.4044213,37.5954903,3.4,4.2,shrub
551442.38,4161230.09,-122.4172575,37.5967081,3.4,2.0,shrub
551616.38,4162062.09,-122.4152278,37.6041972,3.4,2.1,shrub
551655.38,4162824.09,-122.4147322,37.611063,3.4,1.7,shrub
552133.38,4163117.09,-122.4092957,37.6136768,3.4,3.7,shrub
551286.38,4162433.09,-122.4189402,37.6075595,3.4,2.1,shrub
551554.38,4162481.09,-122.4159006,37.6079772,3.4,1.7,shrub
551203.38,4162573.09,-122.4198708,37.608826,3.4,2.0,shrub
552244.38,4161612.09,-122.4081455,37.6001059,3.4,1.1,shrub
552653.38,4163103.09,-122.4034051,37.613521,3.4,1.9,shrub
552709.38,4162341.09,-122.4028255,37.6066499,3.4,2.5,shrub
552489.38,4161124.09,-122.4054052,37.5956936,3.4,1.3,shrub
552517.38,4161178.09,-122.4050841,37.5961787,3.4,3.3,shrub
552664.38,4161428.09,-122.403401,37.5984236,3.4,1.6,shrub
552991.38,4162144.09,-122.399645,37.6048581,3.4,1.6,shrub
551354.38,4161289.09,-122.4182502,37.5972448,3.4,1.9,shrub
551492.38,4162531.09,-122.4165995,37.6084313,3.4,2.0,shrub
552766.38,4162200.09,-122.4021899,37.6053758,3.4,2.4,shrub
551434.38,4161872.09,-122.417303,37.602495,3.4,1.6,shrub
551273.38,4161306.09,-122.4191665,37.5974026,3.4,2.3,shrub
551963.38,4162701.09,-122.4112514,37.609937,3.4,2.3,shrub
552420.38,4161198.09,-122.4061815,37.5963645,3.4,1.6,shrub
551774.38,4162429.09,-122.4134119,37.6074961,3.4,2.1,shrub
551915.38,4162918.09,-122.4117798,37.6118955,3.4,2.0,shrub
552553.38,4162545.09,-122.4045782,37.6084974,3.4,2.1,shrub
551478.38,4161616.09,-122.4168225,37.6001852,3.4,2.6,shrub
553034.38,4162754.09,-122.3991136,37.6103535,3.4,3.0,shrub
551951.38,4161106.09,-122.4115006,37.5955619,3.4,2.8,shrub
552849.38,4163109.09,-122.4011839,37.6135638,3.4,2.0,shrub
551718.38,4162915.09,-122.414012,37.6118796,3.4,2.9,shrub
553176.38,4161699.09,-122.3975815,37.6008366,3.4,2.0,shrub
552359.38,4162798.09,-122.4067579,37.6107888,3.4,2.5,shrub
551729.38,4161767.09,-122.4139685,37.601532,3.4,2.2,shrub
552658.38,4162063.09,-122.4034233,37.6041472,3.4,1.7,shrub
552061.38,4161405.09,-122.4102333,37.5982506,3.4,2.1,shrub
552501.38,4162479.09,-122.405172,37.6079056,3.4,1.4,shrub
552643.38,4161846.09,-122.4036088,37.6021922,3.4,3.4,shrub
551685.38,4161230.09,-122.4145049,37.5966945,3.4,1.6,shrub
551371.38,4161179.09,-122.4180653,37.5962524,3.4,2.5,shrub
552810.38,4162522.09,-122.4016682,37.6082754,3.4,2.5,shrub
551416.38,4161618.09,-122.4175247,37.6002066,3.4,1.9,shrub
551699.38,4161739.09,-122.4143103,37.6012814,3.4,1.8,shrub
551308.38,4162231.09,-122.4187052,37.6057377,3.4,2.1,shrub
552317.38,4162496.09,-122.4072554,37.6080693,3.4,7.7,shrub
551290.38,4162077.09,-122.4189199,37.6043507,3.4,2.8,shrub
551653.38,4162874.09,-122.4147513,37.6115137,3.4,1.8,shrub
551643.38,4161968.09,-122.4149286,37.6033485,3.4,2.9,shrub
552776.38,4162287.09,-122.4020703,37.6061593,3.4,3.8,shrub
552774.38,4161233.09,-122.402169,37.5966597,3.4,1.9,shrub
552989.38,4162324.09,-122.3996546,37.6064805,3.4,1.3,shrub
551371.38,4161869.09,-122.4180169,37.6024714,3.4,3.3,shrub
552470.38,4161690.09,-122.4055798,37.6007961,3.4,2.2,shrub
551709.38,4161662.09,-122.4142025,37.6005868,3.4,1.7,shrub
552297.38,4162920.09,-122.4074516,37.6118919,3.4,1.9,shrub
552336.38,4161639.09,-122.4071014,37.600344,3.4,2.8,shrub
552824.38,4161961.09,-122.4015501,37.6032183,3.4,2.0,shrub
552068.38,4162351.09,-122.4100867,37.6067765,3.4,2.8,shrub
552665.38,4162310.09,-122.4033262,37.606373,3.4,2.9,shrub
553025.38,4162019.09,-122.3992689,37.6037295,3.4,1.9,shrub
551673.38,4161197.09,-122.4146432,37.5963977,3.4,1.7,shrub
551384.38,4162698.09,-122.4178114,37.6099425,3.4,4.6,shrub
551599.38,4162082.09,-122.415419,37.6043784,3.4,2.1,shrub
551434.38,4161335.09,-122.4173407,37.5976549,3.4,3.0,shrub
552850.38,4162271.09,-122.4012332,37.6060109,3.4,1.8,shrub
552031.38,4162924.09,-122.4104651,37.6119431,3.4,3.2,shrub
551583.38,4162096.09,-122.4155992,37.6045055,3.4,2.1,shrub
551493.38,4161769.09,-122.4166418,37.6015633,3.4,2.1,shrub
551933.38,4162740.09,-122.4115885,37.6102902,3.4,1.6,shrub
553206.38,4161716.09,-122.3972404,37.6009881,3.4,3.9,shrub
551570.38,4162987.09,-122.4156837,37.6125369,3.4,1.9,shrub
551411.38,4161253.09,-122.417607,37.5969172,3.4,2.2,shrub
552010.38,4163053.09,-122.4106938,37.6131069,3.4,2.2,shrub
551730.38,4161561.09,-122.4139718,37.5996753,3.4,2.5,shrub
551568.38,4161961.09,-122.4157787,37.6032896,3.4,2.0,shrub
552185.38,4161224.09,-122.4088416,37.5966122,3.4,1.8,shrub
552899.38,4161612.09,-122.4007257,37.6000685,3.4,1.1,shrub
551492.38,4162746.09,-122.4165844,37.6103691,3.4,2.9,shrub
552554.38,4161788.09,-122.4046212,37.6016745,3.4,2.5,shrub
551711.38,4163059.09,-122.4140811,37.6131779,3.4,1.9,shrub
551503.38,4161641.09,-122.4165376,37.6004091,3.4,2.0,shrub
552479.38,4161700.09,-122.4054771,37.6008857,3.4,1.9,shrub
552708.38,4162424.09,-122.4028308,37.607398,3.4,1.8,shrub
551928.38,4162385.09,-122.4116703,37.6070909,3.4,2.9,shrub
552141.38,4162775.09,-122.4092294,37.6105939,3.4,2.6,shrub
552410.38,4162614.09,-122.4061933,37.6091275,3.4,4.3,shrub
552609.38,4162970.09,-122.4039131,37.6123248,3.4,1.4,shrub
551564.38,4162693.09,-122.4157724,37.6098874,3.4,2.8,shrub
551653.38,4161990.09,-122.4148137,37.6035462,3.4,3.6,shrub
552546.38,4162385.09,-122.404669,37.6070558,3.4,1.7,shrub
552189.38,4161344.09,-122.4087877,37.5976935,3.4,2.1,shrub
552782.38,4162064.09,-122.4020185,37.6041491,3.4,1.3,shrub
552182.38,4163051.09,-122.4087452,37.6130792,3.4,3.1,shrub
552680.38,4162500.09,-122.4031426,37.6080846,3.4,1.4,shrub
552427.38,4162441.09,-122.4060131,37.6075673,3.4,2.5,shrub
552924.38,4161257.09,-122.4004682,37.5968674,3.4,2.1,shrub
551971.38,4162937.09,-122.411144,37.6120636,3.4,2.0,shrub
552448.38,4162272.09,-122.4057873,37.6060429,3.3,1.5,shrub
552340.38,4162640.09,-122.4069845,37.6093658,3.3,2.5,shrub
552671.38,4161422.09,-122.4033222,37.5983691,3.3,1.6,shrub
553082.38,4162750.09,-122.3985701,37.6103147,3.3,2.0,shrub
552644.38,4162532.09,-122.4035481,37.6083751,3.3,1.4,shrub
551363.38,4161997.09,-122.4180985,37.6036256,3.3,1.1,shrub
553013.38,4162834.09,-122.3993457,37.6110758,3.3,1.9,shrub
552604.38,4162737.09,-122.4039866,37.610225,3.3,1.0,shrub
552514.38,4162960.09,-122.4049902,37.6122401,3.3,2.0,shrub
552471.38,4162500.09,-122.4055104,37.6080965,3.3,1.4,shrub
552534.38,4161772.09,-122.4048489,37.6015315,3.3,2.8,shrub
553012.38,4162011.09,-122.3994167,37.6036581,3.3,2.2,shrub
551337.38,4162919.09,-122.4183283,37.611937,3.3,1.9,shrub
551379.38,4161203.09,-122.417973,37.5964683,3.3,2.5,shrub
553041.38,4161973.09,-122.3990909,37.603314,3.3,2.0,shrub
552981.38,4162674.09,-122.3997199,37.6096356,3.3,1.8,shrub
553054.38,4162753.09,-122.3988871,37.6103434,3.3,2.6,shrub
551655.38,4161861.09,-122.4148002,37.6023834,3.3,1.9,shrub
552349.38,4161647.09,-122.4069536,37.6004154,3.3,3.5,shrub
552442.38,4162253.09,-122.4058566,37.605872,3.3,2.8,shrub
551853.38,4162774.09,-122.4124924,37.6106012,3.3,1.5,shrub
551924.38,4161190.09,-122.4118005,37.5963205,3.3,1.8,shrub
553215.38,4162220.09,-122.3971018,37.6055301,3.3,1.0,shrub
552217.38,4161380.09,-122.408468,37.5980164,3.3,1.6,shrub
551236.38,4162363.09,-122.4195116,37.6069314,3.3,1.1,shrub
551940.38,4162948.09,-122.4114944,37.6121645,3.3,2.5,shrub
552077.38,4162578.09,-122.4099686,37.608822,3.3,3.0,shrub
551783.38,4161309.09,-122.4133892,37.597401,3.3,2.2,shrub
553085.38,4161303.09,-122.3986411,37.5972727,3.3,2.0,shrub
551209.38,4162000.09,-122.4198429,37.6036612,3.3,2.6,shrub
552462.38,4162674.09,-122.4055999,37.6096653,3.3,2.1,shrub
552631.38,4162784.09,-122.4036773,37.6106471,3.3,3.2,shrub
553080.38,4162473.09,-122.3986129,37.6078182,3.3,1.5,shrub
552925.38,4161433.09,-122.4004441,37.5984536,3.3,2.6,shrub
553137.38,4162608.09,-122.3979573,37.6090317,3.3,4.2,shrub
551245.38,4162163.09,-122.4194237,37.6051283,3.3,2.0,shrub
552506.38,4162509.09,-122.4051132,37.6081757,3.3,2.3,shrub
552016.38,4162697.09,-122.4106512,37.609898,3.3,2.0,shrub
553104.38,4162087.09,-122.398369,37.6043378,3.3,1.7,shrub
552757.38,4162169.09,-122.4022941,37.6050969,3.3,1.5,shrub
552675.38,4161250.09,-122.4032892,37.5968186,3.3,1.9,shrub
552623.38,4161292.09,-122.4038752,37.5972001,3.3,2.1,shrub
551359.38,4162621.09,-122.4181,37.6092499,3.3,1.9,shrub
552909.38,4162856.09,-122.4005224,37.6112801,3.3,2.0,shrub
551728.38,4161441.09,-122.4140029,37.5985938,3.3,2.2,shrub
551738.38,4163105.09,-122.4137719,37.613591,3.3,2.0,shrub
552541.38,4162501.09,-122.4047173,37.6081016,3.3,3.5,shrub
553148.38,4161783.09,-122.3978926,37.6015953,3.3,1.7,shrub
552085.38,4161264.09,-122.4099715,37.5969784,3.3,2.3,shrub
552411.38,4162483.09,-122.4061914,37.6079467,3.3,3.0,shrub
551398.38,4162018.09,-122.4177005,37.6038129,3.3,1.5,shrub
551884.38,4162637.09,-122.4121509,37.6093646,3.3,1.3,shrub
551766.38,4161103.09,-122.4135963,37.5955453,3.3,2.8,shrub
551669.38,4162228.09,-122.4146157,37.6056904,3.3,2.2,shrub
551982.38,4161133.09,-122.4111475,37.5958035,3.3,2.0,shrub
552762.38,4162153.09,-122.4022386,37.6049524,3.3,1.7,shrub
553175.38,4162288.09,-122.39755,37.6061453,3.3,1.1,shrub
551683.38,4162883.09,-122.4144108,37.6115932,3.3,2.8,shrub
551731.38,4161102.09,-122.4139929,37.5955382,3.3,1.4,shrub
551601.38,4162689.09,-122.4153535,37.6098492,3.3,2.7,shrub
552330.38,4161343.09,-122.4071906,37.5976765,3.3,1.9,shrub
553190.38,4161435.09,-122.3974421,37.5984564,3.3,2.0,shrub
551957.38,4162928.09,-122.4113032,37.6119833,3.3,1.4,shrub
552631.38,4161919.09,-122.4037395,37.6028508,3.3,2.0,shrub
552417.38,4163132.09,-122.4060769,37.6137958,3.3,1.0,shrub
551607.38,4162828.09,-122.4152757,37.6111017,3.3,2.0,shrub
552021.38,4163126.09,-122.410564,37.6137643,3.3,2.0,shrub
551685.38,4162954.09,-122.4143831,37.612233,3.3,2.2,shrub
551541.38,4162033.09,-122.4160795,37.6039401,3.3,2.8,shrub
551954.38,4161328.09,-122.4114508,37.5975626,3.3,1.8,shrub
552276.38,4162953.09,-122.4076872,37.6121905,3.3,1.7,shrub
551365.38,4161225.09,-122.41813,37.5966674,3.3,1.4,shrub
551305.38,4162939.09,-122.4186895,37.6121191,3.3,2.0,shrub
552639.38,4161219.09,-122.4036992,37.5965413,3.3,2.6,shrub
551197.38,4162119.09,-122.4199705,37.6047344,3.3,1.9,shrub
551969.38,4162662.09,-122.4111862,37.6095852,3.3,2.9,shrub
552858.38,4162866.09,-122.4010995,37.6113731,3.3,1.7,shrub
552752.38,4162603.09,-122.4023194,37.6090088,3.3,2.0,shrub
552597.38,4161977.09,-122.4041205,37.6033755,3.3,1.8,shrub
552801.38,4162732.09,-122.401755,37.6101687,3.3,2.2,shrub
551702.38,4162807.09,-122.4142009,37.6109071,3.3,1.7,shrub
551679.38,4162571.09,-122.4144781,37.6087813,3.3,2.3,shrub
551431.38,4162215.09,-122.4173128,37.6055866,3.3,2.1,shrub
553204.38,4162198.09,-122.397228,37.6053325,3.3,1.6,shrub
552226.38,4161168.09,-122.4083811,37.5961051,3.3,2.0,shrub
552764.38,4161628.09,-122.4022538,37.6002204,3.3,1.5,shrub
552364.38,4162414.09,-122.4067288,37.6073275,3.3,2.4,shrub
551572.38,4161547.09,-122.4157626,37.599558,3.3,1.7,shrub
551992.38,4161380.09,-122.4110167,37.5980292,3.3,1.4,shrub
551586.38,4162525.09,-122.415535,37.608372,3.3,1.4,shrub
553006.38,4161188.09,-122.3995443,37.5962408,3.3,1.5,shrub
552307.38,4162493.09,-122.4073689,37.6080428,3.3,2.9,shrub
551543.38,4162670.09,-122.4160119,37.6096813,3.3,2.5,shrub
552180.38,4162686.09,-122.4087939,37.6097895,3.3,1.6,shrub
553070.38,4163138.09,-122.3986779,37.6138125,3.3,2.6,shrub
552820.38,4162941.09,-122.4015246,37.6120513,3.3,1.3,shrub
553088.38,4162722.09,-122.3985041,37.610062,3.3,5.2,shrub
552757.38,4161823.09,-122.4023191,37.6019784,3.3,2.2,shrub
552030.38,4162976.09,-122.4104727,37.6124118,3.3,2.0,shrub
553092.38,4161777.09,-122.3985274,37.6015445,3.3,1.6,shrub
552693.38,4162456.09,-122.4029985,37.6076873,3.3,1.5,shrub
553134.38,4161302.09,-122.3980861,37.5972609,3.3,1.6,shrub
551753.38,4162269.09,-122.4136611,37.6060552,3.3,1.5,shrub
553005.38,4161396.09,-122.3995406,37.5981155,3.3,2.0,shrub
552413.38,4162287.09,-122.4061827,37.6061801,3.3,2.8,shrub
553226.38,4161804.09,-122.3970075,37.6017801,3.3,1.6,shrub
551488.38,4161719.09,-122.416702,37.6011129,3.3,3.1,shrub
552251.38,4161645.09,-122.4080639,37.6004029,3.3,2.7,shrub
552417.38,4163084.09,-122.4060803,37.6133632,3.3,2.0,shrub
551990.38,4161397.09,-122.4110381,37.5981825,3.3,1.7,shrub
551724.38,4162624.09,-122.4139646,37.6092565,3.3,2.2,shrub
552188.38,4162743.09,-122.4086992,37.6103028,3.3,2.4,shrub
551448.38,4161952.09,-122.4171387,37.6032152,3.3,2.6,shrub
551402.38,4161376.09,-122.4177003,37.5980263,3.3,1.1,shrub
551412.38,4161377.09,-122.417587,37.5980347,3.3,2.4,shrub
552879.38,4163046.09,-122.4008486,37.6129943,3.3,2.5,shrub
552844.38,4161447.09,-122.4013606,37.5985845,3.3,2.0,shrub
552139.38,4161552.09,-122.4093393,37.5995711,3.3,1.4,shrub
551817.38,4162754.09,-122.4129017,37.6104229,3.3,1.4,shrub
552527.38,4162962.09,-122.4048428,37.6122574,3.3,1.4,shrub
553080.38,4162239.09,-122.3986298,37.6057092,3.3,1.7,shrub
553055.38,4162126.09,-122.3989213,37.6046922,3.3,1.6,shrub
552718.38,4161857.09,-122.4027584,37.602287,3.3,1.5,shrub
551357.38,4162176.09,-122.4181539,37.6052392,3.3,2.3,shrub
551604.38,4162492.09,-122.4153334,37.6080735,3.3,1.5,shrub
552061.38,4162547.09,-122.410152,37.6085435,3.3,1.5,shrub
552036.38,4162319.09,-122.4104515,37.6064899,3.3,2.1,shrub
552351.38,4162608.09,-122.4068622,37.6090768,3.3,1.5,shrub
551410.38,4162193.09,-122.4175523,37.6053895,3.3,1.1,shrub
551470.38,4161785.09,-122.4169013,37.6017088,3.3,2.2,shrub
551381.38,4162922.09,-122.4178296,37.6119616,3.3,2.0,shrub
552629.38,4162530.09,-122.4037182,37.6083579,3.3,1.9,shrub
551783.38,4162511.09,-122.4133041,37.6082347,3.3,1.9,shrub
552751.38,4161821.09,-122.4023872,37.6019607,3.3,2.0,shrub
553097.38,4162217.09,-122.3984388,37.6055099,3.3,1.4,shrub
552711.38,4162488.09,-122.4027922,37.6079747,3.3,2.6,shrub
552576.38,4161215.09,-122.4044132,37.5965088,3.3,2.6,shrub
551811.38,4161122.09,-122.4130853,37.595714,3.3,2.5,shrub
551962.38,4162884.09,-122.4112497,37.6115865,3.3,1.7,shrub
551734.38,4162604.09,-122.4138527,37.6090757,3.3,2.2,shrub
552687.38,4162307.09,-122.4030772,37.6063447,3.3,2.0,shrub
552820.38,4162507.09,-122.401556,37.6081396,3.3,2.8,shrub
551308.38,4162481.09,-122.4186876,37.6079909,3.3,2.6,shrub
552696.38,4162515.09,-122.4029602,37.6082189,3.3,2.2,shrub
553182.38,4162297.09,-122.3974701,37.606226,3.3,2.3,shrub
553023.38,4162075.09,-122.3992875,37.6042343,3.3,2.8,shrub
551600.38,4161949.09,-122.415417,37.6031797,3.3,1.6,shrub
551209.38,4161417.09,-122.4198837,37.5984066,3.3,1.9,shrub
551499.38,4162517.09,-122.4165212,37.6083047,3.3,1.8,shrub
551239.38,4161368.09,-122.4195473,37.5979633,3.3,2.3,shrub
551259.38,4162562.09,-122.4192371,37.6087237,3.3,1.3,shrub
552983.38,4162506.09,-122.3997094,37.6081213,3.3,3.0,shrub
552202.38,4162167.09,-122.4085817,37.6051105,3.3,1.4,shrub
552144.38,4161561.09,-122.409282,37.5996519,3.3,1.9,shrub
551852.38,4162492.09,-122.4125238,37.6080596,3.3,1.9,shrub
552051.38,4161328.09,-122.4103521,37.5975571,3.3,1.8,shrub
552516.38,4162923.09,-122.4049702,37.6119065,3.3,1.4,shrub
552976.38,4161920.09,-122.3998311,37.60284,3.3,2.0,shrub
551647.38,4162670.09,-122.4148337,37.6096754,3.3,1.0,shrub
551198.38,4162157.09,-122.4199565,37.6050768,3.3,2.1,shrub
552371.38,4161597.09,-122.406708,37.5999635,3.3,1.3,shrub
552697.38,4163039.09,-122.4029111,37.6129416,3.3,1.1,shrub
552043.38,4161272.09,-122.4104467,37.5970529,3.3,1.4,shrub
551839.38,4163080.09,-122.4126294,37.6133599,3.3,2.1,shrub
553038.38,4162270.09,-122.3991034,37.605991,3.3,1.4,shrub
552765.38,4163064.09,-122.4021389,37.6131631,3.3,1.8,shrub
552900.38,4161316.09,-122.4007358,37.5974005,3.3,2.0,shrub
551708.38,4162970.09,-122.4141214,37.6123759,3.3,3.7,shrub
552508.38,4161855.09,-122.4051375,37.602281,3.3,3.3,shrub
552462.38,4162323.09,-122.405625,37.6065018,3.3,1.7,shrub
552355.38,4161294.09,-122.4069109,37.5972334,3.3,3.7,shrub
552359.38,4162361.09,-122.4067892,37.6068501,3.3,2.1,shrub
552519.38,4161707.09,-122.4050235,37.6009465,3.3,2.5,shrub
551580.38,4162921.09,-122.4155751,37.6119414,3.3,2.5,shrub
551418.38,4161845.09,-122.4174861,37.6022525,3.3,1.8,shrub
552356.38,4161651.09,-122.406874,37.600451,3.3,2.5,shrub
552151.38,4163083.09,-122.4090942,37.6133693,3.3,2.1,shrub
553176.38,4161734.09,-122.397579,37.6011521,3.3,1.6,shrub
552008.38,4162977.09,-122.4107219,37.6124221,3.3,2.2,shrub
551810.38,4161301.09,-122.4130839,37.5973274,3.3,2.6,shrub
552306.38,4161656.09,-122.4074401,37.600499,3.3,1.0,shrub
552915.38,4162039.09,-122.4005136,37.6039161,3.3,1.7,shrub
552238.38,4162193.09,-122.408172,37.6053428,3.3,2.4,shrub
551284.38,4162047.09,-122.41899,37.6040806,3.3,2.5,shrub
552516.38,4161314.09,-122.4050857,37.5974045,3.3,1.7,shrub
552690.38,4161801.09,-122.4030796,37.6017839,3.3,1.5,shrub
552460.38,4161132.09,-122.4057331,37.5957674,3.3,1.3,shrub
551266.38,4161460.09,-122.419235,37.598791,3.3,1.7,shrub
551413.38,4161880.09,-122.4175403,37.6025682,3.3,1.8,shrub
552292.38,4162142.09,-122.4075639,37.6048801,3.3,2.5,shrub
552286.38,4161567.09,-122.407673,37.5996979,3.3,1.3,shrub
553162.38,4161878.09,-122.3977271,37.6024508,3.3,2.0,shrub
552633.38,4162524.09,-122.4036733,37.6083036,3.3,1.9,shrub
551276.38,4162326.09,-122.419061,37.6065957,3.3,1.6,shrub
551942.38,4161299.09,-122.4115888,37.5973019,3.3,2.3,shrub
551942.38,4162673.09,-122.4114913,37.6096858,3.3,1.9,shrub
551633.38,4163034.09,-122.4149666,37.6129569,3.3,1.0,shrub
552737.38,4162184.09,-122.4025196,37.6052332,3.3,1.4,shrub
551344.38,4162117.09,-122.4183053,37.6047082,3.3,2.2,shrub
551724.38,4161742.09,-122.4140269,37.601307,3.3,1.7,shrub
551925.38,4162924.09,-122.4116661,37.6119491,3.3,2.0,shrub
551249.38,4161468.09,-122.419427,37.598864,3.3,2.0,shrub
553082.38,4162352.09,-122.398599,37.6067275,3.3,1.5,shrub
552662.38,4163077.09,-122.403305,37.6132861,3.3,1.9,shrub
552334.38,4162606.09,-122.4070549,37.6090597,3.3,1.4,shrub
552812.38,4161800.09,-122.4016977,37.6017679,3.3,2.0,shrub
551366.38,4162080.09,-122.4180587,37.6043735,3.3,1.8,shrub
551982.38,4163120.09,-122.4110063,37.6137124,3.3,1.6,shrub
551211.38,4162591.09,-122.4197789,37.6089878,3.3,1.4,shrub
552970.38,4162669.09,-122.3998449,37.6095911,3.3,1.3,shrub
552818.38,4162992.09,-122.4015436,37.6125111,3.3,1.3,shrub
552970.38,4162648.09,-122.3998464,37.6094019,3.3,1.8,shrub
552867.38,4163107.09,-122.4009801,37.6135447,3.3,1.7,shrub
551404.38,4161146.09,-122.4176938,37.5959532,3.3,1.3,shrub
552894.38,4161686.09,-122.400777,37.6007357,3.3,1.4,shrub
551292.38,4161651.09,-122.4189271,37.600511,3.3,2.0,shrub
552947.38,4162653.09,-122.4001066,37.6094482,3.3,2.3,shrub
553163.38,4161263.09,-122.3977605,37.5969077,3.3,1.3,shrub
551391.38,4162106.09,-122.4177737,37.6046064,3.3,2.5,shrub
552711.38,4161727.09,-122.4028471,37.6011158,3.3,1.6,shrub
552446.38,4163029.09,-122.4057557,37.6128659,3.3,1.5,shrub
551286.38,4162950.09,-122.418904,37.6122193,3.3,1.8,shrub
551583.38,4161666.09,-122.4156296,37.6006299,3.3,1.8,shrub
551938.38,4163076.09,-122.411508,37.6133183,3.3,2.1,shrub
552829.38,4161361.09,-122.4015368,37.5978102,3.3,2.0,shrub
552645.38,4163138.09,-122.4034932,37.6138369,3.3,1.4,shrub
553012.38,4161118.09,-122.3994814,37.5956095,3.3,3.3,shrub
552604.38,4162358.09,-122.4040138,37.6068091,3.3,2.0,shrub
552360.38,4162803.09,-122.4067462,37.6108338,3.3,1.8,shrub
552129.38,4162586.09,-122.4093789,37.6088911,3.3,2.7,shrub
551780.38,4162487.09,-122.4133398,37.6080185,3.3,1.8,shrub
551258.38,4162604.09,-122.4192455,37.6091023,3.3,2.5,shrub
553099.38,4162665.09,-122.3983837,37.6095476,3.3,2.1,shrub
551278.38,4161401.09,-122.4191032,37.5982585,3.3,1.3,shrub
552381.38,4161653.09,-122.4065907,37.6004676,3.3,2.1,shrub
552342.38,4163022.09,-122.4069345,37.6128087,3.3,1.4,shrub
551534.38,4161434.09,-122.416201,37.5985416,3.3,2.0,shrub
552797.38,4162438.09,-122.4018215,37.6075191,3.3,1.0,shrub
552789.38,4162825.09,-122.4018842,37.6110076,3.3,1.5,shrub
552878.38,4162001.09,-122.4009355,37.6035757,3.3,1.5,shrub
551588.38,4162520.09,-122.4155127,37.6083268,3.3,2.0,shrub
552857.38,4161821.09,-122.4011864,37.6019546,3.3,2.3,shrub
552490.38,4161769.09,-122.4053476,37.6015069,3.3,2.0,shrub
551997.38,4162666.09,-122.4108686,37.6096196,3.3,3.4,shrub
552601.38,4161183.09,-122.4041323,37.596219,3.3,2.0,shrub
552524.38,4162506.09,-122.4049095,37.6081476,3.3,1.6,shrub
551950.38,4161212.09,-122.4115044,37.5965173,3.3,1.7,shrub
552484.38,4163141.09,-122.4053171,37.6138731,3.3,2.0,shrub
552021.38,4162927.09,-122.4105782,37.6119707,3.3,1.6,shrub
551685.38,4161732.09,-122.4144694,37.6012191,3.3,1.4,shrub
551499.38,4161646.09,-122.4165825,37.6004544,3.3,1.9,shrub
552557.38,4162321.09,-122.4045489,37.6064783,3.3,1.5,shrub
551767.38,4162657.09,-122.4134751,37.6095515,3.3,2.5,shrub
552329.38,4161566.09,-122.4071859,37.5996865,3.3,1.7,shrub
552203.38,4161472.09,-122.40862,37.5988464,3.3,1.5,shrub
552307.38,4161311.09,-122.4074534,37.5973894,3.3,1.3,shrub
551613.38,4161795.09,-122.4152806,37.6017909,3.3,1.0,shrub
551652.38,4162850.09,-122.4147643,37.6112975,3.3,3.2,shrub
552828.38,4162585.09,-122.4014597,37.6088422,3.2,1.5,shrub
551817.38,4163035.09,-122.4128818,37.6129556,3.2,1.8,shrub
553031.38,4161949.09,-122.399206,37.6030982,3.2,2.6,shrub
552323.38,4161601.09,-122.4072514,37.6000023,3.2,1.8,shrub
552294.38,4161502.09,-122.407587,37.5991116,3.2,3.5,shrub
551721.38,4161577.09,-122.4140726,37.59982,3.2,1.3,shrub
552318.38,4161611.09,-122.4073073,37.6000927,3.2,2.4,shrub
552524.38,4161959.09,-122.4049488,37.6032175,3.2,2.2,shrub
551593.38,4161587.09,-122.4155219,37.5999173,3.2,3.2,shrub
551930.38,4161582.09,-122.4117047,37.5998533,3.2,1.0,shrub
551825.38,4161112.09,-122.4129274,37.5956231,3.2,2.5,shrub
551245.38,4162025.09,-122.4194333,37.6038845,3.2,1.1,shrub
551436.38,4162208.09,-122.4172567,37.6055232,3.2,2.6,shrub
552419.38,4161706.09,-122.4061564,37.6009432,3.2,2.8,shrub
552489.38,4162522.09,-122.4053049,37.6082938,3.2,1.7,shrub
552927.38,4162678.09,-122.4003314,37.6096747,3.2,1.4,shrub
551349.38,4162996.09,-122.418187,37.6126304,3.2,1.9,shrub
552848.38,4161902.09,-122.4012825,37.6026852,3.2,2.0,shrub
552563.38,4162447.09,-122.4044719,37.6076136,3.2,1.8,shrub
552361.38,4161355.09,-122.4068386,37.5977829,3.2,2.0,shrub
553106.38,4161626.09,-122.3983798,37.6001827,3.2,1.9,shrub
552355.38,4162307.09,-122.4068384,37.6063636,3.2,1.8,shrub
552411.38,4162620.09,-122.4061815,37.6091815,3.2,3.0,shrub
553046.38,4161113.09,-122.3990966,37.5955625,3.2,2.1,shrub
552482.38,4161214.09,-122.405478,37.5965052,3.2,1.7,shrub
552247.38,4161841.09,-122.4080952,37.6021697,3.2,1.1,shrub
552435.38,4161696.09,-122.4059759,37.6008521,3.2,1.4,shrub
551532.38,4161422.09,-122.4162245,37.5984336,3.2,2.9,shrub
552459.38,4161634.09,-122.4057084,37.600292,3.2,2.7,shrub
551387.38,4162739.09,-122.4177745,37.6103119,3.2,1.6,shrub
552516.38,4162458.09,-122.4050036,37.6077154,3.2,1.9,shrub
552375.38,4161353.09,-122.4066801,37.5977641,3.2,1.7,shrub
552608.38,4162560.09,-122.403954,37.6086295,3.2,2.6,shrub
553078.38,4162621.09,-122.3986248,37.6091523,3.2,2.5,shrub
552164.38,4163020.09,-122.4089514,37.6128008,3.2,2.5,shrub
552861.38,4163081.09,-122.40105,37.6133108,3.2,1.8,shrub
552406.38,4162551.09,-122.4062431,37.6085599,3.2,1.1,shrub
551689.38,4162509.09,-122.4143692,37.608222,3.2,1.6,shrub
552284.38,4163040.09,-122.4075904,37.6129742,3.2,1.3,shrub
552276.38,4161584.09,-122.407785,37.5998517,3.2,1.7,shrub
552186.38,4163028.09,-122.4087015,37.6128716,3.2,2.7,shrub
551973.38,4162695.09,-122.4111385,37.6098824,3.2,3.3,shrub
551299.38,4162055.09,-122.4188195,37.6041519,3.2,2.2,shrub
552458.38,4162330.09,-122.4056699,37.6065651,3.2,1.7,shrub
553064.38,4162414.09,-122.3987984,37.6072874,3.2,1.1,shrub
552594.38,4162714.09,-122.4041015,37.6100183,3.2,2.7,shrub
552213.38,4161252.09,-122.4085224,37.596863,3.2,2.5,shrub
551905.38,4163006.09,-122.4118868,37.6126893,3.2,2.0,shrub
551245.38,4161674.09,-122.4194579,37.6007209,3.2,2.3,shrub
552692.38,4161925.09,-122.403048,37.6029014,3.2,1.6,shrub
552522.38,4162444.09,-122.4049366,37.6075889,3.2,3.1,shrub
553161.38,4161181.09,-122.3977891,37.5961687,3.2,1.8,shrub
551296.38,4162062.09,-122.418853,37.6042151,3.2,1.9,shrub
552316.38,4161515.09,-122.4073369,37.5992275,3.2,1.9,shrub
551424.38,4162113.09,-122.4173993,37.6046677,3.2,1.4,shrub
552059.38,4162683.09,-122.410165,37.6097693,3.2,1.7,shrub
552231.38,4162808.09,-122.4082074,37.6108862,3.2,2.2,shrub
552629.38,4162240.09,-122.4037391,37.6057441,3.2,1.6,shrub
553044.38,4163141.09,-122.3989723,37.613841,3.2,1.7,shrub
552049.38,4161271.09,-122.4103788,37.5970435,3.2,2.0,shrub
552979.38,4162691.09,-122.3997413,37.6097889,3.2,1.5,shrub
551313.38,4161288.09,-122.4187147,37.5972381,3.2,2.0,shrub
551618.38,4161119.09,-122.4152717,37.5956978,3.2,2.2,shrub
552274.38,4162975.09,-122.4077083,37.6123889,3.2,1.8,shrub
552844.38,4162823.09,-122.4012613,37.6109864,3.2,1.5,shrub
551231.38,4161497.09,-122.4196289,37.5991264,3.2,1.4,shrub
552559.38,4162575.09,-122.404508,37.6087675,3.2,1.7,shrub
551448.38,4161863.09,-122.417145,37.6024131,3.2,2.3,shrub
552373.38,4161637.09,-122.4066824,37.6003239,3.2,1.3,shrub
552421.38,4163094.09,-122.4060343,37.6134531,3.2,1.7,shrub
552744.38,4162661.09,-122.4024059,37.609532,3.2,2.2,shrub
551395.38,4162848.09,-122.4176762,37.6112939,3.2,1.7,shrub
552328.38,4162395.09,-122.407138,37.6071583,3.2,2.5,shrub
553135.38,4161592.09,-122.3980537,37.5998746,3.2,1.5,shrub
552626.38,4161322.09,-122.4038391,37.5974703,3.2,1.8,shrub
552131.38,4162890.09,-122.4093345,37.611631,3.2,2.4,shrub
551373.38,4162858.09,-122.4179248,37.6113852,3.2,1.6,shrub
552601.38,4162385.09,-122.4040459,37.6070526,3.2,2.3,shrub
552477.38,4161620.09,-122.4055055,37.6001647,3.2,2.5,shrub
552353.38,4161666.09,-122.4069069,37.6005864,3.2,2.0,shrub
552846.38,4163087.09,-122.4012195,37.6133657,3.2,2.7,shrub
552163.38,4163093.09,-122.4089575,37.6134588,3.2,2.6,shrub
553051.38,4162410.09,-122.398946,37.6072521,3.2,2.5,shrub
551248.38,4161895.09,-122.4194084,37.6027126,3.2,1.0,shrub
552429.38,4162573.09,-122.405981,37.6087569,3.2,2.0,shrub
552743.38,4161796.09,-122.4024796,37.6017358,3.2,2.6,shrub
552070.38,4161282.09,-122.4101401,37.5971415,3.2,3.3,shrub
553037.38,4161966.09,-122.3991368,37.6032511,3.2,1.8,shrub
551438.38,4161151.09,-122.4173083,37.5959963,3.2,2.0,shrub
552571.38,4162894.09,-122.4043491,37.611642,3.2,1.5,shrub
552804.38,4161944.09,-122.4017779,37.6030662,3.2,1.4,shrub
551291.38,4162946.09,-122.4188476,37.6121829,3.2,1.6,shrub
551572.38,4161110.09,-122.4157934,37.5956193,3.2,1.6,shrub
552753.38,4161699.09,-122.4023733,37.600861,3.2,1.5,shrub
551374.38,4162302.09,-122.4179525,37.6063739,3.2,1.5,shrub
551317.38,4162938.09,-122.4185536,37.6121094,3.2,3.0,shrub
552650.38,4161825.09,-122.403531,37.6020025,3.2,2.3,shrub
552818.38,4162473.09,-122.4015811,37.6078333,3.2,1.6,shrub
552932.38,4161877.09,-122.4003327,37.602455,3.2,1.4,shrub
553033.38,4162547.09,-122.39914,37.6084879,3.2,1.4,shrub
552409.38,4162510.09,-122.4062121,37.6081902,3.2,2.5,shrub
551773.38,4162641.09,-122.4134082,37.6094069,3.2,3.0,shrub
552542.38,4161821.09,-122.4047548,37.6019726,3.2,1.5,shrub
552713.38,4162746.09,-122.402751,37.6102999,3.2,2.8,shrub
551433.38,4162984.09,-122.4172361,37.6125175,3.2,1.5,shrub
552716.38,4163081.09,-122.4026929,37.6133191,3.2,1.6,shrub
551697.38,4162627.09,-122.4142702,37.609285,3.2,1.1,shrub
552649.38,4162736.09,-122.4034768,37.6102134,3.2,1.9,shrub
551419.38,4162285.09,-122.4174439,37.6062182,3.2,1.0,shrub
551570.38,4161703.09,-122.4157742,37.6009641,3.2,2.1,shrub
551940.38,4161168.09,-122.4116208,37.5961213,3.2,1.5,shrub
551204.38,4161466.09,-122.4199369,37.5988485,3.2,1.6,shrub
551859.38,4162525.09,-122.4124421,37.6083566,3.2,1.6,shrub
552284.38,4162863.09,-122.407603,37.6113789,3.2,1.6,shrub
551521.38,4162685.09,-122.4162601,37.6098177,3.2,2.5,shrub
551754.38,4161299.09,-122.4137184,37.5973125,3.2,2.6,shrub
552565.38,4163113.09,-122.4044014,37.6136161,3.2,1.1,shrub
552777.38,4163133.09,-122.401998,37.6137843,3.2,2.2,shrub
551736.38,4163132.09,-122.4137927,37.6138344,3.2,1.9,shrub
552040.38,4161431.09,-122.4104693,37.5984861,3.2,4.1,shrub
551321.38,4162299.09,-122.4185531,37.6063498,3.2,1.8,shrub
551220.38,4162377.09,-122.4196919,37.6070585,3.2,2.3,shrub
553191.38,4161711.09,-122.3974107,37.6009439,3.2,1.1,shrub
552731.38,4162594.09,-122.402558,37.6089289,3.2,3.4,shrub
553139.38,4161287.09,-122.3980306,37.5971254,3.2,1.5,shrub
552292.38,4161300.09,-122.4076241,37.5972911,3.2,1.7,shrub
552157.38,4162834.09,-122.409044,37.6111248,3.2,2.2,shrub
552024.38,4162581.09,-122.4105688,37.608852,3.2,1.3,shrub
552894.38,4162072.09,-122.4007491,37.6042147,3.2,1.9,shrub
551358.38,4162801.09,-122.4180987,37.6108723,3.2,1.4,shrub
551240.38,4161691.09,-122.4195134,37.6008744,3.2,2.0,shrub
551354.38,4161905.09,-122.4182069,37.6027969,3.2,1.1,shrub
552620.38,4161430.09,-122.4038993,37.5984441,3.2,1.9,shrub
551924.38,4161394.09,-122.411786,37.5981592,3.2,1.5,shrub
552555.38,4162941.09,-122.404527,37.6120665,3.2,2.0,shrub
551588.38,4161161.09,-122.4156085,37.5960781,3.2,1.1,shrub
551931.38,4161332.09,-122.4117111,37.5976,3.2,1.4,shrub
552919.38,4161576.09,-122.4005017,37.5997428,3.2,1.0,shrub
551722.38,4162929.09,-122.4139657,37.6120056,3.2,1.0,shrub
552569.38,4162310.09,-122.4044138,37.6063785,3.2,1.4,shrub
552322.38,4161230.09,-122.4072893,37.5966585,3.2,1.1,shrub
552639.38,4161822.09,-122.4036559,37.6019761,3.2,1.3,shrub
552676.38,4161865.09,-122.4032336,37.6023616,3.2,1.6,shrub
551459.38,4161737.09,-122.4170293,37.6012768,3.2,1.5,shrub
552665.38,4163049.09,-122.403273,37.6130336,3.2,1.7,shrub
552218.38,4161411.09,-122.4084544,37.5982958,3.2,1.1,shrub
552836.38,4161818.09,-122.4014245,37.6019288,3.2,1.3,shrub
552166.38,4162763.09,-122.408947,37.6104843,3.2,3.0,shrub
552941.38,4162136.09,-122.400212,37.6047889,3.2,1.1,shrub
552638.38,4162499.09,-122.4036185,37.608078,3.2,1.4,shrub
552262.38,4162454.09,-122.4078815,37.6076938,3.2,1.3,shrub
553044.38,4162419.09,-122.3990246,37.6073336,3.2,1.5,shrub
552432.38,4162487.09,-122.4059532,37.6079816,3.2,1.4,shrub
552616.38,4162346.09,-122.4038787,37.6067003,3.2,2.0,shrub
552702.38,4162638.09,-122.4028834,37.6093271,3.2,1.5,shrub
551334.38,4161574.09,-122.4184567,37.5998147,3.2,2.3,shrub
551584.38,4163045.09,-122.415521,37.6130588,3.2,2.5,shrub
552584.38,4161223.09,-122.404322,37.5965805,3.2,2.3,shrub
552669.38,4161829.09,-122.4033155,37.6020375,3.2,1.1,shrub
552682.38,4162688.09,-122.4031064,37.6097789,3.2,2.6,shrub
551788.38,4163003.09,-122.4132126,37.6126688,3.2,2.2,shrub
553038.38,4162127.09,-122.3991138,37.6047022,3.2,2.0,shrub
552789.38,4161475.09,-122.4019817,37.59884,3.2,1.1,shrub
551210.38,4162143.09,-122.4198216,37.60495,3.2,1.6,shrub
552905.38,4162829.09,-122.4005697,37.6110369,3.2,1.1,shrub
552610.38,4162579.09,-122.4039299,37.6088006,3.2,2.8,shrub
552069.38,4161471.09,-122.410138,37.598845,3.2,3.2,shrub
552627.38,4161802.09,-122.4037932,37.6017965,3.2,1.4,shrub
552677.38,4162608.09,-122.4031688,37.6090582,3.2,1.6,shrub
551429.38,4161116.09,-122.4174127,37.5956814,3.2,2.3,shrub
551731.38,4162587.09,-122.4138879,37.6089226,3.2,2.4,shrub
552661.38,4162551.09,-122.4033542,37.6085453,3.2,1.8,shrub
552387.38,4162277.09,-122.406478,37.6060914,3.2,1.3,shrub
552228.38,4163089.09,-122.4082213,37.613419,3.2,4.3,shrub
552249.38,4162693.09,-122.4080117,37.6098487,3.2,2.6,shrub
552615.38,4162202.09,-122.4039004,37.6054024,3.2,1.5,shrub
552495.38,4161763.09,-122.4052914,37.6014526,3.2,2.9,shrub
552604.38,4162316.09,-122.4040168,37.6064305,3.2,1.4,shrub
553203.38,4161677.09,-122.3972773,37.6006368,3.2,2.2,shrub
552602.38,4161432.09,-122.4041031,37.5984632,3.2,2.2,shrub
551745.38,4162961.09,-122.4137028,37.6122927,3.2,3.4,shrub
552728.38,4163116.09,-122.4025544,37.6136339,3.2,3.1,shrub
552907.38,4161530.09,-122.400641,37.5993289,3.2,3.2,shrub
552190.38,4161485.09,-122.4087663,37.5989643,3.2,1.8,shrub
552693.38,4161184.09,-122.4030901,37.5962227,3.2,2.4,shrub
551714.38,4162822.09,-122.4140639,37.6110416,3.2,2.0,shrub
552068.38,4161303.09,-122.4101613,37.5973309,3.2,1.6,shrub
553063.38,4161437.09,-122.3988806,37.5984817,3.2,1.1,shrub
553146.38,4162910.09,-122.3978334,37.6117531,3.2,0.8,shrub
552460.38,4162336.09,-122.4056468,37.606619,3.2,2.2,shrub
551752.38,4162220.09,-122.4136759,37.6056136,3.2,2.6,shrub
552004.38,4162997.09,-122.4107658,37.6126025,3.2,1.5,shrub
552380.38,4161176.09,-122.4066361,37.5961685,3.2,1.0,shrub
552785.38,4162504.09,-122.4019527,37.6081146,3.2,2.0,shrub
552527.38,4161649.09,-122.4049371,37.6004233,3.2,1.7,shrub
551866.38,4162904.09,-122.4123359,37.6117721,3.2,3.3,shrub
551968.38,4161339.09,-122.4112915,37.597661,3.2,1.1,shrub
552547.38,4162837.09,-122.4046252,37.6111296,3.2,1.6,shrub
552221.38,4162752.09,-122.4083247,37.6103821,3.2,2.9,shrub
552701.38,4161214.09,-122.4029973,37.5964926,3.2,2.3,shrub
552611.38,4163127.09,-122.4038792,37.6137397,3.2,1.5,shrub
552999.38,4162103.09,-122.3995573,37.6044881,3.2,2.2,shrub
552389.38,4161192.09,-122.406533,37.5963122,3.2,1.0,shrub
552278.38,4161102.09,-122.4077968,37.5955073,3.2,1.4,shrub
551973.38,4161333.09,-122.4112353,37.5976066,3.2,1.7,shrub
552287.38,4162445.09,-122.4075989,37.6076113,3.2,2.0,shrub
552751.38,4162666.09,-122.4023262,37.6095767,3.2,1.3,shrub
551423.38,4162710.09,-122.4173687,37.6100485,3.2,1.7,shrub
551594.38,4162513.09,-122.4154452,37.6082633,3.2,1.9,shrub
551713.38,4161655.09,-122.4141577,37.6005235,3.2,1.8,shrub
551803.38,4163129.09,-122.4130338,37.6138036,3.2,3.4,shrub
552497.38,4162252.09,-122.4052336,37.6058598,3.2,1.6,shrub
551368.38,4162923.09,-122.4179768,37.6119713,3.2,1.5,shrub
552536.38,4162562.09,-122.4047695,37.6086516,3.2,1.5,shrub
552356.38,4162781.09,-122.4067931,37.6106358,3.2,1.9,shrub
551859.38,4161501.09,-122.4125147,37.5991272,3.2,1.3,shrub
552646.38,4161731.09,-122.4035831,37.6011555,3.2,2.3,shrub
552489.38,4162956.09,-122.4052737,37.6122054,3.2,1.6,shrub
552790.38,4162602.09,-122.401889,37.6089976,3.2,1.9,shrub
552647.38,4161872.09,-122.4035616,37.6024263,3.2,2.9,shrub
551416.38,4162128.09,-122.4174889,37.6048033,3.2,1.5,shrub
552600.38,4161796.09,-122.4040995,37.601744,3.2,1.8,shrub
551216.38,4162576.09,-122.4197233,37.6088523,3.2,1.4,shrub
551261.38,4161455.09,-122.419292,37.5987462,3.2,1.1,shrub
551510.38,4161102.09,-122.4164962,37.5955507,3.2,2.0,shrub
552078.38,4162474.09,-122.4099646,37.6078845,3.2,3.0,shrub
553155.38,4162218.09,-122.3977817,37.6055156,3.2,1.6,shrub
552754.38,4162879.09,-122.4022769,37.6114963,3.2,1.9,shrub
551217.38,4162207.09,-122.4197378,37.6055264,3.2,3.4,shrub
552449.38,4162408.09,-122.4057662,37.6072686,3.2,1.9,shrub
552796.38,4162495.09,-122.4018288,37.6080329,3.2,2.0,shrub
552597.38,4161889.09,-122.4041268,37.6025824,3.2,1.4,shrub
551977.38,4162984.09,-122.4110726,37.6124869,3.2,1.4,shrub
551603.38,4161546.09,-122.4154115,37.5995472,3.2,2.8,shrub
551563.38,4162981.09,-122.4157634,37.6124832,3.2,1.4,shrub
551847.38,4161504.09,-122.4126504,37.599155,3.2,2.8,shrub
553092.38,4162444.09,-122.398479,37.6075562,3.2,1.0,shrub
551669.38,4162262.09,-122.4146133,37.6059969,3.2,1.0,shrub
551793.38,4162863.09,-122.4131659,37.6114067,3.2,2.7,shrub
552347.38,4161512.09,-122.4069859,37.5991987,3.2,1.5,shrub
552589.38,4162814.09,-122.404151,37.6109199,3.2,2.2,shrub
551781.38,4162833.09,-122.413304,37.611137,3.2,1.8,shrub
553201.38,4162468.09,-122.3972424,37.6077662,3.2,1.7,shrub
551608.38,4162645.09,-122.4152773,37.6094523,3.2,1.6,shrub
552419.38,4161326.09,-122.4061836,37.5975182,3.2,1.3,shrub
552094.38,4161339.09,-122.4098642,37.5976539,3.2,1.6,shrub
552365.38,4161648.09,-122.4067723,37.6004235,3.2,2.4,shrub
552913.38,4161545.09,-122.4005719,37.5994638,3.2,1.4,shrub
552110.38,4162427.09,-122.4096054,37.6074591,3.2,2.4,shrub
551405.38,4161561.09,-122.4176533,37.5996935,3.2,1.8,shrub
551953.38,4162693.09,-122.4113652,37.6098655,3.2,2.2,shrub
552725.38,4162630.09,-122.4026234,37.6092537,3.2,2.3,shrub
552546.38,4162565.09,-122.404656,37.6086781,3.2,2.3,shrub
551921.38,4162644.09,-122.4117312,37.6094256,3.2,2.1,shrub
552666.38,4161407.09,-122.4033799,37.5982342,3.2,3.4,shrub
552497.38,4162047.09,-122.4052483,37.6040122,3.2,1.8,shrub
551941.38,4162570.09,-122.4115099,37.6087575,3.2,1.5,shrub
553051.38,4162113.09,-122.3989675,37.6045752,3.2,2.5,shrub
551345.38,4161374.09,-122.4183461,37.5980114,3.2,2.9,shrub
552584.38,4162940.09,-122.4041986,37.6120558,3.2,2.0,shrub
553033.38,4162186.09,-122.3991661,37.6052342,3.1,1.4,shrub
551331.38,4162192.09,-122.4184473,37.6053849,3.1,1.4,shrub
552484.38,4162241.09,-122.4053817,37.6057614,3.1,1.3,shrub
553129.38,4161298.09,-122.3981431,37.5972251,3.1,2.0,shrub
551899.38,4162987.09,-122.4119562,37.6125184,3.1,1.6,shrub
552340.38,4161135.09,-122.4070922,37.5958012,3.1,2.3,shrub
552620.38,4163085.09,-122.4037802,37.6133606,3.1,1.4,shrub
551926.38,4161385.09,-122.411764,37.598078,3.1,1.8,shrub
551357.38,4162100.09,-122.4181593,37.6045542,3.1,1.8,shrub
551931.38,4161276.09,-122.4117151,37.5970952,3.1,1.9,shrub
552701.38,4162701.09,-122.4028902,37.609895,3.1,1.5,shrub
552382.38,4162400.09,-122.4065259,37.6072003,3.1,1.8,shrub
551949.38,4162971.09,-122.4113908,37.6123713,3.1,1.5,shrub
551453.38,4161662.09,-122.4171025,37.6006012,3.1,1.6,shrub
552697.38,4161917.09,-122.402992,37.602829,3.1,2.0,shrub
551848.38,4161493.09,-122.4126399,37.5990558,3.1,2.2,shrub
551361.38,4161477.09,-122.4181577,37.5989389,3.1,1.5,shrub
552940.38,4162632.09,-122.4001874,37.6092594,3.1,1.1,shrub
551690.38,4162993.09,-122.4143237,37.6125842,3.1,1.9,shrub
552394.38,4161498.09,-122.4064545,37.5990699,3.1,2.5,shrub
553049.38,4162039.09,-122.3989955,37.6039084,3.1,1.6,shrub
551917.38,4161388.09,-122.4118657,37.5981055,3.1,2.5,shrub
551223.38,4162636.09,-122.4196398,37.6093927,3.1,2.3,shrub
552054.38,4162816.09,-122.4102122,37.6109684,3.1,1.0,shrub
552668.38,4162414.09,-122.4032847,37.6073102,3.1,1.5,shrub
552468.38,4162881.09,-122.405517,37.6115307,3.1,4.5,shrub
551322.38,4161398.09,-122.418605,37.598229,3.1,1.7,shrub
552877.38,4161849.09,-122.4009578,37.6022058,3.1,2.0,shrub
552511.38,4162496.09,-122.4050575,37.6080582,3.1,2.5,shrub
552222.38,4161228.09,-122.4084222,37.5966461,3.1,1.0,shrub
553090.38,4162356.09,-122.3985081,37.6067631,3.1,1.0,shrub
551718.38,4161517.09,-122.4141108,37.5992794,3.1,1.7,shrub
551668.38,4161672.09,-122.4146663,37.6006792,3.1,2.1,shrub
552667.38,4162816.09,-122.4032671,37.6109334,3.1,2.2,shrub
552447.38,4162469.09,-122.4057845,37.6078185,3.1,2.9,shrub
551242.38,4161682.09,-122.4194913,37.6007932,3.1,1.6,shrub
553147.38,4162225.09,-122.3978718,37.6055791,3.1,1.9,shrub
551473.38,4161951.09,-122.4168556,37.6032048,3.1,1.4,shrub
552019.38,4163141.09,-122.4105856,37.6138996,3.1,3.9,shrub
553061.38,4161451.09,-122.3989022,37.598608,3.1,1.5,shrub
551845.38,4162997.09,-122.4125673,37.6126115,3.1,2.1,shrub
551773.38,4162300.09,-122.4134324,37.6063335,3.1,1.4,shrub
551685.38,4161851.09,-122.414461,37.6022916,3.1,2.6,shrub
551216.38,4161983.09,-122.4197648,37.6035076,3.1,1.4,shrub
551795.38,4161289.09,-122.4132547,37.5972201,3.1,1.7,shrub
551257.38,4161699.09,-122.4193202,37.6009456,3.1,1.0,shrub
552143.38,4162758.09,-122.409208,37.6104406,3.1,2.8,shrub
552506.38,4163051.09,-122.4050743,37.6130607,3.1,1.5,shrub
551467.38,4161404.09,-122.4169621,37.598275,3.1,1.9,shrub
552828.38,4161926.09,-122.4015073,37.6029026,3.1,2.0,shrub
552897.38,4161147.09,-122.400782,37.5958775,3.1,1.4,shrub
552919.38,4162215.09,-122.4004555,37.6055022,3.1,2.1,shrub
551508.38,4162602.09,-122.4164133,37.6090703,3.1,1.0,shrub
552662.38,4162456.09,-122.4033497,37.607689,3.1,1.1,shrub
552661.38,4163141.09,-122.4033117,37.613863,3.1,2.0,shrub
551971.38,4161266.09,-122.4112627,37.5970029,3.1,1.3,shrub
552034.38,4162934.09,-122.4104304,37.612033,3.1,1.3,shrub
551641.38,4161848.09,-122.4149597,37.602267,3.1,1.0,shrub
551768.38,4163083.09,-122.4134336,37.613391,3.1,2.7,shrub
553128.38,4162599.09,-122.3980599,37.6089511,3.1,3.3,shrub
551778.38,4162153.09,-122.4133861,37.6050083,3.1,1.7,shrub
552251.38,4163011.09,-122.4079663,37.6127147,3.1,1.5,shrub
552311.38,4161597.09,-122.4073876,37.5999669,3.1,2.0,shrub
553031.38,4162136.09,-122.3991924,37.6047837,3.1,2.6,shrub
552843.38,4162021.09,-122.4013305,37.603758,3.1,1.4,shrub
552627.38,4161824.09,-122.4037917,37.6019948,3.1,1.7,shrub
551337.38,4162340.09,-122.418369,37.6067185,3.1,1.8,shrub
551647.38,4163092.09,-122.4148039,37.6134789,3.1,1.4,shrub
552660.38,4161259.09,-122.4034585,37.5969006,3.1,3.2,shrub
552984.38,4162944.09,-122.3996663,37.6120689,3.1,1.4,shrub
552148.38,4161642.09,-122.4092309,37.6003817,3.1,2.4,shrub
552571.38,4162638.09,-122.4043675,37.6093346,3.1,1.1,shrub
552745.38,4161932.09,-122.4024471,37.6029615,3.1,3.1,shrub
551851.38,4162994.09,-122.4124995,37.6125842,3.1,1.6,shrub
551490.38,4161630.09,-122.4166856,37.6003107,3.1,1.1,shrub
552634.38,4161157.09,-122.4037603,37.5959827,3.1,1.7,shrub
552882.38,4162883.09,-122.4008264,37.611525,3.1,2.1,shrub
552434.38,4162399.09,-122.4059368,37.6071883,3.1,1.3,shrub
552637.38,4161241.09,-122.4037203,37.5967397,3.1,1.9,shrub
552469.38,4161331.09,-122.4056169,37.5975604,3.1,1.8,shrub
552454.38,4163127.09,-122.405658,37.6137487,3.1,1.7,shrub
552408.38,4162221.09,-122.4062441,37.6055855,3.1,2.4,shrub
551380.38,4161587.09,-122.4179347,37.5999293,3.1,1.5,shrub
551364.38,4162997.09,-122.418017,37.6126385,3.1,2.0,shrub
552651.38,4161414.09,-122.4035493,37.5982981,3.1,3.7,shrub
552263.38,4162407.09,-122.4078735,37.6072702,3.1,1.6,shrub
552657.38,4163040.09,-122.4033643,37.6129529,3.1,2.1,shrub
551547.38,4161502.09,-122.4160489,37.5991538,3.1,2.7,shrub
552350.38,4163096.09,-122.4068386,37.6134752,3.1,2.1,shrub
552656.38,4161805.09,-122.4034645,37.6018219,3.1,2.5,shrub
552368.38,4161606.09,-122.4067413,37.6000448,3.1,1.6,shrub
552426.38,4161318.09,-122.4061049,37.5974457,3.1,1.5,shrub
552119.38,4162687.09,-122.409485,37.609802,3.1,1.7,shrub
552531.38,4162419.09,-122.4048365,37.6073631,3.1,1.9,shrub
553076.38,4162006.09,-122.3986921,37.6036094,3.1,1.6,shrub
553028.38,4162545.09,-122.3991968,37.6084702,3.1,1.0,shrub
553059.38,4161785.09,-122.3989007,37.6016185,3.1,1.4,shrub
552621.38,4162493.09,-122.4038115,37.6080249,3.1,1.5,shrub
553074.38,4162376.09,-122.3986879,37.6069443,3.1,1.6,shrub
552230.38,4161372.09,-122.4083213,37.5979436,3.1,2.5,shrub
552723.38,4162479.09,-122.4026569,37.6078929,3.1,1.6,shrub
551424.38,4161613.09,-122.4174345,37.6001611,3.1,1.9,shrub
552944.38,4162537.09,-122.400149,37.6084029,3.1,1.6,shrub
552626.38,4161426.09,-122.4038316,37.5984077,3.1,2.5,shrub
553087.38,4161332.09,-122.3986163,37.597534,3.1,1.7,shrub
553123.38,4161295.09,-122.3982112,37.5971984,3.1,1.3,shrub
551353.38,4162314.09,-122.4181895,37.6064832,3.1,1.4,shrub
552084.38,4161415.09,-122.409972,37.5983394,3.1,1.5,shrub
551473.38,4162841.09,-122.416793,37.6112264,3.1,4.3,shrub
551440.38,4162237.09,-122.4172093,37.6057844,3.1,2.0,shrub
551607.38,4162680.09,-122.4152862,37.6097678,3.1,2.0,shrub
552057.38,4161310.09,-122.4102854,37.5973946,3.1,2.7,shrub
551527.38,4162200.09,-122.4162263,37.605446,3.1,1.8,shrub
551441.38,4161915.09,-122.4172207,37.6028821,3.1,1.3,shrub
552549.38,4161289.09,-122.4047137,37.5971773,3.1,1.6,shrub
553161.38,4161512.09,-122.397765,37.5991521,3.1,2.6,shrub
552632.38,4161423.09,-122.4037639,37.5983803,3.1,2.6,shrub
551684.38,4161780.09,-122.4144774,37.6016517,3.1,1.5,shrub
551829.38,4163134.09,-122.4127388,37.6138472,3.1,1.7,shrub
552736.38,4162438.09,-122.4025126,37.6075226,3.1,2.6,shrub
552568.38,4162816.09,-122.4043887,37.6109391,3.1,1.8,shrub
552024.38,4163074.09,-122.4105337,37.6132954,3.1,1.7,shrub
552873.38,4161612.09,-122.4010202,37.60007,3.1,1.0,shrub
552873.38,4161887.09,-122.4010003,37.6025485,3.1,1.9,shrub
551499.38,4162278.09,-122.416538,37.6061506,3.1,1.9,shrub
551770.38,4162936.09,-122.4134213,37.612066,3.1,3.0,shrub
551371.38,4161332.09,-122.4180546,37.5976314,3.1,1.7,shrub
551203.38,4161350.09,-122.4199564,37.597803,3.1,2.0,shrub
551352.38,4162107.09,-122.4182154,37.6046176,3.1,1.8,shrub
552951.38,4162317.09,-122.4000856,37.6064196,3.1,2.2,shrub
552995.38,4162054.09,-122.3996062,37.6040467,3.1,1.6,shrub
551665.38,4162670.09,-122.4146298,37.6096744,3.1,2.6,shrub
552306.38,4161142.09,-122.4074768,37.5958663,3.1,1.0,shrub
552584.38,4162826.09,-122.4042067,37.6110283,3.1,1.7,shrub
551755.38,4162901.09,-122.4135937,37.6117513,3.1,2.6,shrub
551442.38,4161158.09,-122.4172625,37.5960592,3.1,2.3,shrub
551523.38,4161156.09,-122.4163452,37.5960366,3.1,1.7,shrub
552959.38,4161972.09,-122.40002,37.6033097,3.1,1.6,shrub
552744.38,4161712.09,-122.4024743,37.6009787,3.1,1.6,shrub
553060.38,4161368.09,-122.3989196,37.59786,3.1,1.6,shrub
551356.38,4161634.09,-122.4182033,37.6003542,3.1,1.9,shrub
552394.38,4161641.09,-122.4064443,37.6003587,3.1,1.4,shrub
552804.38,4161632.09,-122.4018004,37.6002542,3.1,1.1,shrub
552630.38,4162170.09,-122.4037328,37.6051132,3.1,1.4,shrub
552703.38,4163072.09,-122.4028408,37.6132387,3.1,1.4,shrub
551825.38,4161378.09,-122.4129086,37.5980206,3.1,1.0,shrub
552311.38,4163032.09,-122.407285,37.6129006,3.1,2.9,shrub
552013.38,4161109.09,-122.4107981,37.5955854,3.1,2.9,shrub
551299.38,4161890.09,-122.418831,37.6026647,3.1,2.0,shrub
551635.38,4162943.09,-122.4149504,37.6121366,3.1,1.7,shrub
552173.38,4162473.09,-122.4088884,37.6078701,3.1,1.4,shrub
552594.38,4162411.09,-122.4041233,37.6072874,3.1,1.1,shrub
552523.38,4162995.09,-122.4048857,37.612555,3.1,1.5,shrub
553208.38,4162771.09,-122.397141,37.6104967,3.1,1.4,shrub
551792.38,4163077.09,-122.4131621,37.6133356,3.1,1.4,shrub
551251.38,4161960.09,-122.4193699,37.6032983,3.1,1.6,shrub
553199.38,4162816.09,-122.3972397,37.6109028,3.1,1.3,shrub
552993.38,4162838.09,-122.399572,37.611113,3.1,3.8,shrub
552246.38,4162914.09,-122.4080299,37.6118407,3.1,1.3,shrub
551455.38,4162022.09,-122.4170545,37.6038457,3.1,1.3,shrub
551211.38,4162149.09,-122.4198098,37.605004,3.1,2.0,shrub
552720.38,4162429.09,-122.4026945,37.6074424,3.1,2.0,shrub
551193.38,4162650.09,-122.4199787,37.6095205,3.1,2.5,shrub
551501.38,4161946.09,-122.4165388,37.6031582,3.1,1.4,shrub
551873.38,4162230.09,-122.4123044,37.605697,3.1,2.3,shrub
552295.38,4161552.09,-122.4075721,37.5995622,3.1,1.8,shrub
552879.38,4161975.09,-122.400926,37.6033413,3.1,2.8,shrub
552659.38,4161367.09,-122.403462,37.597874,3.1,1.1,shrub
551350.38,4162113.09,-122.4182376,37.6046718,3.1,1.4,shrub
551942.38,4162660.09,-122.4114922,37.6095687,3.1,1.5,shrub
552479.38,4161302.09,-122.4055057,37.5972985,3.1,1.0,shrub
552620.38,4162614.09,-122.4038141,37.6091155,3.1,2.5,shrub
552828.38,4161981.09,-122.4015033,37.6033983,3.1,2.0,shrub
551231.38,4162019.09,-122.4195923,37.6038312,3.1,1.5,shrub
551596.38,4162937.09,-122.4153926,37.6120848,3.1,1.4,shrub
552636.38,4161321.09,-122.4037259,37.5974608,3.1,1.1,shrub
552357.38,4162787.09,-122.4067814,37.6106898,3.1,1.5,shrub
551451.38,4162115.09,-122.4170933,37.6046842,3.1,1.0,shrub
552734.38,4162349.09,-122.4025417,37.6067205,3.1,1.3,shrub
552854.38,4162975.09,-122.401137,37.6123558,3.1,1.8,shrub
552523.38,4162286.09,-122.4049366,37.6061648,3.1,2.3,shrub
553048.38,4162742.09,-122.3989559,37.6102446,3.1,1.4,shrub
552318.38,4161627.09,-122.4073062,37.6002369,3.1,2.4,shrub
552639.38,4161420.09,-122.4036848,37.5983529,3.1,2.3,shrub
552437.38,4163007.09,-122.4058592,37.6126681,3.1,1.5,shrub
553198.38,4162256.09,-122.3972918,37.6058556,3.1,1.9,shrub
552657.38,4162430.09,-122.4034082,37.607455,3.1,1.5,shrub
552480.38,4162316.09,-122.4054216,37.6064376,3.1,1.6,shrub
551289.38,4162336.09,-122.4189131,37.6066851,3.1,1.7,shrub
552384.38,4161491.09,-122.4065683,37.5990074,3.1,1.8,shrub
552411.38,4162241.09,-122.4062087,37.6057656,3.1,1.4,shrub
551872.38,4161251.09,-122.4123852,37.5968733,3.1,1.7,shrub
553090.38,4162153.09,-122.3985228,37.6049335,3.1,1.0,shrub
552203.38,4161234.09,-122.408637,37.5967013,3.1,1.5,shrub
553037.38,4162431.09,-122.3991031,37.6074422,3.1,1.0,shrub
552967.38,4162554.09,-122.3998872,37.6085548,3.1,1.1,shrub
552718.38,4162485.09,-122.4027132,37.6079472,3.1,2.3,shrub
552632.38,4163122.09,-122.4036416,37.6136934,3.1,1.7,shrub
551435.38,4161744.09,-122.4173006,37.6013412,3.1,0.8,shrub
551236.38,4161953.09,-122.4195403,37.6032361,3.1,1.5,shrub
551310.38,4161617.09,-122.4187256,37.6002036,3.1,1.6,shrub
551436.38,4162942.09,-122.4172051,37.6121388,3.1,2.4,shrub
553000.38,4161151.09,-122.399615,37.5959076,3.1,2.1,shrub
552948.38,4162267.09,-122.4001232,37.6059692,3.1,1.1,shrub
551611.38,4162801.09,-122.4152323,37.6108581,3.1,1.4,shrub
552012.38,4162987.09,-122.4106759,37.612512,3.1,1.5,shrub
553042.38,4162318.09,-122.3990546,37.6064234,3.1,1.0,shrub
551621.38,4162713.09,-122.4151252,37.6100644,3.1,1.7,shrub
552474.38,4162515.09,-122.4054753,37.6082316,3.1,1.3,shrub
551227.38,4162405.09,-122.4196106,37.6073105,3.1,1.9,shrub
552600.38,4161678.09,-122.404108,37.6006805,3.1,1.3,shrub
552620.38,4161820.09,-122.4038712,37.6019592,3.1,1.6,shrub
551532.38,4162881.09,-122.4161217,37.6115836,3.1,2.0,shrub
551366.38,4161392.09,-122.418107,37.5981725,3.1,2.8,shrub
552121.38,4161565.09,-122.4095422,37.5996893,3.1,1.1,shrub
551586.38,4161673.09,-122.4155951,37.6006928,3.1,1.9,shrub
551756.38,4162112.09,-122.4136382,37.60464,3.1,3.1,shrub
552956.38,4162157.09,-122.4000405,37.6049773,3.1,1.7,shrub
552333.38,4162643.09,-122.4070636,37.6093933,3.1,1.5,shrub
551612.38,4162994.09,-122.4152073,37.6125976,3.1,1.4,shrub
551924.38,4161182.09,-122.411801,37.5962484,3.1,1.3,shrub
553172.38,4161183.09,-122.3976643,37.5961861,3.1,2.5,shrub
551884.38,4162651.09,-122.4121499,37.6094908,3.1,1.5,shrub
551645.38,4163113.09,-122.4148251,37.6136683,3.1,1.9,shrub
551634.38,4162001.09,-122.4150282,37.6036464,3.1,2.1,shrub
552431.38,4162376.09,-122.4059724,37.6069812,3.1,2.8,shrub
552087.38,4161487.09,-122.4099329,37.5989882,3.1,3.0,shrub
551652.38,4161815.09,-122.4148374,37.601969,3.1,1.7,shrub
552221.38,4161235.09,-122.408433,37.5967093,3.1,2.8,shrub
552163.38,4162841.09,-122.4089755,37.6111875,3.1,2.0,shrub
552380.38,4161629.09,-122.4066037,37.6002514,3.1,0.8,shrub
553204.38,4162246.09,-122.3972245,37.6057651,3.1,4.2,shrub
551788.38,4162917.09,-122.4132187,37.6118937,3.1,1.6,shrub
552174.38,4162994.09,-122.4088399,37.6125659,3.1,2.0,shrub
552345.38,4163049.09,-122.4068986,37.6130519,3.1,1.5,shrub
552440.38,4161620.09,-122.4059247,37.6001669,3.1,2.0,shrub
551412.38,4162703.09,-122.4174938,37.609986,3.1,1.5,shrub
552408.38,4162471.09,-122.4062262,37.6078388,3.1,1.3,shrub
552806.38,4162506.09,-122.4017147,37.6081314,3.1,1.4,shrub
552856.38,4161277.09,-122.401237,37.5970516,3.1,1.5,shrub
552700.38,4163056.09,-122.4028759,37.6130947,3.1,2.5,shrub
552007.38,4161258.09,-122.4108554,37.5969287,3.1,2.0,shrub
552002.38,4161116.09,-122.4109222,37.5956492,3.1,1.6,shrub
551855.38,4161330.09,-122.4125721,37.5975862,3.1,1.6,shrub
551208.38,4162239.09,-122.4198375,37.6058154,3.1,1.1,shrub
552500.38,4162516.09,-122.4051807,37.6082391,3.1,1.8,shrub
552732.38,4162406.09,-122.4025602,37.6072344,3.1,2.1,shrub
551992.38,4162950.09,-122.4109051,37.6121796,3.0,1.3,shrub
551196.38,4161467.09,-122.4200275,37.5988579,3.0,1.9,shrub
552451.38,4162326.09,-122.4057495,37.6065294,3.0,1.5,shrub
552315.38,4161349.09,-122.4073601,37.5977314,3.0,1.4,shrub
552829.38,4161889.09,-122.4014987,37.6025691,3.0,1.7,shrub
551972.38,4162834.09,-122.4111399,37.6111352,3.0,1.6,shrub
551370.38,4162741.09,-122.417967,37.6103309,3.0,1.8,shrub
552116.38,4162362.09,-122.4095421,37.6068729,3.0,2.1,shrub
551844.38,4163031.09,-122.4125762,37.612918,3.0,1.4,shrub
552863.38,4162275.09,-122.4010856,37.6060462,3.0,1.5,shrub
552323.38,4162196.09,-122.4072089,37.605365,3.0,1.0,shrub
552794.38,4163069.09,-122.40181,37.6132065,3.0,1.8,shrub
552551.38,4161148.09,-122.4047012,37.5959064,3.0,1.6,shrub
552682.38,4162740.09,-122.4031026,37.6102476,3.0,1.5,shrub
551517.38,4162242.09,-122.4163367,37.6058251,3.0,2.2,shrub
552747.38,4162912.09,-122.4023538,37.6117941,3.0,1.3,shrub
553086.38,4161114.09,-122.3986435,37.5955692,3.0,2.3,shrub
551549.38,4162026.09,-122.4159894,37.6038765,3.0,1.9,shrub
552242.38,4163082.09,-122.4080632,37.6133552,3.0,1.6,shrub
552299.38,4161322.09,-122.4075432,37.597489,3.0,1.0,shrub
552421.38,4161776.09,-122.4061287,37.601574,3.0,1.9,shrub
551357.38,4162167.09,-122.4181546,37.6051581,3.0,1.3,shrub
552665.38,4162989.09,-122.4032773,37.6124928,3.0,0.8,shrub
552515.38,4161664.09,-122.4050719,37.6005591,3.0,1.6,shrub
552199.38,4162432.09,-122.4085968,37.6074991,3.0,1.1,shrub
553210.38,4162247.09,-122.3971565,37.6057738,3.0,0.8,shrub
553141.38,4162502.09,-122.3979197,37.6080761,3.0,1.3,shrub
551914.38,4161404.09,-122.4118985,37.5982499,3.0,2.4,shrub
552303.38,4161177.09,-122.4075083,37.5961819,3.0,1.6,shrub
552679.38,4162825.09,-122.4031305,37.6110139,3.0,1.1,shrub
552846.38,4162016.09,-122.4012969,37.6037128,3.0,2.3,shrub
552879.38,4161884.09,-122.4009326,37.6025212,3.0,1.8,shrub
551373.38,4161885.09,-122.4179931,37.6026155,3.0,2.1,shrub
552518.38,4161596.09,-122.4050428,37.5999461,3.0,1.4,shrub
552985.38,4161482.09,-122.3997609,37.5988918,3.0,1.1,shrub
552349.38,4161720.09,-122.4069484,37.6010733,3.0,1.8,shrub
552817.38,4162953.09,-122.4015578,37.6121596,3.0,1.3,shrub
551276.38,4162082.09,-122.4190781,37.6043965,3.0,1.0,shrub
551220.38,4161445.09,-122.4197571,37.5986583,3.0,1.3,shrub
551496.38,4162553.09,-122.4165527,37.6086294,3.0,1.0,shrub
552035.38,4161342.09,-122.4105323,37.5976842,3.0,1.4,shrub
551461.38,4161322.09,-122.4170358,37.5975363,3.0,1.5,shrub
551960.38,4161320.09,-122.4113834,37.5974902,3.0,1.7,shrub
552268.38,4161596.09,-122.4078748,37.5999603,3.0,2.3,shrub
552858.38,4162273.09,-122.4011424,37.6060284,3.0,1.6,shrub
551703.38,4162755.09,-122.4141932,37.6104384,3.0,2.5,shrub
552662.38,4162908.09,-122.4033171,37.6117629,3.0,1.3,shrub
552609.38,4163078.09,-122.4039054,37.6132982,3.0,1.4,shrub
552427.38,4162644.09,-122.4059986,37.6093969,3.0,2.3,shrub
552684.38,4162507.09,-122.4030968,37.6081475,3.0,1.5,shrub
552427.38,4162663.09,-122.4059972,37.6095682,3.0,1.0,shrub
551289.38,4162068.09,-122.4189319,37.6042696,3.0,1.7,shrub
551948.38,4162264.09,-122.4114523,37.6059992,3.0,1.0,shrub
551833.38,4163072.09,-122.4126979,37.6132882,3.0,1.3,shrub
553138.38,4162038.09,-122.3979874,37.6038942,3.0,1.0,shrub
551379.38,4162806.09,-122.4178604,37.6109162,3.0,1.8,shrub
552483.38,4161196.09,-122.405468,37.5963429,3.0,1.6,shrub
553221.38,4162159.09,-122.3970383,37.60498,3.0,1.3,shrub
553122.38,4162745.09,-122.3981173,37.6102673,3.0,1.6,shrub
552121.38,4162362.09,-122.4094855,37.6068727,3.0,4.0,shrub
551373.38,4162825.09,-122.4179271,37.6110878,3.0,1.1,shrub
552631.38,4162775.09,-122.4036779,37.610566,3.0,2.6,shrub
552024.38,4162690.09,-122.410561,37.6098344,3.0,1.8,shrub
552744.38,4162889.09,-122.4023895,37.611587,3.0,1.3,shrub
551924.38,4161439.09,-122.4117828,37.5985648,3.0,1.7,shrub
551974.38,4161223.09,-122.4112317,37.5966151,3.0,1.7,shrub
551325.38,4162991.09,-122.4184592,37.6125866,3.0,1.7,shrub
552036.38,4162374.09,-122.4104476,37.6069856,3.0,1.1,shrub
551687.38,4162417.09,-122.4143984,37.6073929,3.0,1.0,shrub
552658.38,4162502.09,-122.4033917,37.6081039,3.0,2.0,shrub
552406.38,4161558.09,-122.4063143,37.59961,3.0,1.8,shrub
551334.38,4161399.09,-122.418469,37.5982374,3.0,2.4,shrub
552487.38,4162322.09,-122.4053419,37.6064913,3.0,1.5,shrub
551536.38,4161710.09,-122.4161589,37.6010291,3.0,1.8,shrub
553077.38,4161127.09,-122.3987445,37.5956869,3.0,1.4,shrub
551921.38,4162474.09,-122.4117433,37.6078934,3.0,1.5,shrub
551436.38,4161541.09,-122.4173036,37.5995115,3.0,1.7,shrub
551406.38,4161552.09,-122.4176427,37.5996123,3.0,1.8,shrub
552277.38,4163096.09,-122.4076657,37.6134793,3.0,1.6,shrub
552182.38,4161247.09,-122.4088739,37.5968197,3.0,1.3,shrub
551812.38,4162773.09,-122.412957,37.6105945,3.0,1.8,shrub
552739.38,4162667.09,-122.4024621,37.6095864,3.0,1.1,shrub
553011.38,4162336.09,-122.3994045,37.6065874,3.0,1.1,shrub
551382.38,4162262.09,-122.4178647,37.6060129,3.0,1.9,shrub
551582.38,4161141.09,-122.4156779,37.5958981,3.0,2.1,shrub
552729.38,4162537.09,-122.4025848,37.6084153,3.0,2.0,shrub
552616.38,4161325.09,-122.4039522,37.597498,3.0,1.1,shrub
551459.38,4162929.09,-122.4169454,37.6120203,3.0,1.4,shrub
552641.38,4162581.09,-122.4035786,37.6088169,3.0,1.7,shrub
552712.38,4162623.09,-122.4027712,37.6091914,3.0,1.6,shrub
552979.38,4162134.09,-122.3997817,37.6047686,3.0,1.4,shrub
552932.38,4162280.09,-122.4003035,37.6060873,3.0,1.1,shrub
551508.38,4161261.09,-122.4165077,37.5969838,3.0,3.1,shrub
551792.38,4162849.09,-122.4131782,37.6112806,3.0,2.0,shrub
551913.38,4162705.09,-122.4118176,37.6099759,3.0,1.7,shrub
553030.38,4162255.09,-122.3991951,37.6058563,3.0,1.1,shrub
552847.38,4161916.09,-122.4012928,37.6028114,3.0,1.7,shrub
552677.38,4162539.09,-122.4031738,37.6084363,3.0,2.1,shrub
552391.38,4162748.09,-122.406399,37.6103363,3.0,2.3,shrub
552858.38,4161141.09,-122.4012242,37.5958257,3.0,1.1,shrub
551272.38,4162991.09,-122.4190597,37.6125896,3.0,1.1,shrub
553019.38,4162164.09,-122.3993263,37.6050367,3.0,1.3,shrub
551682.38,4162987.09,-122.4144147,37.6125306,3.0,1.3,shrub
552665.38,4162477.09,-122.4033142,37.6078782,3.0,1.6,shrub
551912.38,4161471.09,-122.4119164,37.5988539,3.0,2.0,shrub
551867.38,4161417.09,-122.41243,37.5983697,3.0,2.0,shrub
552494.38,4161527.09,-122.4053196,37.5993256,3.0,1.1,shrub
552033.38,4161358.09,-122.4105538,37.5978286,3.0,1.3,shrub
551534.38,4162735.09,-122.4161093,37.6102676,3.0,1.1,shrub
551802.38,4162549.09,-122.4130862,37.6085761,3.0,1.8,shrub
553056.38,4161374.09,-122.3989645,37.5979143,3.0,1.4,shrub
552739.38,4162342.09,-122.4024856,37.6066572,3.0,1.1,shrub
552202.38,4162717.09,-122.4085425,37.6100677,3.0,1.4,shrub
551674.38,4161790.09,-122.4145899,37.6017424,3.0,2.6,shrub
552137.38,4162744.09,-122.409277,37.6103147,3.0,1.1,shrub
552817.38,4161740.09,-122.4016454,37.6012268,3.0,1.1,shrub
551275.38,4162443.09,-122.4190642,37.6076503,3.0,0.8,shrub
551632.38,4161614.09,-122.4150782,37.6001585,3.0,1.5,shrub
551670.38,4162279.09,-122.4146007,37.60615,3.0,1.8,shrub
552646.38,4162694.09,-122.4035138,37.6098351,3.0,1.4,shrub
553078.38,4162371.09,-122.3986429,37.606899,3.0,1.6,shrub
552079.38,4161372.09,-122.4100317,37.5979521,3.0,1.4,shrub
551307.38,4162190.09,-122.4187194,37.6053682,3.0,1.0,shrub
552366.38,4161554.09,-122.4067677,37.5995762,3.0,1.7,shrub
551502.38,4161715.09,-122.4165437,37.6010761,3.0,2.4,shrub
552128.38,4162867.09,-122.4093702,37.6114238,3.0,1.6,shrub
551422.38,4161898.09,-122.4174371,37.60273,3.0,2.0,shrub
552235.38,4162130.09,-122.4082105,37.6047752,3.0,0.8,shrub
552137.38,4162737.09,-122.4092775,37.6102516,3.0,1.4,shrub
551568.38,4162701.09,-122.4157265,37.6099593,3.0,1.6,shrub
551467.38,4161195.09,-122.4169768,37.5963913,3.0,1.7,shrub
551540.38,4161902.09,-122.4161,37.6027594,3.0,2.0,shrub
552694.38,4162521.09,-122.4029825,37.6082731,3.0,1.3,shrub
552972.38,4162003.09,-122.3998704,37.6035883,3.0,2.4,shrub
552656.38,4162903.09,-122.4033855,37.6117182,3.0,1.6,shrub
552577.38,4162831.09,-122.4042857,37.6110738,3.0,3.3,shrub
551573.38,4161477.09,-122.4157562,37.598927,3.0,1.4,shrub
552436.38,4162575.09,-122.4059015,37.6087745,3.0,1.4,shrub
551873.38,4162902.09,-122.4122568,37.6117537,3.0,2.3,shrub
552057.38,4162510.09,-122.4102,37.6082102,3.0,1.1,shrub
552137.38,4162666.09,-122.4092825,37.6096117,3.0,1.7,shrub
551976.38,4162940.09,-122.4110871,37.6120904,3.0,1.3,shrub
552334.38,4162431.09,-122.4070674,37.6074825,3.0,0.8,shrub
551853.38,4163046.09,-122.4124731,37.6130527,3.0,1.3,shrub
552177.38,4161123.09,-122.4089394,37.5957023,3.0,1.1,shrub
552364.38,4162573.09,-122.4067174,37.6087606,3.0,0.8,shrub
551791.38,4163018.09,-122.4131776,37.6128038,3.0,1.5,shrub
552014.38,4162936.09,-122.4106568,37.6120522,3.0,1.5,shrub
552903.38,4161568.09,-122.4006836,37.5996717,3.0,0.8,shrub
551277.38,4161811.09,-122.4190858,37.6019539,3.0,1.4,shrub
552494.38,4161699.09,-122.4053073,37.6008758,3.0,1.1,shrub
552929.38,4162763.09,-122.4003026,37.6104407,3.0,1.1,shrub
551453.38,4161743.09,-122.4170968,37.6013312,3.0,1.5,shrub
552956.38,4161398.09,-122.4000955,37.5981364,3.0,1.5,shrub
551263.38,4162204.09,-122.4192169,37.6054968,3.0,1.9,shrub
551817.38,4161490.09,-122.4129912,37.5990305,3.0,1.7,shrub
553165.38,4161200.09,-122.3977424,37.5963398,3.0,1.3,shrub
552642.38,4161713.09,-122.4036297,37.6009935,3.0,1.1,shrub
552964.38,4161229.09,-122.4000171,37.5966127,3.0,1.3,shrub
552650.38,4162428.09,-122.4034876,37.6074374,3.0,1.3,shrub
552203.38,4162823.09,-122.4085236,37.611023,3.0,2.1,shrub
552610.38,4161513.09,-122.4040066,37.5991927,3.0,1.4,shrub
551460.38,4162139.09,-122.4169897,37.6049,3.0,2.6,shrub
552298.38,4161516.09,-122.4075407,37.5992376,3.0,1.6,shrub
552629.38,4162805.09,-122.4036984,37.6108365,3.0,1.4,shrub
551290.38,4161293.09,-122.4189748,37.5972844,3.0,1.6,shrub
552797.38,4161365.09,-122.401899,37.5978481,3.0,2.4,shrub
552839.38,4162821.09,-122.401318,37.6109686,3.0,1.3,shrub
552869.38,4161880.09,-122.4010462,37.6024857,3.0,1.4,shrub
551585.38,4163034.09,-122.4155104,37.6129596,3.0,1.9,shrub
552377.38,4161497.09,-122.4066471,37.5990618,3.0,1.6,shrub
551366.38,4161593.09,-122.4180929,37.5999841,3.0,1.8,shrub
551427.38,4161244.09,-122.4174264,37.5968352,3.0,1.7,shrub
552411.38,4161677.09,-122.4062491,37.6006822,3.0,1.1,shrub
552928.38,4161582.09,-122.4003994,37.5997964,3.0,1.0,shrub
552447.38,4161800.09,-122.4058325,37.6017888,3.0,1.7,shrub
551227.38,4162598.09,-122.4195971,37.60905,3.0,2.3,shrub
552710.38,4162497.09,-122.4028029,37.6080558,3.0,1.6,shrub
551551.38,4162015.09,-122.4159675,37.6037773,3.0,1.5,shrub
551969.38,4161284.09,-122.411284,37.5971652,3.0,1.0,shrub
551642.38,4162924.09,-122.4148724,37.611965,3.0,1.6,shrub
551415.38,4162139.09,-122.4174994,37.6049025,3.0,1.7,shrub
551637.38,4161401.09,-122.4150365,37.5982384,3.0,1.5,shrub
552718.38,4161335.09,-122.402796,37.5975822,3.0,1.0,shrub
552605.38,4162757.09,-122.4039738,37.6104052,3.0,1.0,shrub
551769.38,4161270.09,-122.4135506,37.5970503,3.0,1.3,shrub
551751.38,4162627.09,-122.4136585,37.609282,3.0,1.6,shrub
552406.38,4162295.09,-122.4062615,37.6062526,3.0,1.0,shrub
551528.38,4162964.09,-122.4161612,37.6123319,3.0,2.3,shrub
552548.38,4161710.09,-122.4046948,37.6009719,3.0,0.8,shrub
551275.38,4162398.09,-122.4190673,37.6072447,3.0,1.3,shrub
552284.38,4162732.09,-122.4076124,37.6101982,3.0,3.3,shrub
553119.38,4162757.09,-122.3981504,37.6103757,3.0,0.6,shrub
551668.38,4163012.09,-122.4145716,37.6127567,3.0,1.7,shrub
551260.38,4162153.09,-122.4192544,37.6050373,3.0,1.4,shrub
551506.38,4162583.09,-122.4164373,37.6088992,3.0,1.0,shrub
552748.38,4162271.09,-122.4023887,37.6060167,3.0,1.5,shrub
551924.38,4161331.09,-122.4117904,37.5975914,3.0,1.4,shrub
552211.38,4162835.09,-122.4084321,37.6111307,3.0,2.0,shrub
552672.38,4162752.09,-122.4032151,37.6103563,3.0,1.3,shrub
551223.38,4161337.09,-122.4197307,37.5976847,3.0,1.3,shrub
551268.38,4162962.09,-122.4191071,37.6123284,3.0,0.8,shrub
552760.38,4162161.09,-122.4022607,37.6050246,3.0,1.5,shrub
552940.38,4162353.09,-122.4002076,37.6067447,3.0,1.6,shrub
552409.38,4161755.09,-122.4062662,37.6013854,3.0,1.4,shrub
551297.38,4161647.09,-122.4188707,37.6004747,3.0,1.4,shrub
552731.38,4162632.09,-122.4025553,37.6092714,3.0,1.3,shrub
552827.38,4162918.09,-122.401447,37.6118436,3.0,1.1,shrub
552180.38,4162956.09,-122.4087747,37.612223,3.0,1.3,shrub
552127.38,4163078.09,-122.4093664,37.6133256,3.0,2.3,shrub
551984.38,4162707.09,-122.411013,37.6099899,3.0,1.4,shrub
553071.38,4162752.09,-122.3986946,37.6103334,3.0,3.1,shrub
552355.38,4162774.09,-122.406805,37.6105727,3.0,2.0,shrub
551709.38,4161569.09,-122.4142091,37.5997486,3.0,2.3,shrub
551420.38,4162183.09,-122.4174397,37.6052988,3.0,2.0,shrub
551462.38,4161431.09,-122.4170168,37.5985186,3.0,1.3,shrub
552272.38,4162777.09,-122.4077451,37.6106045,3.0,1.0,shrub
553065.38,4162070.09,-122.398812,37.6041869,3.0,3.0,shrub
551812.38,4161253.09,-122.4130647,37.5968947,3.0,1.8,shrub
552924.38,4162142.09,-122.4004042,37.6048439,3.0,1.5,shrub
551208.38,4162046.09,-122.419851,37.6040758,3.0,1.3,shrub
552980.38,4161914.09,-122.3997863,37.6027857,3.0,1.7,shrub
552363.38,4161252.09,-122.4068233,37.5968544,3.0,1.5,shrub
551215.38,4162530.09,-122.4197378,37.6084378,3.0,1.8,shrub
552111.38,4162879.09,-122.4095619,37.611533,3.0,1.1,shrub
552215.38,4162842.09,-122.4083863,37.6111936,3.0,1.7,shrub
552643.38,4161317.09,-122.4036469,37.5974243,3.0,0.8,shrub
552673.38,4162641.09,-122.4032117,37.6093558,3.0,1.0,shrub
551744.38,4162668.09,-122.4137349,37.6096519,3.0,2.7,shrub
553154.38,4162709.09,-122.3977573,37.609941,3.0,1.6,shrub
552660.38,4162725.09,-122.403353,37.6101137,3.0,1.4,shrub
553031.38,4161997.09,-122.3992025,37.6035309,3.0,1.9,shrub
552044.38,4163082.09,-122.4103066,37.6133664,3.0,1.0,shrub
552412.38,4162712.09,-122.4061636,37.6100107,3.0,0.8,shrub
552075.38,4161352.09,-122.4100785,37.5977721,3.0,1.4,shrub
552526.38,4161322.09,-122.4049719,37.5974761,3.0,1.3,shrub
551567.38,4162966.09,-122.4157192,37.6123478,3.0,1.6,shrub
551506.38,4162231.09,-122.4164621,37.6057266,3.0,1.5,shrub
552671.38,4162480.09,-122.403246,37.6079048,3.0,1.6,shrub
552557.38,4162517.09,-122.4045349,37.6082449,3.0,1.5,shrub
552898.38,4161475.09,-122.4007469,37.5988337,3.0,1.4,shrub
552806.38,4163006.09,-122.4016786,37.6126379,3.0,2.0,shrub
552627.38,4162251.09,-122.4037609,37.6058434,3.0,1.3,shrub
551238.38,4161460.09,-122.4195522,37.5987925,3.0,1.0,shrub
552849.38,4162229.09,-122.4012475,37.6056324,3.0,1.3,shrub
551673.38,4161896.09,-122.4145938,37.6026979,3.0,1.6,shrub
553061.38,4162392.09,-122.398834,37.6070893,3.0,1.1,shrub
551372.38,4162985.09,-122.4179272,37.6125299,3.0,1.5,shrub
552834.38,4161492.09,-122.4014707,37.5989906,3.0,0.6,shrub
552190.38,4161507.09,-122.4087647,37.5991626,3.0,1.3,shrub
551192.38,4161455.09,-122.4200736,37.59875,3.0,1.9,shrub
552962.38,4161346.09,-122.4000313,37.5976674,3.0,1.3,shrub
552489.38,4162535.09,-122.405304,37.608411,3.0,1.1,shrub
551302.38,4161338.09,-122.4188358,37.5976894,3.0,1.5,shrub
551211.38,4161348.09,-122.4198659,37.5977846,3.0,1.6,shrub
552581.38,4161768.09,-122.4043168,37.6014927,3.0,1.6,shrub
552398.38,4162177.09,-122.4063606,37.6051895,3.0,1.1,shrub
551389.38,4162357.09,-122.4177787,37.6068688,3.0,1.6,shrub
551768.38,4163089.09,-122.4134332,37.6134451,3.0,2.9,shrub
551364.38,4161949.09,-122.4180906,37.6031929,3.0,1.0,shrub
552810.38,4162882.09,-122.4016422,37.6115201,3.0,3.4,shrub
551582.38,4161594.09,-122.415646,37.599981,3.0,2.0,shrub
551498.38,4161138.09,-122.4166296,37.5958758,3.0,1.0,shrub
551976.38,4161342.09,-122.4112006,37.5976876,3.0,1.4,shrub
551614.38,4162480.09,-122.415221,37.6079648,3.0,1.8,shrub
553190.38,4162270.09,-122.3973814,37.6059822,3.0,1.7,shrub
551396.38,4162835.09,-122.4176658,37.6111766,3.0,1.3,shrub
552939.38,4161410.09,-122.4002872,37.5982455,3.0,1.0,shrub
551252.38,4161852.09,-122.4193661,37.6023249,3.0,1.3,shrub
551363.38,4162957.09,-122.4180311,37.6122781,3.0,1.6,shrub
552714.38,4162651.09,-122.4027465,37.6094436,3.0,1.1,shrub
551822.38,4162956.09,-122.4128308,37.6122433,2.9,1.7,shrub
552999.38,4162777.09,-122.3995085,37.6105629,2.9,1.0,shrub
552831.38,4161750.09,-122.401486,37.6013162,2.9,1.1,shrub
552722.38,4161330.09,-122.4027511,37.597537,2.9,1.1,shrub
551486.38,4161277.09,-122.4167558,37.5971293,2.9,1.3,shrub
553099.38,4162627.09,-122.3983864,37.6092051,2.9,0.8,shrub
552934.38,4162031.09,-122.4002989,37.6038429,2.9,1.6,shrub
551874.38,4162665.09,-122.4122622,37.6096176,2.9,1.4,shrub
552992.38,4161428.09,-122.3996855,37.5984047,2.9,1.1,shrub
552407.38,4162713.09,-122.4062202,37.61002,2.9,0.8,shrub
552847.38,4161234.09,-122.401342,37.5966645,2.9,1.1,shrub
552368.38,4162993.09,-122.406642,37.6125458,2.9,2.1,shrub
552551.38,4161201.09,-122.4046974,37.5963841,2.9,1.6,shrub
552576.38,4162397.09,-122.4043282,37.6071622,2.9,1.3,shrub
552680.38,4162259.09,-122.4031599,37.6059125,2.9,1.9,shrub
552558.38,4162581.09,-122.4045189,37.6088216,2.9,1.6,shrub
551481.38,4162107.09,-122.416754,37.6046104,2.9,1.5,shrub
552675.38,4162746.09,-122.4031815,37.6103021,2.9,0.8,shrub
552616.38,4162956.09,-122.4038348,37.6121982,2.9,1.3,shrub
552341.38,4162299.09,-122.4069976,37.6062923,2.9,1.3,shrub
553060.38,4162067.09,-122.3988689,37.6041601,2.9,2.1,shrub
551953.38,4162789.09,-122.4113584,37.6107307,2.9,2.0,shrub
552145.38,4162460.09,-122.4092066,37.6077546,2.9,1.1,shrub
552706.38,4161943.09,-122.4028882,37.6030629,2.9,1.6,shrub
552286.38,4162385.09,-122.4076145,37.6070706,2.9,1.3,shrub
552119.38,4162502.09,-122.4094981,37.6081346,2.9,1.0,shrub
551341.38,4162843.09,-122.4182884,37.6112518,2.9,1.1,shrub
551250.38,4161325.09,-122.4194257,37.5975751,2.9,1.9,shrub
551794.38,4163063.09,-122.4131404,37.6132093,2.9,1.9,shrub
552388.38,4162593.09,-122.4064441,37.6089395,2.9,1.4,shrub
552451.38,4161651.09,-122.4057978,37.6004456,2.9,1.0,shrub
552552.38,4163009.09,-122.4045561,37.6126795,2.9,1.0,shrub
552067.38,4162969.09,-122.410054,37.6123466,2.9,1.1,shrub
553087.38,4162003.09,-122.3985677,37.6035817,2.9,1.5,shrub
552662.38,4162697.09,-122.4033323,37.6098612,2.9,3.4,shrub
552768.38,4162141.09,-122.4021715,37.6048439,2.9,1.4,shrub
551933.38,4162698.09,-122.4115915,37.6099117,2.9,1.4,shrub
552354.38,4162402.09,-122.4068429,37.6072199,2.9,2.1,shrub
552495.38,4162957.09,-122.4052057,37.6122141,2.9,1.3,shrub
552668.38,4161321.09,-122.4033634,37.5974589,2.9,1.1,shrub
551450.38,4162854.09,-122.4170526,37.6113449,2.9,2.6,shrub
551474.38,4162720.09,-122.4167902,37.6101358,2.9,1.5,shrub
552484.38,4162787.09,-122.4053425,37.6106825,2.9,1.1,shrub
552603.38,4162021.09,-122.4040494,37.6037718,2.9,1.1,shrub
551311.38,4161672.09,-122.4187104,37.6006992,2.9,1.0,shrub
551819.38,4161267.09,-122.4129844,37.5970204,2.9,1.4,shrub
552663.38,4161801.09,-122.4033855,37.6017855,2.9,2.0,shrub
551563.38,4161555.09,-122.4158639,37.5996306,2.9,2.1,shrub
552569.38,4162841.09,-122.4043756,37.6111644,2.9,1.6,shrub
553214.38,4161591.09,-122.3971589,37.599861,2.9,1.1,shrub
552211.38,4163039.09,-122.4084175,37.6129694,2.9,0.8,shrub
551704.38,4161646.09,-122.4142603,37.6004429,2.9,1.1,shrub
551357.38,4161200.09,-122.4182224,37.5964425,2.9,1.5,shrub
552007.38,4161269.09,-122.4108547,37.5970279,2.9,1.3,shrub
551475.38,4162849.09,-122.4167698,37.6112984,2.9,2.2,shrub
552814.38,4161929.09,-122.4016657,37.6029305,2.9,1.3,shrub
552084.38,4162411.09,-122.4099011,37.6073164,2.9,1.1,shrub
551366.38,4162790.09,-122.4180088,37.6107727,2.9,1.8,shrub
551699.38,4162210.09,-122.4142771,37.6055265,2.9,2.5,shrub
551466.38,4162058.09,-122.4169274,37.6041696,2.9,1.6,shrub
551538.38,4162125.09,-122.416107,37.6047694,2.9,1.6,shrub
553087.38,4162051.09,-122.3985642,37.6040143,2.9,1.6,shrub
553012.38,4161393.09,-122.3994615,37.5980881,2.9,1.1,shrub
551853.38,4161230.09,-122.4126019,37.5966851,2.9,1.1,shrub
552621.38,4162485.09,-122.4038121,37.6079528,2.9,1.0,shrub
552776.38,4161218.09,-122.4021475,37.5965244,2.9,1.7,shrub
551795.38,4163000.09,-122.4131335,37.6126414,2.9,2.0,shrub
552625.38,4161752.09,-122.4038195,37.601346,2.9,1.0,shrub
552140.38,4162895.09,-122.4092322,37.6116755,2.9,1.5,shrub
552909.38,4161551.09,-122.4006168,37.5995181,2.9,1.3,shrub
552427.38,4162945.09,-122.405977,37.6121098,2.9,1.1,shrub
552802.38,4161625.09,-122.4018236,37.6001912,2.9,0.8,shrub
552547.38,4161814.09,-122.4046986,37.6019093,2.9,1.6,shrub
551855.38,4162667.09,-122.4124774,37.6096367,2.9,1.5,shrub
551433.38,4161976.09,-122.417307,37.6034324,2.9,1.7,shrub
552071.38,4161479.09,-122.4101148,37.598917,2.9,1.8,shrub
552268.38,4163053.09,-122.4077707,37.6130923,2.9,1.6,shrub
551353.38,4161977.09,-122.4182132,37.6034458,2.9,1.4,shrub
551483.38,4162291.09,-122.4167184,37.6062687,2.9,1.9,shrub
551989.38,4161441.09,-122.4110463,37.5985791,2.9,1.0,shrub
552649.38,4162860.09,-122.4034679,37.611331,2.9,1.4,shrub
552475.38,4161347.09,-122.4055478,37.5977043,2.9,1.3,shrub
551225.38,4162604.09,-122.4196194,37.6091042,2.9,1.3,shrub
551249.38,4162594.09,-122.4193481,37.6090127,2.9,1.0,shrub
552222.38,4162745.09,-122.4083139,37.6103189,2.9,1.1,shrub
551299.38,4162458.09,-122.4187912,37.6077841,2.9,2.2,shrub
551822.38,4161280.09,-122.4129495,37.5971374,2.9,1.0,shrub
551626.38,4162842.09,-122.4150595,37.6112268,2.9,1.3,shrub
552839.38,4162496.09,-122.4013415,37.6080394,2.9,1.1,shrub
553188.38,4162219.09,-122.3974078,37.6055227,2.9,0.8,shrub
553037.38,4162056.09,-122.3991302,37.6040623,2.9,1.3,shrub
552616.38,4163132.09,-122.4038222,37.6137845,2.9,1.1,shrub
552707.38,4162434.09,-122.4028414,37.6074882,2.9,1.3,shrub
552014.38,4162666.09,-122.410676,37.6096187,2.9,1.4,shrub
551591.38,4162800.09,-122.415459,37.6108503,2.9,1.4,shrub
552761.38,4162212.09,-122.4022457,37.6054842,2.9,1.3,shrub
551499.38,4163016.09,-122.4164861,37.6128022,2.9,0.8,shrub
552122.38,4162998.09,-122.4094288,37.6126049,2.9,1.1,shrub
552021.38,4162370.09,-122.4106178,37.6069504,2.9,1.8,shrub
552073.38,4161104.09,-122.4101188,37.595537,2.9,1.0,shrub
551496.38,4162815.09,-122.4165342,37.6109908,2.9,1.5,shrub
552383.38,4163099.09,-122.4064645,37.6135004,2.9,1.3,shrub
551626.38,4161723.09,-122.4151384,37.6011413,2.9,1.3,shrub
551805.38,4161438.09,-122.4131309,37.5985625,2.9,1.8,shrub
551927.38,4162812.09,-122.4116513,37.6109395,2.9,1.5,shrub
551508.38,4162049.09,-122.4164522,37.6040861,2.9,0.8,shrub
552326.38,4161224.09,-122.4072444,37.5966042,2.9,1.1,shrub
552978.38,4162412.09,-122.3997728,37.6072743,2.9,2.1,shrub
552399.38,4162421.09,-122.4063318,37.6073886,2.9,1.0,shrub
552553.38,4161553.09,-122.4046494,37.5995565,2.9,0.8,shrub
551281.38,4162089.09,-122.419021,37.6044593,2.9,1.1,shrub
552750.38,4162036.09,-122.402383,37.6038985,2.9,2.9,shrub
553020.38,4162141.09,-122.3993167,37.6048294,2.9,1.6,shrub
551888.38,4162943.09,-122.4120839,37.6121224,2.9,1.1,shrub
552849.38,4162288.09,-122.4012433,37.6061641,2.9,1.1,shrub
552160.38,4162406.09,-122.4090405,37.607267,2.9,1.1,shrub
551682.38,4162758.09,-122.4144309,37.6104666,2.9,1.4,shrub
551688.38,4162944.09,-122.4143498,37.6121427,2.9,2.2,shrub
553032.38,4162044.09,-122.3991878,37.6039544,2.9,1.6,shrub
552803.38,4162487.09,-122.40175,37.6079604,2.9,1.3,shrub
551809.38,4162759.09,-122.412992,37.6104685,2.9,1.1,shrub
551581.38,4162515.09,-122.4155924,37.6082821,2.9,1.0,shrub
552659.38,4161828.09,-122.4034289,37.602029,2.9,1.6,shrub
551893.38,4163011.09,-122.4120224,37.612735,2.9,1.1,shrub
551472.38,4162119.09,-122.4168551,37.604719,2.9,1.0,shrub
551911.38,4162834.09,-122.4118311,37.6111387,2.9,1.7,shrub
552434.38,4163064.09,-122.4058891,37.613182,2.9,1.1,shrub
552865.38,4163054.09,-122.4010066,37.6130672,2.9,1.1,shrub
552422.38,4161358.09,-122.4061474,37.5978065,2.9,1.6,shrub
551628.38,4162703.09,-122.4150466,37.6099739,2.9,1.4,shrub
551275.38,4161719.09,-122.4191149,37.6011248,2.9,1.7,shrub
553069.38,4161976.09,-122.3987735,37.6033394,2.9,1.9,shrub
551274.38,4161458.09,-122.4191445,37.5987725,2.9,1.4,shrub
553215.38,4162700.09,-122.3970669,37.6098564,2.9,1.6,shrub
551554.38,4162994.09,-122.4158645,37.6126009,2.9,1.4,shrub
552606.38,4162377.09,-122.4039898,37.6069802,2.9,1.4,shrub
552335.38,4161696.09,-122.4071087,37.6008578,2.9,2.0,shrub
552852.38,4162874.09,-122.4011669,37.6114456,2.9,1.0,shrub
552840.38,4162755.09,-122.4013115,37.6103737,2.9,0.8,shrub
552794.38,4162646.09,-122.4018405,37.609394,2.9,1.0,shrub
551201.38,4162382.09,-122.4199068,37.6071046,2.9,1.0,shrub
551351.38,4161586.09,-122.4182633,37.5999219,2.9,2.2,shrub
551793.38,4162856.09,-122.4131664,37.6113436,2.9,1.1,shrub
552920.38,4162770.09,-122.400404,37.6105043,2.9,2.0,shrub
552949.38,4162312.09,-122.4001086,37.6063747,2.9,0.8,shrub
552813.38,4162480.09,-122.4016372,37.6078967,2.9,1.0,shrub
552397.38,4161620.09,-122.4064118,37.6001693,2.9,1.4,shrub
551400.38,4162103.09,-122.4176719,37.6045789,2.9,1.7,shrub
552755.38,4162899.09,-122.4022641,37.6116765,2.9,1.1,shrub
553049.38,4161979.09,-122.3989999,37.6033676,2.9,1.0,shrub
551212.38,4161394.09,-122.4198513,37.5981991,2.9,1.8,shrub
551240.38,4162003.09,-122.4194915,37.6036865,2.9,1.3,shrub
552700.38,4161871.09,-122.4029613,37.6024143,2.9,0.6,shrub
552663.38,4161858.09,-122.4033814,37.6022992,2.9,1.1,shrub
552815.38,4161870.09,-122.4016586,37.6023986,2.9,0.6,shrub
551782.38,4162811.09,-122.4132942,37.6109387,2.9,1.6,shrub
552400.38,4162253.09,-122.4063325,37.6058744,2.9,1.0,shrub
551855.38,4162576.09,-122.4124838,37.6088165,2.9,1.3,shrub
552907.38,4162257.09,-122.4005884,37.6058814,2.9,1.5,shrub
552425.38,4162284.09,-122.406047,37.6061524,2.9,1.3,shrub
551245.38,4162481.09,-122.4194014,37.6079944,2.9,1.0,shrub
551501.38,4161216.09,-122.4165901,37.5965786,2.9,1.0,shrub
552191.38,4161537.09,-122.4087513,37.5994329,2.9,1.0,shrub
551621.38,4162793.09,-122.4151196,37.6107855,2.9,1.1,shrub
552762.38,4161333.09,-122.4022977,37.5975617,2.9,1.0,shrub
551950.38,4162942.09,-122.4113815,37.6121099,2.9,1.6,shrub
552200.38,4161592.09,-122.4086454,37.5999281,2.9,0.8,shrub
551249.38,4162341.09,-122.4193659,37.6067324,2.9,1.6,shrub
553193.38,4162212.09,-122.3973516,37.6054593,2.9,1.8,shrub
551622.38,4162724.09,-122.4151131,37.6101635,2.9,1.1,shrub
552620.38,4161703.09,-122.4038797,37.6009047,2.9,0.6,shrub
551537.38,4162471.09,-122.4160939,37.607888,2.9,1.4,shrub
551334.38,4161932.09,-122.4184316,37.6030413,2.9,1.0,shrub
551267.38,4162072.09,-122.4191808,37.6043069,2.9,2.6,shrub
552250.38,4162407.09,-122.4080208,37.6072709,2.9,1.0,shrub
552773.38,4161775.09,-122.4021413,37.6015448,2.9,1.6,shrub
551568.38,4161859.09,-122.4157859,37.6023703,2.9,1.7,shrub
553171.38,4162080.09,-122.3976105,37.6042709,2.9,1.1,shrub
552192.38,4162835.09,-122.4086473,37.6111318,2.9,1.3,shrub
553051.38,4161974.09,-122.3989776,37.6033224,2.9,1.3,shrub
552988.38,4162093.09,-122.3996827,37.6043986,2.9,1.1,shrub
552961.38,4162324.09,-122.3999718,37.6064822,2.9,2.2,shrub
552960.38,4161460.09,-122.4000457,37.598695,2.9,2.7,shrub
552279.38,4162388.09,-122.4076936,37.607098,2.9,0.8,shrub
551875.38,4162603.09,-122.4122553,37.6090587,2.9,1.6,shrub
552589.38,4161215.09,-122.4042659,37.5965081,2.9,0.8,shrub
553041.38,4161206.09,-122.3991465,37.596401,2.9,1.1,shrub
551308.38,4161172.09,-122.4187794,37.5961929,2.9,2.3,shrub
552009.38,4161289.09,-122.4108306,37.597208,2.9,1.4,shrub
552264.38,4161655.09,-122.4079159,37.6004923,2.9,2.0,shrub
551700.38,4162772.09,-122.414226,37.6105918,2.9,0.8,shrub
552788.38,4162863.09,-122.4018928,37.6113501,2.9,1.1,shrub
552693.38,4162741.09,-122.4029779,37.610256,2.9,1.1,shrub
552519.38,4161657.09,-122.4050271,37.6004958,2.9,2.0,shrub
552623.38,4162945.09,-122.4037563,37.6120986,2.9,1.3,shrub
551208.38,4162197.09,-122.4198404,37.6054368,2.9,1.9,shrub
551740.38,4161285.09,-122.413878,37.5971871,2.9,1.4,shrub
552689.38,4162872.09,-122.4030138,37.6114369,2.9,0.6,shrub
552560.38,4162905.09,-122.404473,37.6117417,2.9,1.0,shrub
551379.38,4162815.09,-122.4178598,37.6109973,2.9,0.8,shrub
552473.38,4161495.09,-122.4055598,37.5990383,2.9,0.8,shrub
553177.38,4161209.09,-122.3976058,37.5964202,2.9,1.0,shrub
552087.38,4162428.09,-122.4098659,37.6074694,2.9,1.4,shrub
551843.38,4162406.09,-122.4126318,37.6072849,2.9,1.3,shrub
552478.38,4161834.09,-122.4054789,37.6020935,2.9,1.5,shrub
551390.38,4162920.09,-122.4177278,37.6119431,2.9,1.4,shrub
552628.38,4163081.09,-122.4036899,37.6133241,2.9,1.3,shrub
551333.38,4162135.09,-122.4184287,37.604871,2.9,1.5,shrub
552199.38,4162693.09,-122.4085782,37.6098515,2.9,1.0,shrub
552358.38,4161621.09,-122.4068535,37.6001805,2.9,1.6,shrub
551366.38,4161622.09,-122.4180909,37.6002455,2.9,1.0,shrub
553185.38,4162276.09,-122.3974376,37.6060366,2.9,1.1,shrub
553041.38,4162426.09,-122.3990581,37.6073969,2.9,1.0,shrub
552104.38,4162727.09,-122.409652,37.6101634,2.9,1.1,shrub
551491.38,4161119.09,-122.4167102,37.5957049,2.9,1.0,shrub
552711.38,4161334.09,-122.4028754,37.5975736,2.9,1.1,shrub
551270.38,4162077.09,-122.4191465,37.6043518,2.9,2.8,shrub
552311.38,4162586.09,-122.4073169,37.6088808,2.9,0.6,shrub
552871.38,4162008.09,-122.4010143,37.6036392,2.9,1.7,shrub
551391.38,4162351.09,-122.4177564,37.6068146,2.9,2.2,shrub
552230.38,4162771.09,-122.4082214,37.6105528,2.9,1.1,shrub
551398.38,4161277.09,-122.4177526,37.5971342,2.9,2.6,shrub
551581.38,4162748.09,-122.4155759,37.6103821,2.9,1.5,shrub
552821.38,4162947.09,-122.4015129,37.6121053,2.9,1.8,shrub
553096.38,4161847.09,-122.398477,37.6021752,2.9,1.3,shrub
552191.38,4161567.09,-122.4087491,37.5997033,2.9,1.0,shrub
552559.38,4161803.09,-122.4045635,37.6018094,2.9,2.3,shrub
552398.38,4163034.09,-122.4062992,37.6129137,2.9,1.1,shrub
552950.38,4161742.09,-122.4001386,37.6012372,2.9,1.9,shrub
552614.38,4161428.09,-122.4039674,37.5984264,2.9,1.5,shrub
551480.38,4161843.09,-122.4167839,37.602231,2.9,1.3,shrub
551993.38,4163020.09,-122.4108888,37.6128105,2.9,1.0,shrub
552459.38,4162928.09,-122.4056156,37.6119548,2.9,1.1,shrub
551994.38,4161324.09,-122.410998,37.5975243,2.9,1.4,shrub
551545.38,4162858.09,-122.415976,37.6113756,2.9,1.5,shrub
551366.38,4161281.09,-122.4181148,37.597172,2.9,1.5,shrub
552060.38,4162463.09,-122.4101693,37.6077864,2.9,1.3,shrub
552109.38,4161891.09,-122.409655,37.6026282,2.9,1.1,shrub
552364.38,4161574.09,-122.4067889,37.5997566,2.9,0.6,shrub
552695.38,4162993.09,-122.4029371,37.6125271,2.9,1.1,shrub
551478.38,4161536.09,-122.4168282,37.5994641,2.9,1.0,shrub
552771.38,4162228.09,-122.4021312,37.6056278,2.9,1.0,shrub
551229.38,4162219.09,-122.419601,37.6056339,2.9,1.5,shrub
552216.38,4162725.09,-122.4083833,37.610139,2.8,1.1,shrub
551215.38,4162027.09,-122.419773,37.6039042,2.8,1.0,shrub
551750.38,4162794.09,-122.413658,37.6107872,2.8,0.6,shrub
552280.38,4163102.09,-122.4076312,37.6135333,2.8,2.4,shrub
551545.38,4161531.09,-122.4160695,37.5994153,2.8,1.1,shrub
552780.38,4162750.09,-122.4019916,37.6103321,2.8,2.0,shrub
552516.38,4161850.09,-122.4050472,37.6022355,2.8,1.1,shrub
552232.38,4162420.09,-122.4082238,37.6073891,2.8,1.7,shrub
552373.38,4161532.09,-122.40669,37.5993775,2.8,1.0,shrub
552854.38,4161232.09,-122.4012629,37.5966461,2.8,0.8,shrub
552983.38,4162323.09,-122.3997227,37.6064719,2.8,1.1,shrub
551959.38,4162454.09,-122.4113142,37.607711,2.8,1.1,shrub
551703.38,4161400.09,-122.414289,37.5982257,2.8,1.6,shrub
552322.38,4161320.09,-122.4072828,37.5974697,2.8,1.1,shrub
552947.38,4162306.09,-122.4001317,37.6063207,2.8,1.0,shrub
552108.38,4162780.09,-122.409603,37.6106408,2.8,2.1,shrub
552599.38,4162374.09,-122.4040693,37.6069536,2.8,1.0,shrub
551765.38,4162761.09,-122.4134904,37.610489,2.8,1.0,shrub
551929.38,4162917.09,-122.4116212,37.6118857,2.8,1.4,shrub
552058.38,4162954.09,-122.410157,37.6122119,2.8,1.1,shrub
551746.38,4162891.09,-122.4136964,37.6116617,2.8,1.0,shrub
551726.38,4162892.09,-122.4139229,37.6116719,2.8,0.8,shrub
551591.38,4162086.09,-122.4155093,37.6044149,2.8,1.1,shrub
552273.38,4161621.09,-122.4078164,37.6001854,2.8,1.4,shrub
552301.38,4161635.09,-122.4074982,37.60031,2.8,1.3,shrub
551521.38,4161199.09,-122.4163648,37.5964243,2.8,1.1,shrub
551481.38,4161288.09,-122.4168116,37.5972287,2.8,1.0,shrub
551939.38,4162540.09,-122.4115347,37.6084873,2.8,1.8,shrub
552487.38,4163082.09,-122.4052874,37.6133412,2.8,1.1,shrub
551285.38,4161443.09,-122.419021,37.5986367,2.8,2.0,shrub
551784.38,4163058.09,-122.4132541,37.6131648,2.8,1.0,shrub
551813.38,4161273.09,-122.4130519,37.5970749,2.8,1.3,shrub
552544.38,4162136.09,-122.4047095,37.6048116,2.8,0.8,shrub
551822.38,4161262.09,-122.4129508,37.5969752,2.8,0.8,shrub
551415.38,4161512.09,-122.4175435,37.5992513,2.8,1.0,shrub
552022.38,4161291.09,-122.4106832,37.5972253,2.8,0.8,shrub
552915.38,4162027.09,-122.4005144,37.6038079,2.8,1.1,shrub
552267.38,4162870.09,-122.4077951,37.611443,2.8,1.5,shrub
552160.38,4162755.09,-122.4090156,37.6104126,2.8,1.4,shrub
551737.38,4162751.09,-122.4138083,37.6104004,2.8,1.1,shrub
552326.38,4161692.09,-122.4072109,37.6008223,2.8,1.1,shrub
551395.38,4161905.09,-122.4177425,37.6027946,2.8,1.4,shrub
551600.38,4162841.09,-122.4153541,37.6112193,2.8,1.0,shrub
551208.38,4161907.09,-122.4198607,37.602823,2.8,0.8,shrub
552028.38,4162332.09,-122.4105412,37.6066075,2.8,1.1,shrub
552425.38,4161524.09,-122.4061015,37.5993025,2.8,0.8,shrub
552831.38,4163105.09,-122.4013882,37.6135288,2.8,1.0,shrub
551830.38,4162965.09,-122.4127395,37.612324,2.8,1.6,shrub
552686.38,4162985.09,-122.4030397,37.6124556,2.8,0.6,shrub
551223.38,4162084.09,-122.4196784,37.6044175,2.8,1.0,shrub
551273.38,4162387.09,-122.4190908,37.6071457,2.8,1.3,shrub
552997.38,4162364.09,-122.3995611,37.6068406,2.8,0.6,shrub
552617.38,4162470.09,-122.4038585,37.6078178,2.8,1.4,shrub
552857.38,4161212.09,-122.4012304,37.5964657,2.8,1.1,shrub
551865.38,4161339.09,-122.4124582,37.5976668,2.8,1.1,shrub
551860.38,4161250.09,-122.4125212,37.5968649,2.8,1.1,shrub
552322.38,4161311.09,-122.4072835,37.5973885,2.8,1.0,shrub
552676.38,4161695.09,-122.4032459,37.6008293,2.8,1.1,shrub
552531.38,4161802.09,-122.4048808,37.601802,2.8,1.1,shrub
551209.38,4162578.09,-122.4198024,37.6088707,2.8,1.6,shrub
551889.38,4163060.09,-122.4120643,37.6131769,2.8,1.1,shrub
552820.38,4161541.09,-122.4016257,37.5994331,2.8,0.6,shrub
552383.38,4162966.09,-122.406474,37.6123016,2.8,0.8,shrub
552548.38,4161231.09,-122.4047292,37.5966546,2.8,1.1,shrub
552957.38,4161200.09,-122.4000985,37.5963518,2.8,0.6,shrub
552894.38,4161852.09,-122.400765,37.6022319,2.8,1.0,shrub
551465.38,4162281.09,-122.416923,37.6061796,2.8,1.8,shrub
553167.38,4161317.09,-122.3977112,37.5973942,2.8,1.0,shrub
552688.38,4163109.09,-122.4030081,37.6135731,2.8,0.8,shrub
552088.38,4161583.09,-122.4099148,37.5998534,2.8,0.8,shrub
551276.38,4162606.09,-122.4190414,37.6091193,2.8,0.8,shrub
553157.38,4162715.09,-122.3977229,37.6099949,2.8,1.8,shrub
551969.38,4162575.09,-122.4111923,37.608801,2.8,1.0,shrub
551933.38,4161238.09,-122.4116951,37.5967526,2.8,0.8,shrub
553036.38,4161211.09,-122.3992028,37.5964463,2.8,1.3,shrub
551451.38,4161314.09,-122.4171496,37.5974647,2.8,0.8,shrub
551564.38,4162012.09,-122.4158204,37.6037495,2.8,2.1,shrub
552652.38,4161771.09,-122.4035123,37.6015157,2.8,1.1,shrub
552218.38,4163080.09,-122.4083353,37.6133385,2.8,1.0,shrub
553069.38,4161212.09,-122.3988289,37.5964535,2.8,0.8,shrub
551268.38,4161467.09,-122.4192119,37.5988539,2.8,1.1,shrub
552143.38,4163004.09,-122.4091904,37.6126578,2.8,1.4,shrub
552171.38,4161183.09,-122.4090031,37.5962435,2.8,1.4,shrub
552695.38,4163028.09,-122.4029346,37.6128426,2.8,1.0,shrub
551516.38,4161250.09,-122.4164178,37.5968842,2.8,1.1,shrub
551925.38,4161412.09,-122.4117734,37.5983214,2.8,1.3,shrub
553162.38,4161715.09,-122.3977389,37.6009816,2.8,1.8,shrub
553009.38,4162123.09,-122.3994426,37.6046678,2.8,0.6,shrub
551245.38,4162859.09,-122.4193749,37.6114014,2.8,1.0,shrub
552367.38,4162248.09,-122.4067067,37.6058312,2.8,1.0,shrub
553120.38,4161534.09,-122.3982279,37.5993527,2.8,1.0,shrub
552118.38,4162831.09,-122.409486,37.6110999,2.8,0.8,shrub
552571.38,4162216.09,-122.4043979,37.6055311,2.8,2.9,shrub
551954.38,4162935.09,-122.4113367,37.6120466,2.8,1.4,shrub
551337.38,4162196.09,-122.4183791,37.6054206,2.8,1.3,shrub
551873.38,4161521.09,-122.4123547,37.5993067,2.8,1.3,shrub
551495.38,4161293.09,-122.4166527,37.597273,2.8,1.1,shrub
552771.38,4162940.09,-122.4020799,37.6120451,2.8,1.3,shrub
551980.38,4162595.09,-122.4110663,37.6089807,2.8,1.1,shrub
552427.38,4161204.09,-122.4061017,37.5964182,2.8,1.0,shrub
551281.38,4162446.09,-122.418996,37.607677,2.8,1.7,shrub
551828.38,4163016.09,-122.4127585,37.6127837,2.8,1.8,shrub
553072.38,4162352.09,-122.3987123,37.6067281,2.8,0.6,shrub
552359.38,4162499.09,-122.4067793,37.6080939,2.8,1.1,shrub
551406.38,4162876.09,-122.4175496,37.6115456,2.8,1.0,shrub
551827.38,4163010.09,-122.4127703,37.6127297,2.8,0.8,shrub
552868.38,4161670.09,-122.4010727,37.600593,2.8,1.0,shrub
553121.38,4161788.09,-122.3981981,37.601642,2.8,1.0,shrub
552486.38,4161707.09,-122.4053973,37.6009484,2.8,1.6,shrub
552502.38,4162387.09,-122.4051673,37.6070763,2.8,0.6,shrub
551429.38,4161754.09,-122.4173679,37.6014317,2.8,1.1,shrub
551445.38,4162101.09,-122.4171623,37.6045583,2.8,1.1,shrub
551790.38,4162978.09,-122.4131918,37.6124434,2.8,0.8,shrub
552754.38,4162018.09,-122.402339,37.6037361,2.8,1.5,shrub
551400.38,4162935.09,-122.4176134,37.6120777,2.8,1.0,shrub
552681.38,4161247.09,-122.4032215,37.5967912,2.8,1.3,shrub
552591.38,4162952.09,-122.4041184,37.6121636,2.8,1.1,shrub
551939.38,4162730.09,-122.4115212,37.6101997,2.8,1.4,shrub
551972.38,4162981.09,-122.4111295,37.6124601,2.8,1.4,shrub
552626.38,4161383.09,-122.4038347,37.5980201,2.8,0.6,shrub
551961.38,4162867.09,-122.4112622,37.6114333,2.8,0.6,shrub
552198.38,4161248.09,-122.4086926,37.5968278,2.8,1.4,shrub
551791.38,4162554.09,-122.4132104,37.6086218,2.8,1.3,shrub
551519.38,4162147.09,-122.4163207,37.6049688,2.8,1.1,shrub
553202.38,4161274.09,-122.3973179,37.5970046,2.8,1.3,shrub
553113.38,4162547.09,-122.3982336,37.6084833,2.8,1.0,shrub
551644.38,4162857.09,-122.4148545,37.611361,2.8,1.0,shrub
552388.38,4163024.09,-122.4064132,37.6128241,2.8,1.1,shrub
552769.38,4161756.09,-122.4021879,37.6013738,2.8,2.1,shrub
551272.38,4162359.09,-122.419104,37.6068934,2.8,1.4,shrub
551643.38,4162943.09,-122.4148597,37.6121362,2.8,1.0,shrub
551443.38,4161103.09,-122.4172551,37.5955634,2.8,1.1,shrub
552789.38,4161959.09,-122.4019467,37.6032023,2.8,0.6,shrub
552732.38,4163060.09,-122.4025131,37.6131289,2.8,1.1,shrub
551486.38,4162819.09,-122.4166472,37.6110274,2.8,2.3,shrub
552166.38,4161634.09,-122.4090276,37.6003086,2.8,1.0,shrub
552014.38,4163135.09,-122.4106427,37.6138458,2.8,1.1,shrub
552132.38,4162883.09,-122.4093237,37.6115678,2.8,1.6,shrub
552809.38,4163141.09,-122.4016348,37.6138545,2.8,2.6,shrub
551759.38,4161427.09,-122.4136527,37.5984659,2.8,1.3,shrub
552633.38,4162164.09,-122.4036992,37.6050589,2.8,0.6,shrub
552463.38,4161310.09,-122.4056864,37.5973715,2.8,1.1,shrub
553099.38,4161338.09,-122.39848,37.5975874,2.8,0.6,shrub
552525.38,4161713.09,-122.4049551,37.6010002,2.8,1.3,shrub
552367.38,4162354.09,-122.4066991,37.6067866,2.8,1.8,shrub
551883.38,4162229.09,-122.4121912,37.6056874,2.8,0.8,shrub
551776.38,4162179.09,-122.4134069,37.6052428,2.8,1.1,shrub
552437.38,4162380.09,-122.4059042,37.6070169,2.8,1.5,shrub
552448.38,4162315.09,-122.4057842,37.6064304,2.8,2.2,shrub
552467.38,4161103.09,-122.4056559,37.5955056,2.8,3.3,shrub
551252.38,4162073.09,-122.4193507,37.6043167,2.8,1.5,shrub
553064.38,4161105.09,-122.3988933,37.5954894,2.8,1.1,shrub
551420.38,4162778.09,-122.4173979,37.6106615,2.8,1.4,shrub
552010.38,4162970.09,-122.4106997,37.6123589,2.8,0.6,shrub
552589.38,4161396.09,-122.4042529,37.5981394,2.8,1.0,shrub
552616.38,4163079.09,-122.403826,37.6133068,2.8,1.0,shrub
551342.38,4161144.09,-122.4183963,37.5959386,2.8,2.0,shrub
552508.38,4163057.09,-122.4050512,37.6131147,2.8,1.5,shrub
552009.38,4161103.09,-122.4108438,37.5955316,2.8,1.1,shrub
552162.38,4163083.09,-122.4089695,37.6133687,2.8,1.5,shrub
552911.38,4161935.09,-122.4005664,37.602979,2.8,1.1,shrub
552841.38,4162226.09,-122.4013384,37.6056058,2.8,0.8,shrub
551461.38,4162788.09,-122.4169327,37.6107494,2.8,1.1,shrub
551477.38,4161781.09,-122.4168223,37.6016724,2.8,1.0,shrub
551275.38,4162456.09,-122.4190633,37.6077674,2.8,0.8,shrub
552750.38,4161756.09,-122.4024032,37.6013749,2.8,1.4,shrub
552777.38,4162259.09,-122.402061,37.6059069,2.8,1.9,shrub
551704.38,4162906.09,-122.4141712,37.6117993,2.8,0.6,shrub
551415.38,4161431.09,-122.4175492,37.5985213,2.8,1.3,shrub
551526.38,4161997.09,-122.416252,37.6036164,2.8,0.6,shrub
553090.38,4162466.09,-122.3985001,37.6077546,2.8,1.0,shrub
552423.38,4163003.09,-122.4060181,37.6126328,2.8,1.4,shrub
551978.38,4162573.09,-122.4110905,37.6087825,2.8,0.8,shrub
552451.38,4162478.09,-122.4057386,37.6078994,2.8,1.6,shrub
551708.38,4161697.09,-122.4142114,37.6009023,2.8,0.6,shrub
551256.38,4161473.09,-122.4193474,37.5989087,2.8,0.6,shrub
552560.38,4163010.09,-122.4044654,37.6126881,2.8,0.8,shrub
551923.38,4162955.09,-122.4116865,37.6122286,2.8,1.1,shrub
552179.38,4161112.09,-122.4089175,37.5956031,2.8,0.6,shrub
551717.38,4162564.09,-122.4140481,37.6087161,2.8,1.1,shrub
552748.38,4161966.09,-122.4024107,37.6032677,2.8,0.6,shrub
551369.38,4161588.09,-122.4180593,37.5999389,2.8,1.3,shrub
552419.38,4161341.09,-122.4061826,37.5976534,2.8,1.3,shrub
552125.38,4163120.09,-122.4093861,37.6137043,2.8,1.1,shrub
552984.38,4161434.09,-122.3997757,37.5984592,2.8,1.0,shrub
552370.38,4162606.09,-122.4066471,37.6090577,2.8,0.8,shrub
552487.38,4162400.09,-122.4053363,37.6071943,2.8,1.5,shrub
552045.38,4161148.09,-122.4104328,37.5959351,2.8,0.6,shrub
552765.38,4162612.09,-122.4021715,37.6090892,2.8,1.0,shrub
552841.38,4161517.09,-122.4013896,37.5992156,2.8,0.8,shrub
551580.38,4162536.09,-122.4156022,37.6084714,2.8,1.1,shrub
552865.38,4162857.09,-122.4010209,37.6112916,2.8,1.1,shrub
551464.38,4161724.09,-122.4169735,37.6011593,2.8,1.1,shrub
551672.38,4162747.09,-122.414545,37.610368,2.8,1.1,shrub
551727.38,4161567.09,-122.4140053,37.5997295,2.8,1.1,shrub
553157.38,4161547.09,-122.3978078,37.5994677,2.8,1.1,shrub
552045.38,4162365.09,-122.4103463,37.606904,2.8,2.2,shrub
551382.38,4162122.09,-122.4178745,37.6047511,2.8,0.8,shrub
551487.38,4162649.09,-122.4166479,37.6094951,2.8,1.5,shrub
552095.38,4162422.09,-122.4097757,37.6074149,2.8,1.1,shrub
553036.38,4162291.09,-122.3991245,37.6061804,2.8,0.6,shrub
552530.38,4161673.09,-122.4049013,37.6006394,2.8,1.3,shrub
551596.38,4161175.09,-122.4155169,37.5962038,2.8,0.8,shrub
551759.38,4161107.09,-122.4136754,37.5955817,2.8,0.8,shrub
552583.38,4162706.09,-122.4042267,37.6099468,2.8,1.0,shrub
551229.38,4161999.09,-122.4196164,37.6036511,2.8,1.4,shrub
551836.38,4163141.09,-122.412659,37.6139099,2.8,2.8,shrub
552996.38,4163078.09,-122.3995207,37.6132759,2.8,1.1,shrub
552194.38,4162883.09,-122.4086213,37.6115643,2.8,1.6,shrub
552185.38,4161353.09,-122.4088324,37.5977749,2.8,1.0,shrub
551291.38,4162602.09,-122.4188717,37.6090825,2.8,1.6,shrub
552035.38,4162598.09,-122.410443,37.6090046,2.8,1.0,shrub
551562.38,4162903.09,-122.4157803,37.6117802,2.8,0.8,shrub
552653.38,4162880.09,-122.4034211,37.6115111,2.8,1.3,shrub
551435.38,4161553.09,-122.4173141,37.5996197,2.8,1.0,shrub
552438.38,4162581.09,-122.4058784,37.6088285,2.8,1.1,shrub
551403.38,4162408.09,-122.4176165,37.6073277,2.8,2.2,shrub
552976.38,4162953.09,-122.3997563,37.6121505,2.8,0.6,shrub
551666.38,4161380.09,-122.4147095,37.5980475,2.8,1.4,shrub
552822.38,4162016.09,-122.4015688,37.6037141,2.8,1.1,shrub
552175.38,4163110.09,-122.4088203,37.6136113,2.8,1.3,shrub
551774.38,4161487.09,-122.4134786,37.5990059,2.8,1.1,shrub
552325.38,4162932.09,-122.4071336,37.6119985,2.8,0.6,shrub
552363.38,4162238.09,-122.4067527,37.6057413,2.8,0.6,shrub
551434.38,4161276.09,-122.4173449,37.5971232,2.8,0.8,shrub
551854.38,4162560.09,-122.4124963,37.6086723,2.8,0.8,shrub
552770.38,4162259.09,-122.4021403,37.6059073,2.8,0.8,shrub
552653.38,4162871.09,-122.4034218,37.61143,2.8,1.1,shrub
552429.38,4161134.09,-122.4060841,37.5957871,2.8,1.1,shrub
552424.38,4162727.09,-122.4060266,37.6101452,2.8,1.0,shrub
551360.38,4161286.09,-122.4181824,37.5972174,2.8,1.0,shrub
551941.38,4162524.09,-122.4115132,37.6083429,2.8,1.4,shrub
552916.38,4162839.09,-122.4004444,37.6111264,2.8,1.0,shrub
552143.38,4162834.09,-122.4092026,37.6111256,2.8,0.8,shrub
551342.38,4161339.09,-122.4183826,37.5976961,2.8,0.6,shrub
551465.38,4162065.09,-122.4169382,37.6042327,2.8,2.0,shrub
551216.38,4161867.09,-122.4197729,37.6024621,2.8,1.1,shrub
552394.38,4162967.09,-122.4063493,37.61231,2.8,1.1,shrub
551995.38,4162411.09,-122.4109094,37.6073214,2.8,1.0,shrub
552783.38,4162551.09,-122.401972,37.6085383,2.8,0.8,shrub
553229.38,4161753.09,-122.3969772,37.6013203,2.8,2.6,shrub
551537.38,4161442.09,-122.4161664,37.5986136,2.8,0.6,shrub
551576.38,4162913.09,-122.4156209,37.6118696,2.8,1.0,shrub
551821.38,4163124.09,-122.4128302,37.6137575,2.8,1.8,shrub
552222.38,4161444.09,-122.4084067,37.598593,2.8,1.9,shrub
552592.38,4161681.09,-122.4041984,37.600708,2.8,1.0,shrub
553072.38,4162248.09,-122.3987198,37.6057908,2.8,1.0,shrub
551588.38,4162556.09,-122.4155102,37.6086512,2.8,1.1,shrub
551809.38,4162549.09,-122.4130069,37.6085757,2.8,1.0,shrub
551640.38,4162541.09,-122.4149221,37.6085131,2.8,1.3,shrub
551716.38,4161636.09,-122.414125,37.6003521,2.8,0.6,shrub
551257.38,4162472.09,-122.4192661,37.6079127,2.8,1.3,shrub
551381.38,4162202.09,-122.4178802,37.6054722,2.8,1.0,shrub
552420.38,4161231.09,-122.4061791,37.5966619,2.8,1.1,shrub
551485.38,4162086.09,-122.4167102,37.6044209,2.8,0.8,shrub
553157.38,4162833.09,-122.3977143,37.6110585,2.8,1.3,shrub
551532.38,4161929.09,-122.4161888,37.6030032,2.8,2.0,shrub
551526.38,4161983.09,-122.4162529,37.6034902,2.8,0.6,shrub
553003.38,4162473.09,-122.3994852,37.6078227,2.8,2.2,shrub
552478.38,4162351.09,-122.4054418,37.6067532,2.8,0.8,shrub
552048.38,4161251.09,-122.4103915,37.5968633,2.8,1.0,shrub
553196.38,4162462.09,-122.3972995,37.6077124,2.7,0.6,shrub
551817.38,4163109.09,-122.4128766,37.6136226,2.7,0.6,shrub
551481.38,4161758.09,-122.4167786,37.6014648,2.7,1.4,shrub
553145.38,4162338.09,-122.3978863,37.6065977,2.7,0.8,shrub
552708.38,4162734.09,-122.4028085,37.610192,2.7,1.1,shrub
552217.38,4163095.09,-122.4083455,37.6134737,2.7,1.0,shrub
552703.38,4162939.09,-122.4028504,37.61204,2.7,0.6,shrub
552447.38,4163057.09,-122.4057423,37.6131182,2.7,2.2,shrub
551972.38,4162346.09,-122.4111746,37.6067369,2.7,1.1,shrub
551357.38,4162061.09,-122.418162,37.6042027,2.7,1.4,shrub
553170.38,4162634.09,-122.3975815,37.6092641,2.7,1.3,shrub
551456.38,4161783.09,-122.41706,37.6016916,2.7,1.1,shrub
551792.38,4163011.09,-122.4131668,37.6127407,2.7,1.7,shrub
552561.38,4162606.09,-122.4044831,37.6090468,2.7,0.8,shrub
551254.38,4161705.09,-122.4193538,37.6009998,2.7,0.8,shrub
552369.38,4162277.09,-122.4066819,37.6060925,2.7,1.1,shrub
551609.38,4162321.09,-122.4152888,37.606532,2.7,0.8,shrub
552133.38,4162390.09,-122.4093475,37.6071243,2.7,1.1,shrub
551369.38,4161503.09,-122.4180652,37.5991728,2.7,1.1,shrub
551600.38,4161632.09,-122.4154394,37.6003225,2.7,1.7,shrub
552625.38,4161878.09,-122.4038104,37.6024816,2.7,0.6,shrub
552281.38,4161569.09,-122.4077295,37.5997162,2.7,1.0,shrub
552926.38,4161885.09,-122.4004001,37.6025275,2.7,0.8,shrub
553047.38,4162233.09,-122.3990041,37.605657,2.7,0.8,shrub
552746.38,4161689.09,-122.4024533,37.6007713,2.7,1.0,shrub
553174.38,4162692.09,-122.397532,37.6097866,2.7,1.3,shrub
551741.38,4163116.09,-122.4137372,37.6136899,2.7,1.3,shrub
552969.38,4161350.09,-122.3999517,37.597703,2.7,1.1,shrub
551274.38,4161321.09,-122.4191541,37.5975377,2.7,1.1,shrub
553075.38,4161439.09,-122.3987445,37.5984991,2.7,1.0,shrub
551615.38,4162019.09,-122.4152422,37.6038097,2.7,1.0,shrub
551439.38,4162310.09,-122.4172155,37.6064424,2.7,1.0,shrub
553078.38,4162577.09,-122.398628,37.6087557,2.7,1.1,shrub
551675.38,4162955.09,-122.4144963,37.6122426,2.7,0.6,shrub
551873.38,4162790.09,-122.4122647,37.6107443,2.7,2.3,shrub
552864.38,4161209.09,-122.4011513,37.5964382,2.7,0.8,shrub
551888.38,4163002.09,-122.4120797,37.6126542,2.7,1.4,shrub
552557.38,4161422.09,-122.4046135,37.5983756,2.7,0.6,shrub
553147.38,4161274.09,-122.3979409,37.5970078,2.7,0.6,shrub
553153.38,4162039.09,-122.3978174,37.6039024,2.7,0.8,shrub
552147.38,4163075.09,-122.4091401,37.6132975,2.7,1.1,shrub
551294.38,4162113.09,-122.4188721,37.6046749,2.7,1.0,shrub
552801.38,4162516.09,-122.4017706,37.6082219,2.7,1.1,shrub
552372.38,4162968.09,-122.4065985,37.6123203,2.7,1.1,shrub
551536.38,4162614.09,-122.4160952,37.6091769,2.7,0.8,shrub
552378.38,4161246.09,-122.4066538,37.5967995,2.7,1.0,shrub
551722.38,4163018.09,-122.4139594,37.6128077,2.7,0.8,shrub
552227.38,4162438.09,-122.4082792,37.6075516,2.7,0.8,shrub
552532.38,4161226.09,-122.4049108,37.5966105,2.7,0.8,shrub
552581.38,4162004.09,-122.4042998,37.6036198,2.7,1.0,shrub
552474.38,4163014.09,-122.4054395,37.6127291,2.7,1.1,shrub
551221.38,4161989.09,-122.4197077,37.6035614,2.7,1.1,shrub
551457.38,4161637.09,-122.4170589,37.6003756,2.7,0.6,shrub
551689.38,4161794.09,-122.4144197,37.6017776,2.7,1.0,shrub
551453.38,4161186.09,-122.417136,37.5963109,2.7,1.3,shrub
552046.38,4162634.09,-122.4103158,37.6093284,2.7,1.0,shrub
551463.38,4161927.09,-122.4169706,37.602989,2.7,0.6,shrub
551319.38,4161760.09,-122.4186136,37.6014919,2.7,1.4,shrub
552595.38,4162465.09,-122.4041081,37.607774,2.7,0.6,shrub
552260.38,4162834.09,-122.407877,37.6111189,2.7,0.6,shrub
552379.38,4162603.09,-122.4065453,37.6090301,2.7,1.1,shrub
551673.38,4161846.09,-122.4145973,37.6022472,2.7,0.8,shrub
552185.38,4161525.09,-122.4088201,37.5993251,2.7,1.5,shrub
551457.38,4161139.09,-122.417094,37.5958871,2.7,1.6,shrub
552944.38,4161775.09,-122.4002041,37.601535,2.7,1.0,shrub
552543.38,4161590.09,-122.40476,37.5998906,2.7,2.0,shrub
552847.38,4162858.09,-122.4012247,37.6113017,2.7,0.8,shrub
551698.38,4162617.09,-122.4142596,37.6091949,2.7,1.0,shrub
551624.38,4162801.09,-122.415085,37.6108574,2.7,1.0,shrub
551842.38,4161487.09,-122.4127083,37.599002,2.7,1.1,shrub
551372.38,4162209.09,-122.4179817,37.6055358,2.7,1.7,shrub
551462.38,4161605.09,-122.4170046,37.6000869,2.7,0.6,shrub
551303.38,4162427.09,-122.4187481,37.6075045,2.7,1.1,shrub
553085.38,4161203.09,-122.3986484,37.5963714,2.7,1.0,shrub
551269.38,4161965.09,-122.4191656,37.6033424,2.7,1.1,shrub
552050.38,4163005.09,-122.4102441,37.612672,2.7,1.0,shrub
551268.38,4162977.09,-122.419106,37.6124636,2.7,0.8,shrub
552683.38,4162387.09,-122.4031167,37.6070659,2.7,2.6,shrub
551393.38,4161989.09,-122.4177592,37.6035518,2.7,1.0,shrub
552217.38,4162743.09,-122.4083707,37.6103012,2.7,0.6,shrub
552692.38,4162312.09,-122.4030202,37.6063895,2.7,0.8,shrub
552666.38,4162628.09,-122.403292,37.6092391,2.7,0.6,shrub
552049.38,4161365.09,-122.4103721,37.5978907,2.7,1.1,shrub
551567.38,4162478.09,-122.4157536,37.6079494,2.7,0.6,shrub
553023.38,4161151.09,-122.3993544,37.5959063,2.7,1.1,shrub
552602.38,4161364.09,-122.4041079,37.5978503,2.7,0.6,shrub
552648.38,4163085.09,-122.403463,37.613359,2.7,0.8,shrub
552397.38,4161610.09,-122.4064125,37.6000792,2.7,0.8,shrub
551352.38,4161188.09,-122.4182799,37.5963346,2.7,1.0,shrub
551675.38,4161854.09,-122.4145741,37.6023192,2.7,1.8,shrub
552245.38,4162810.09,-122.4080487,37.6109034,2.7,1.3,shrub
551273.38,4161649.09,-122.4191425,37.600494,2.7,1.0,shrub
552691.38,4163068.09,-122.402977,37.6132033,2.7,1.1,shrub
552075.38,4161932.09,-122.4100372,37.6029997,2.7,0.6,shrub
552421.38,4162231.09,-122.4060961,37.6056749,2.7,1.0,shrub
552185.38,4162780.09,-122.4087306,37.6106365,2.7,0.8,shrub
553057.38,4161102.09,-122.3989728,37.5954627,2.7,2.8,shrub
552668.38,4163055.09,-122.4032386,37.6130875,2.7,0.8,shrub
553000.38,4161226.09,-122.3996095,37.5965836,2.7,1.0,shrub
552657.38,4162742.09,-122.4033857,37.6102671,2.7,1.0,shrub
552032.38,4162303.09,-122.4104979,37.6063459,2.7,2.9,shrub
552945.38,4162959.09,-122.4001071,37.6122063,2.7,0.8,shrub
551364.38,4162284.09,-122.418067,37.6062122,2.7,1.1,shrub
552755.38,4162560.09,-122.4022886,37.6086211,2.7,1.7,shrub
551873.38,4162998.09,-122.41225,37.612619,2.7,2.7,shrub
552224.38,4161624.09,-122.4083712,37.6002152,2.7,1.0,shrub
551641.38,4162878.09,-122.414887,37.6115505,2.7,0.8,shrub
552670.38,4161858.09,-122.4033021,37.6022988,2.7,0.8,shrub
551708.38,4162237.09,-122.4141732,37.6057693,2.7,1.0,shrub
551830.38,4162492.09,-122.412773,37.6080608,2.7,1.3,shrub
552566.38,4162876.09,-122.4044071,37.61148,2.7,1.1,shrub
552695.38,4162607.09,-122.4029649,37.6090481,2.7,0.6,shrub
552423.38,4161515.09,-122.4061248,37.5992215,2.7,1.0,shrub
551814.38,4163138.09,-122.4129085,37.6138841,2.7,1.4,shrub
553000.38,4161938.09,-122.399558,37.6030009,2.7,1.0,shrub
553186.38,4161447.09,-122.3974866,37.5985648,2.7,1.3,shrub
553190.38,4162457.09,-122.3973678,37.6076677,2.7,0.6,shrub
552502.38,4161745.09,-122.4052134,37.6012899,2.7,0.6,shrub
552731.38,4161311.09,-122.4026505,37.5973652,2.7,0.6,shrub
551596.38,4162795.09,-122.4154027,37.6108049,2.7,0.6,shrub
551667.38,4162215.09,-122.4146392,37.6055734,2.7,1.7,shrub
552047.38,4161346.09,-122.4103961,37.5977196,2.7,2.3,shrub
551786.38,4161489.09,-122.4133425,37.5990232,2.7,0.6,shrub
551789.38,4162067.09,-122.4132676,37.6042326,2.7,0.6,shrub
552686.38,4162115.09,-122.4031023,37.6046142,2.7,0.8,shrub
551808.38,4162482.09,-122.413023,37.6079719,2.7,1.0,shrub
551601.38,4162673.09,-122.4153546,37.609705,2.7,1.1,shrub
551247.38,4161316.09,-122.4194603,37.5974941,2.7,0.6,shrub
552261.38,4161611.09,-122.407953,37.6000959,2.7,0.8,shrub
551959.38,4163065.09,-122.4112708,37.613218,2.7,1.1,shrub
552103.38,4162382.09,-122.409688,37.6070539,2.7,1.1,shrub
552575.38,4162419.09,-122.404338,37.6073605,2.7,1.1,shrub
551216.38,4161880.09,-122.419772,37.6025792,2.7,1.8,shrub
551513.38,4162489.09,-122.4163646,37.6080516,2.7,0.8,shrub
552343.38,4161722.09,-122.4070162,37.6010917,2.7,1.4,shrub
551669.38,4163091.09,-122.4145547,37.6134687,2.7,1.0,shrub
552016.38,4162379.09,-122.4106738,37.6070318,2.7,1.0,shrub
552596.38,4162934.09,-122.404063,37.612001,2.7,1.0,shrub
551318.38,4162024.09,-122.4186064,37.6038714,2.7,0.6,shrub
551415.38,4161154.09,-122.4175687,37.5960246,2.7,0.6,shrub
553028.38,4161813.09,-122.3992498,37.6018726,2.7,1.3,shrub
552453.38,4162352.09,-122.4057249,37.6067636,2.7,0.6,shrub
551274.38,4162611.09,-122.4190637,37.6091645,2.7,1.1,shrub
552926.38,4161695.09,-122.4004138,37.600815,2.7,1.1,shrub
551722.38,4162231.09,-122.414015,37.6057145,2.7,1.0,shrub
552782.38,4162453.09,-122.4019904,37.6076551,2.7,1.1,shrub
553170.38,4161193.09,-122.3976863,37.5962764,2.7,0.6,shrub
552599.38,4161865.09,-122.4041059,37.602366,2.7,0.8,shrub
552807.38,4161881.09,-122.4017485,37.6024982,2.7,0.6,shrub
551524.38,4162846.09,-122.4162148,37.6112686,2.7,0.8,shrub
552956.38,4161111.09,-122.4001163,37.5955497,2.7,1.1,shrub
552671.38,4161735.09,-122.4032996,37.6011901,2.7,0.6,shrub
552100.38,4161419.09,-122.4097905,37.5983746,2.7,0.6,shrub
552947.38,4161601.09,-122.4001827,37.5999666,2.7,0.8,shrub
551543.38,4161539.09,-122.4160916,37.5994875,2.7,0.8,shrub
552295.38,4161104.09,-122.4076041,37.5955244,2.7,0.8,shrub
553068.38,4162118.09,-122.3987746,37.6046193,2.7,0.8,shrub
553083.38,4162112.09,-122.3986051,37.6045644,2.7,1.0,shrub
552137.38,4162384.09,-122.4093026,37.60707,2.7,0.6,shrub
551507.38,4162266.09,-122.4164483,37.606042,2.7,1.5,shrub
551589.38,4162999.09,-122.4154676,37.612644,2.7,0.8,shrub
552424.38,4162222.09,-122.4060628,37.6055936,2.7,1.1,shrub
552045.38,4161291.09,-122.4104226,37.597224,2.7,1.4,shrub
552762.38,4161836.09,-122.4022615,37.6020952,2.7,0.6,shrub
552325.38,4163117.09,-122.4071203,37.6136659,2.7,1.1,shrub
551240.38,4162288.09,-122.4194715,37.6062552,2.7,0.6,shrub
551621.38,4161144.09,-122.4152359,37.595923,2.7,0.8,shrub
552012.38,4162964.09,-122.4106775,37.6123047,2.7,0.6,shrub
551217.38,4162050.09,-122.4197488,37.6041114,2.7,0.8,shrub
552769.38,4162758.09,-122.4021157,37.6104048,2.7,0.6,shrub
551418.38,4161832.09,-122.417487,37.6021353,2.7,0.6,shrub
552257.38,4162425.09,-122.4079402,37.6074328,2.7,1.1,shrub
552975.38,4161359.09,-122.3998831,37.5977838,2.7,0.6,shrub
552515.38,4162403.09,-122.4050189,37.6072198,2.7,0.6,shrub
552642.38,4163129.09,-122.4035278,37.6137559,2.7,0.8,shrub
552354.38,4162241.09,-122.4068544,37.6057688,2.7,1.1,shrub
552167.38,4163131.09,-122.4089095,37.6138011,2.7,1.1,shrub
551239.38,4162640.09,-122.4194582,37.6094279,2.7,1.0,shrub
551982.38,4162666.09,-122.4110386,37.6096205,2.7,0.6,shrub
551503.38,4161103.09,-122.4165754,37.5955601,2.7,0.6,shrub
551657.38,4162991.09,-122.4146977,37.612568,2.7,0.6,shrub
552507.38,4162298.09,-122.405117,37.6062739,2.7,0.8,shrub
552586.38,4161885.09,-122.4042517,37.602547,2.7,0.6,shrub
552398.38,4162407.09,-122.4063441,37.6072625,2.7,1.1,shrub
553057.38,4162830.09,-122.3988475,37.6110372,2.7,1.0,shrub
551276.38,4161641.09,-122.419109,37.6004218,2.7,1.3,shrub
553082.38,4161501.09,-122.3986607,37.5990575,2.7,0.6,shrub
552959.38,4162075.09,-122.4000125,37.604238,2.7,1.0,shrub
552074.38,4161460.09,-122.4100821,37.5987456,2.7,1.1,shrub
552118.38,4161278.09,-122.4095967,37.5971027,2.7,0.6,shrub
552082.38,4162732.09,-122.4099009,37.6102097,2.7,0.8,shrub
551469.38,4162105.09,-122.4168901,37.604593,2.7,0.8,shrub
552384.38,4161738.09,-122.4065506,37.6012336,2.7,1.0,shrub
551348.38,4162054.09,-122.4182644,37.6041401,2.7,0.6,shrub
552942.38,4161221.09,-122.4002669,37.5965419,2.7,0.6,shrub
552241.38,4161297.09,-122.408202,37.597267,2.7,0.6,shrub
551801.38,4162957.09,-122.4130686,37.6122535,2.7,1.3,shrub
551664.38,4162471.09,-122.4146551,37.6078809,2.7,1.1,shrub
552802.38,4162884.09,-122.4017327,37.6115386,2.7,1.4,shrub
551521.38,4161896.09,-122.4163157,37.6027064,2.7,1.0,shrub
551240.38,4162153.09,-122.419481,37.6050384,2.7,0.8,shrub
552197.38,4163057.09,-122.4085748,37.6131324,2.7,0.6,shrub
552552.38,4161648.09,-122.4046539,37.6004128,2.7,1.0,shrub
551721.38,4162683.09,-122.4139944,37.6097884,2.7,0.6,shrub
551601.38,4161571.09,-122.4154324,37.5997727,2.7,0.8,shrub
552999.38,4162215.09,-122.3995492,37.6054975,2.7,1.0,shrub
551227.38,4161387.09,-122.4196819,37.5981352,2.7,0.6,shrub
551517.38,4162958.09,-122.4162862,37.6122785,2.7,0.8,shrub
552776.38,4162158.09,-122.4020797,37.6049966,2.7,0.6,shrub
552965.38,4161191.09,-122.4000085,37.5962702,2.7,1.1,shrub
552712.38,4163033.09,-122.4027416,37.6128867,2.7,1.0,shrub
552654.38,4161293.09,-122.403524,37.5972074,2.7,0.8,shrub
552689.38,4162290.09,-122.4030557,37.6061913,2.7,0.8,shrub
552350.38,4163057.09,-122.4068414,37.6131237,2.7,1.1,shrub
551726.38,4162591.09,-122.4139442,37.6089589,2.7,0.8,shrub
551442.38,4161289.09,-122.4172533,37.5972399,2.7,1.0,shrub
552092.38,4163099.09,-122.4097615,37.6135169,2.7,1.0,shrub
552375.38,4163058.09,-122.406558,37.6131313,2.7,1.1,shrub
552472.38,4162991.09,-122.4054638,37.6125219,2.7,1.1,shrub
552957.38,4161744.09,-122.4000591,37.6012548,2.7,1.0,shrub
552396.38,4162539.09,-122.4063573,37.6084523,2.7,0.8,shrub
551450.38,4162684.09,-122.4170646,37.6098126,2.7,1.0,shrub
552943.38,4162795.09,-122.4001416,37.6107283,2.7,1.0,shrub
552967.38,4162329.09,-122.3999035,37.6065269,2.7,2.0,shrub
552807.38,4162010.09,-122.4017391,37.6036609,2.7,0.6,shrub
551196.38,4162145.09,-122.41998,37.6049688,2.7,0.6,shrub
552351.38,4163029.09,-122.406832,37.6128713,2.7,0.6,shrub
551796.38,4162823.09,-122.4131348,37.611046,2.7,1.4,shrub
552631.38,4162885.09,-122.40367,37.6115574,2.7,0.6,shrub
552900.38,4161127.09,-122.4007494,37.5956971,2.7,1.1,shrub
552846.38,4161394.09,-122.4013418,37.5981067,2.7,0.6,shrub
551854.38,4161426.09,-122.4125767,37.5984515,2.7,0.6,shrub
552045.38,4161381.09,-122.4104162,37.5980352,2.7,1.7,shrub
552563.38,4163127.09,-122.404423,37.6137424,2.7,1.5,shrub
552557.38,4161198.09,-122.4046296,37.5963567,2.7,0.8,shrub
552670.38,4161194.09,-122.4033499,37.5963142,2.7,1.3,shrub
551963.38,4161200.09,-122.411358,37.5964085,2.7,1.4,shrub
551671.38,4162220.09,-122.4145936,37.6056182,2.7,2.0,shrub
552236.38,4162950.09,-122.4081406,37.6121658,2.7,1.0,shrub
552605.38,4162844.09,-122.4039675,37.6111894,2.7,0.8,shrub
551972.38,4162558.09,-122.4111596,37.6086476,2.7,0.6,shrub
551563.38,4161582.09,-122.415862,37.5998739,2.7,0.8,shrub
551676.38,4161785.09,-122.4145676,37.6016973,2.7,1.1,shrub
551969.38,4161321.09,-122.4112814,37.5974987,2.7,1.0,shrub
552666.38,4162393.09,-122.4033089,37.607121,2.7,0.6,shrub
552699.38,4162744.09,-122.4029097,37.6102827,2.7,1.0,shrub
551428.38,4162871.09,-122.4173007,37.6114993,2.7,0.8,shrub
553106.38,4162174.09,-122.39834,37.6051218,2.7,0.6,shrub
551568.38,4162901.09,-122.4157124,37.6117619,2.7,1.3,shrub
552106.38,4163116.09,-122.4096017,37.6136693,2.7,0.6,shrub
553151.38,4162727.09,-122.39779,37.6101034,2.7,1.1,shrub
552517.38,4163067.09,-122.4049485,37.6132043,2.7,1.0,shrub
552076.38,4162621.09,-122.4099768,37.6092096,2.7,0.6,shrub
552313.38,4163059.09,-122.4072604,37.6131438,2.7,0.6,shrub
552792.38,4162702.09,-122.4018591,37.6098988,2.7,0.6,shrub
552070.38,4162686.09,-122.4100402,37.6097958,2.7,0.8,shrub
551612.38,4162944.09,-122.4152109,37.6121469,2.7,0.8,shrub
553090.38,4161843.09,-122.3985453,37.6021395,2.7,0.6,shrub
552972.38,4162758.09,-122.3998158,37.6103932,2.7,1.3,shrub
551941.38,4162927.09,-122.4114846,37.6119752,2.7,1.0,shrub
552339.38,4161661.09,-122.4070659,37.6005421,2.7,1.1,shrub
552442.38,4161632.09,-122.4059012,37.6002749,2.7,1.1,shrub
551649.38,4162777.09,-122.4148035,37.6106397,2.7,1.0,shrub
552633.38,4161867.09,-122.4037206,37.602382,2.7,0.6,shrub
552711.38,4161976.09,-122.4028291,37.60336,2.7,0.8,shrub
552171.38,4163116.09,-122.4088652,37.6136656,2.7,0.8,shrub
552986.38,4162033.09,-122.3997097,37.6038579,2.7,0.8,shrub
551310.38,4162985.09,-122.4186296,37.6125334,2.7,1.1,shrub
551191.38,4162152.09,-122.4200362,37.6050322,2.7,0.6,shrub
552277.38,4162447.09,-122.407712,37.6076299,2.7,1.4,shrub
551693.38,4162217.09,-122.4143445,37.6055899,2.7,0.8,shrub
552103.38,4162356.09,-122.4096898,37.6068196,2.7,1.1,shrub
552752.38,4162756.09,-122.4023084,37.6103878,2.7,1.9,shrub
552040.38,4161254.09,-122.4104819,37.5968908,2.7,0.8,shrub
552704.38,4162929.09,-122.4028398,37.6119498,2.7,0.8,shrub
553077.38,4162632.09,-122.3986353,37.6092515,2.7,0.6,shrub
551923.38,4162856.09,-122.4116935,37.6113363,2.7,0.8,shrub
551694.38,4162797.09,-122.4142922,37.6108174,2.7,0.6,shrub
551844.38,4163129.09,-122.4125692,37.6138013,2.7,1.0,shrub
552325.38,4162154.09,-122.4071892,37.6049864,2.7,1.1,shrub
552226.38,4162826.09,-122.4082628,37.6110487,2.7,0.8,shrub
551310.38,4162105.09,-122.4186914,37.6046019,2.7,1.0,shrub
552669.38,4162737.09,-122.4032501,37.6102213,2.7,0.6,shrub
552640.38,4161925.09,-122.4036371,37.6029044,2.7,0.6,shrub
552797.38,4162162.09,-122.4018415,37.6050315,2.6,1.3,shrub
552551.38,4161704.09,-122.4046612,37.6009176,2.6,0.8,shrub
552503.38,4161782.09,-122.4051994,37.6016234,2.6,1.0,shrub
551906.38,4162769.09,-122.4118923,37.6105531,2.6,2.0,shrub
551919.38,4163039.09,-122.4117259,37.6129859,2.6,1.0,shrub
551229.38,4162371.09,-122.4195904,37.6070039,2.6,1.0,shrub
552687.38,4161870.09,-122.4031087,37.602406,2.6,0.6,shrub
552662.38,4161787.09,-122.4033978,37.6016593,2.6,0.8,shrub
553208.38,4161754.09,-122.397215,37.6013305,2.6,0.8,shrub
552041.38,4163088.09,-122.4103401,37.6134206,2.6,1.1,shrub
551848.38,4162834.09,-122.4125448,37.6111422,2.6,1.1,shrub
552031.38,4161329.09,-122.4105785,37.5975673,2.6,0.6,shrub
553189.38,4162691.09,-122.3973621,37.6097768,2.6,0.8,shrub
551506.38,4162659.09,-122.4164319,37.6095842,2.6,1.3,shrub
552303.38,4162436.09,-122.4074183,37.6075293,2.6,0.6,shrub
553106.38,4162602.09,-122.3983089,37.6089794,2.6,1.0,shrub
551301.38,4161497.09,-122.4188359,37.5991225,2.6,1.7,shrub
553047.38,4161208.09,-122.3990784,37.5964187,2.6,0.6,shrub
552717.38,4161981.09,-122.4027608,37.6034047,2.6,1.3,shrub
552539.38,4161761.09,-122.4047931,37.601432,2.6,1.5,shrub
552761.38,4162954.09,-122.4021922,37.6121719,2.6,0.8,shrub
552617.38,4161847.09,-122.4039033,37.6022027,2.6,0.6,shrub
552431.38,4162229.09,-122.405983,37.6056563,2.6,1.0,shrub
553016.38,4162732.09,-122.3993191,37.6101563,2.6,0.8,shrub
553172.38,4162610.09,-122.3975606,37.6090477,2.6,1.1,shrub
552521.38,4163017.09,-122.4049068,37.6127534,2.6,1.0,shrub
551610.38,4162939.09,-122.4152339,37.612102,2.6,0.8,shrub
552629.38,4162268.09,-122.4037371,37.6059965,2.6,0.6,shrub
551292.38,4162376.09,-122.4188763,37.6070455,2.6,0.6,shrub
551743.38,4161137.09,-122.4138545,37.595853,2.6,0.6,shrub
551975.38,4162437.09,-122.4111342,37.6075569,2.6,1.1,shrub
552850.38,4162212.09,-122.4012374,37.6054791,2.6,0.8,shrub
551773.38,4161302.09,-122.413503,37.5973385,2.6,0.8,shrub
551501.38,4161393.09,-122.4165777,37.598174,2.6,1.4,shrub
552827.38,4161794.09,-122.4015282,37.601713,2.6,0.6,shrub
552425.38,4161189.09,-122.4061255,37.5962831,2.6,0.6,shrub
552463.38,4162379.09,-122.4056097,37.6070064,2.6,0.6,shrub
552447.38,4162308.09,-122.4057961,37.6063674,2.6,0.8,shrub
552914.38,4162894.09,-122.400463,37.6116223,2.6,0.6,shrub
551574.38,4161519.09,-122.4157419,37.5993055,2.6,0.6,shrub
551845.38,4162894.09,-122.4125746,37.6116832,2.6,1.3,shrub
551801.38,4161624.09,-122.413163,37.6002391,2.6,0.8,shrub
552903.38,4162800.09,-122.4005945,37.6107757,2.6,0.8,shrub
551324.38,4162347.09,-122.4185158,37.6067823,2.6,0.6,shrub
552697.38,4162438.09,-122.4029545,37.6075248,2.6,0.6,shrub
553159.38,4161542.09,-122.3977855,37.5994226,2.6,0.8,shrub
552891.38,4161836.09,-122.4008001,37.6020878,2.6,1.4,shrub
551522.38,4161656.09,-122.4163213,37.6005432,2.6,1.0,shrub
551350.38,4161277.09,-122.4182963,37.5971369,2.6,0.6,shrub
552355.38,4163034.09,-122.4067864,37.6129161,2.6,0.6,shrub
553124.38,4162477.09,-122.3981141,37.6078517,2.6,0.6,shrub
552464.38,4162921.09,-122.4055595,37.6118914,2.6,0.8,shrub
553055.38,4162743.09,-122.3988765,37.6102532,2.6,1.1,shrub
553052.38,4161212.09,-122.3990215,37.5964544,2.6,0.6,shrub
551499.38,4161118.09,-122.4166197,37.5956955,2.6,0.8,shrub
552609.38,4162463.09,-122.4039496,37.6077552,2.6,0.6,shrub
551371.38,4162074.09,-122.4180025,37.6043191,2.6,1.0,shrub
551780.38,4163003.09,-122.4133033,37.6126693,2.6,0.6,shrub
552910.38,4163034.09,-122.4004982,37.6128843,2.6,0.6,shrub
551902.38,4162572.09,-122.4119516,37.6087778,2.6,1.0,shrub
551531.38,4162892.09,-122.4161323,37.6116828,2.6,1.0,shrub
552591.38,4162402.09,-122.4041579,37.6072064,2.6,0.6,shrub
552264.38,4162825.09,-122.4078323,37.6110376,2.6,0.6,shrub
552146.38,4162740.09,-122.4091753,37.6102782,2.6,1.0,shrub
552854.38,4162029.09,-122.4012053,37.6038295,2.6,0.8,shrub
552945.38,4162951.09,-122.4001077,37.6121342,2.6,0.6,shrub
552847.38,4162488.09,-122.4012515,37.6079668,2.6,0.6,shrub
552729.38,4161936.09,-122.4026281,37.6029984,2.6,0.6,shrub
552365.38,4162985.09,-122.4066766,37.6124739,2.6,0.6,shrub
553121.38,4161129.09,-122.3982459,37.5957024,2.6,1.1,shrub
551202.38,4162469.09,-122.4198894,37.6078887,2.6,1.3,shrub
552449.38,4161810.09,-122.4058091,37.6018788,2.6,1.0,shrub
552565.38,4161151.09,-122.4045424,37.5959326,2.6,0.6,shrub
551421.38,4161362.09,-122.4174861,37.597899,2.6,1.3,shrub
552610.38,4161229.09,-122.404027,37.596633,2.6,0.6,shrub
552671.38,4163013.09,-122.4032076,37.6127088,2.6,0.8,shrub
551683.38,4162698.09,-122.4144238,37.6099258,2.6,0.6,shrub
552685.38,4161999.09,-122.403122,37.6035688,2.6,1.0,shrub
552738.38,4162463.09,-122.4024882,37.6077478,2.6,0.8,shrub
553048.38,4162278.09,-122.3989895,37.6060625,2.6,0.6,shrub
551536.38,4162189.09,-122.4161251,37.6053464,2.6,0.6,shrub
551574.38,4161619.09,-122.4157348,37.6002068,2.6,0.8,shrub
552481.38,4161501.09,-122.4054688,37.599092,2.6,0.6,shrub
551828.38,4161336.09,-122.4128775,37.5976418,2.6,0.8,shrub
552796.38,4161230.09,-122.40192,37.5966314,2.6,1.3,shrub
552066.38,4163126.09,-122.4100542,37.6137617,2.6,1.0,shrub
551622.38,4161943.09,-122.4151682,37.6031243,2.6,0.6,shrub
552096.38,4163105.09,-122.4097158,37.6135707,2.6,1.0,shrub
551414.38,4162235.09,-122.417504,37.6057678,2.6,1.0,shrub
552984.38,4162364.09,-122.3997084,37.6068414,2.6,0.6,shrub
551934.38,4161294.09,-122.4116798,37.5972573,2.6,0.8,shrub
553076.38,4162715.09,-122.3986406,37.6099996,2.6,1.8,shrub
551505.38,4162261.09,-122.4164713,37.6059971,2.6,1.4,shrub
552437.38,4162305.09,-122.4059096,37.6063409,2.6,0.6,shrub
552384.38,4161350.09,-122.4065784,37.5977365,2.6,1.1,shrub
551389.38,4162308.09,-122.4177821,37.6064272,2.6,0.8,shrub
553002.38,4162357.09,-122.3995049,37.6067772,2.6,1.0,shrub
551210.38,4161358.09,-122.4198765,37.5978747,2.6,0.6,shrub
551939.38,4163013.09,-122.4115011,37.6127504,2.6,0.8,shrub
552827.38,4161220.09,-122.4015696,37.5965395,2.6,0.8,shrub
551327.38,4162089.09,-122.4184999,37.6044568,2.6,0.6,shrub
551864.38,4161256.09,-122.4124754,37.5969188,2.6,0.6,shrub
551941.38,4161249.09,-122.4116037,37.5968513,2.6,0.6,shrub
551651.38,4161120.09,-122.4148978,37.595705,2.6,1.0,shrub
552945.38,4161886.09,-122.4001848,37.6025354,2.6,0.6,shrub
552218.38,4162822.09,-122.4083537,37.6110131,2.6,1.1,shrub
552684.38,4162299.09,-122.4031117,37.6062727,2.6,0.6,shrub
552111.38,4162465.09,-122.4095914,37.6078016,2.6,0.6,shrub
551825.38,4161587.09,-122.4128938,37.5999043,2.6,1.0,shrub
551583.38,4162785.09,-122.4155507,37.6107155,2.6,0.6,shrub
552850.38,4161222.09,-122.4013089,37.5965562,2.6,1.1,shrub
551897.38,4162940.09,-122.4119822,37.6120949,2.6,0.8,shrub
551584.38,4161747.09,-122.4156125,37.6013599,2.6,0.6,shrub
551769.38,4162281.09,-122.413479,37.6061625,2.6,0.8,shrub
551343.38,4161655.09,-122.4183491,37.6005442,2.6,0.6,shrub
552945.38,4163000.09,-122.4001041,37.6125759,2.6,0.8,shrub
552637.38,4162712.09,-122.4036145,37.6099978,2.6,0.8,shrub
551190.38,4162145.09,-122.420048,37.6049691,2.6,3.5,shrub
551371.38,4161143.09,-122.4180678,37.595928,2.6,0.6,shrub
551513.38,4161138.09,-122.4164597,37.595875,2.6,0.8,shrub
552892.38,4161564.09,-122.4008085,37.5996362,2.6,0.6,shrub
552340.38,4162345.09,-122.4070056,37.606707,2.6,0.6,shrub
552226.38,4162629.09,-122.4082768,37.6092732,2.6,0.8,shrub
552344.38,4162270.09,-122.4069657,37.6060308,2.6,0.6,shrub
551332.38,4161681.09,-122.4184719,37.6007792,2.6,0.6,shrub
552457.38,4161680.09,-122.4057278,37.6007067,2.6,0.6,shrub
552501.38,4162408.09,-122.4051771,37.6072656,2.6,0.6,shrub
552163.38,4161177.09,-122.4090941,37.5961898,2.6,0.6,shrub
552525.38,4161601.09,-122.4049632,37.5999908,2.6,1.0,shrub
552014.38,4162995.09,-122.4106526,37.612584,2.6,1.0,shrub
552749.38,4162817.09,-122.402338,37.6109378,2.6,0.8,shrub
551566.38,4161419.09,-122.4158395,37.5984047,2.6,0.6,shrub
552742.38,4162971.09,-122.4024062,37.6123262,2.6,0.6,shrub
551604.38,4161131.09,-122.4154294,37.5958068,2.6,0.8,shrub
553079.38,4161792.09,-122.3986736,37.6016804,2.6,0.6,shrub
551732.38,4162882.09,-122.4138557,37.6115814,2.6,0.6,shrub
551592.38,4162805.09,-122.4154473,37.6108953,2.6,0.8,shrub
553081.38,4162359.09,-122.3986098,37.6067907,2.6,0.6,shrub
552674.38,4163101.09,-122.4031673,37.6135018,2.6,0.8,shrub
552851.38,4161387.09,-122.4012857,37.5980433,2.6,0.6,shrub
551330.38,4161596.09,-122.4185005,37.6000132,2.6,0.6,shrub
551432.38,4162109.09,-122.417309,37.6046312,2.6,0.6,shrub
551545.38,4162017.09,-122.4160353,37.6037956,2.6,0.6,shrub
552388.38,4161692.09,-122.4065086,37.6008188,2.6,0.8,shrub
552647.38,4162211.09,-122.4035372,37.6054817,2.6,0.6,shrub
551322.38,4162185.09,-122.4185498,37.6053223,2.6,0.6,shrub
551236.38,4162453.09,-122.4195053,37.6077426,2.6,1.1,shrub
551323.38,4162438.09,-122.4185207,37.6076025,2.6,1.3,shrub
552162.38,4162792.09,-122.4089903,37.6107459,2.6,1.0,shrub
552988.38,4161930.09,-122.3996945,37.6029295,2.6,0.6,shrub
552735.38,4161865.09,-122.4025653,37.6023582,2.6,0.6,shrub
551572.38,4162388.09,-122.4157033,37.607138,2.6,0.8,shrub
551489.38,4161553.09,-122.4167024,37.5996167,2.6,0.8,shrub
552784.38,4163096.09,-122.4019213,37.6134504,2.6,1.0,shrub
551838.38,4161834.09,-122.412729,37.6021298,2.6,1.1,shrub
551500.38,4162682.09,-122.4164983,37.6097918,2.6,1.0,shrub
551334.38,4162220.09,-122.4184114,37.6056371,2.6,0.6,shrub
551431.38,4162048.09,-122.4173246,37.6040814,2.6,0.6,shrub
552648.38,4162503.09,-122.4035049,37.6081135,2.6,0.8,shrub
551482.38,4162870.09,-122.416689,37.6114873,2.6,0.6,shrub
551472.38,4162259.09,-122.4168453,37.6059809,2.6,0.6,shrub
551279.38,4162599.09,-122.4190079,37.6090561,2.6,0.6,shrub
551659.38,4162981.09,-122.4146758,37.6124778,2.6,1.0,shrub
551591.38,4161552.09,-122.415547,37.599602,2.6,1.1,shrub
552652.38,4162440.09,-122.4034641,37.6075454,2.6,0.6,shrub
552245.38,4161305.09,-122.4081561,37.5973388,2.6,0.8,shrub
552111.38,4163070.09,-122.4095483,37.6132544,2.6,0.6,shrub
551699.38,4162306.09,-122.4142703,37.6063917,2.6,0.8,shrub
552234.38,4162445.09,-122.4081993,37.6076143,2.6,0.8,shrub
553045.38,4162533.09,-122.399005,37.608361,2.6,0.6,shrub
552188.38,4161395.09,-122.4087954,37.5981533,2.6,0.8,shrub
552887.38,4162283.09,-122.4008131,37.6061169,2.6,0.6,shrub
552029.38,4162763.09,-122.4104992,37.6104921,2.6,1.3,shrub
552829.38,4161499.09,-122.4015268,37.599054,2.6,0.6,shrub
552531.38,4162499.09,-122.4048307,37.6080841,2.6,0.6,shrub
553111.38,4162646.09,-122.3982491,37.6093757,2.6,1.3,shrub
551219.38,4161102.09,-122.4197925,37.5955669,2.6,0.8,shrub
551886.38,4162508.09,-122.4121374,37.6082018,2.6,0.6,shrub
553061.38,4162113.09,-122.3988542,37.6045746,2.6,0.8,shrub
552048.38,4161309.09,-122.4103874,37.5973861,2.6,1.0,shrub
551604.38,4161718.09,-122.415388,37.6010974,2.6,0.8,shrub
551809.38,4162827.09,-122.4129872,37.6110813,2.6,0.8,shrub
552545.38,4161156.09,-122.4047686,37.5959788,2.6,0.8,shrub
552929.38,4161420.09,-122.4003997,37.5983362,2.6,0.6,shrub
552036.38,4163107.09,-122.4103954,37.6135922,2.6,0.6,shrub
552525.38,4161783.09,-122.4049501,37.6016311,2.6,0.8,shrub
551728.38,4162234.09,-122.4139468,37.6057412,2.6,0.8,shrub
551471.38,4161159.09,-122.416934,37.5960666,2.6,0.6,shrub
553137.38,4162508.09,-122.3979645,37.6081304,2.6,1.0,shrub
551310.38,4161923.09,-122.4187041,37.6029615,2.6,0.6,shrub
552365.38,4161529.09,-122.4067808,37.5993509,2.6,0.6,shrub
552684.38,4162288.09,-122.4031125,37.6061736,2.6,0.6,shrub
552726.38,4161737.09,-122.4026764,37.601205,2.6,0.6,shrub
551221.38,4161319.09,-122.4197546,37.5975226,2.6,0.6,shrub
553152.38,4162854.09,-122.3977695,37.611248,2.6,0.6,shrub
551691.38,4161786.09,-122.4143977,37.6017054,2.6,0.6,shrub
552642.38,4161191.09,-122.4036673,37.5962887,2.6,0.6,shrub
551862.38,4162590.09,-122.4124035,37.6089423,2.6,0.8,shrub
551934.38,4163133.09,-122.4115492,37.6138323,2.6,0.6,shrub
552040.38,4161327.09,-122.4104767,37.5975488,2.6,0.8,shrub
552623.38,4163057.09,-122.4037483,37.6131081,2.6,0.6,shrub
552252.38,4162543.09,-122.4079884,37.6084966,2.6,1.0,shrub
552308.38,4162964.09,-122.4073239,37.6122879,2.6,0.6,shrub
552932.38,4161687.09,-122.4003464,37.6007425,2.6,0.6,shrub
553018.38,4162261.09,-122.3993306,37.6059111,2.6,0.8,shrub
551801.38,4163058.09,-122.4130615,37.6131638,2.6,0.6,shrub
551207.38,4162381.09,-122.4198389,37.6070953,2.6,0.6,shrub
551292.38,4161429.09,-122.4189427,37.5985101,2.6,0.6,shrub
551593.38,4162080.09,-122.4154871,37.6043608,2.6,0.6,shrub
552741.38,4162787.09,-122.4024308,37.6106678,2.6,0.6,shrub
551547.38,4162147.09,-122.4160035,37.6049672,2.6,0.6,shrub
552381.38,4161610.09,-122.4065937,37.6000801,2.6,0.8,shrub
551279.38,4161659.09,-122.4190738,37.6005838,2.6,0.6,shrub
552399.38,4162552.09,-122.4063224,37.6085693,2.6,0.6,shrub
551670.38,4161102.09,-122.4146838,37.5955417,2.6,4.1,shrub
551877.38,4162619.09,-122.4122315,37.6092028,2.6,0.6,shrub
551223.38,4161876.09,-122.419693,37.6025428,2.6,1.0,shrub
552229.38,4162760.09,-122.4082335,37.6104537,2.6,0.6,shrub
552655.38,4161400.09,-122.403505,37.5981717,2.6,1.1,shrub
552591.38,4162942.09,-122.4041191,37.6120734,2.6,0.6,shrub
551525.38,4162153.09,-122.4162523,37.6050225,2.6,0.6,shrub
552671.38,4161392.09,-122.4033243,37.5980987,2.6,1.7,shrub
552280.38,4161665.09,-122.4077339,37.6005815,2.6,1.3,shrub
551929.38,4162801.09,-122.4116295,37.6108402,2.6,0.8,shrub
551854.38,4162652.09,-122.4124898,37.6095015,2.6,0.6,shrub
551725.38,4162150.09,-122.4139868,37.6049843,2.6,1.0,shrub
551960.38,4161338.09,-122.4113822,37.5976524,2.6,0.6,shrub
552935.38,4161143.09,-122.4003518,37.5958393,2.6,0.6,shrub
551426.38,4162132.09,-122.4173753,37.6048388,2.6,0.6,shrub
552597.38,4161777.09,-122.4041349,37.6015729,2.6,1.0,shrub
552390.38,4161328.09,-122.406512,37.5975379,2.6,0.8,shrub
552075.38,4162817.09,-122.4099742,37.6109762,2.6,0.6,shrub
551546.38,4161546.09,-122.4160572,37.5995504,2.6,0.6,shrub
551322.38,4162233.09,-122.4185464,37.6057549,2.6,0.6,shrub
552755.38,4162439.09,-122.4022973,37.6075305,2.6,0.8,shrub
551344.38,4162195.09,-122.4182999,37.6054112,2.6,0.6,shrub
551778.38,4162991.09,-122.4133268,37.6125612,2.6,0.6,shrub
551751.38,4161990.09,-122.4137035,37.6035407,2.6,0.6,shrub
552104.38,4163054.09,-122.4096287,37.6131106,2.6,0.6,shrub
553206.38,4162593.09,-122.3971767,37.6088925,2.6,0.6,shrub
551720.38,4161759.09,-122.414071,37.6014604,2.6,0.6,shrub
552910.38,4161245.09,-122.4006276,37.59676,2.6,0.6,shrub
553121.38,4162482.09,-122.3981477,37.607897,2.6,0.8,shrub
552468.38,4163102.09,-122.4055012,37.6135225,2.6,0.8,shrub
552350.38,4162436.09,-122.4068858,37.6075266,2.6,0.8,shrub
552357.38,4162207.09,-122.4068229,37.6054622,2.6,0.6,shrub
551702.38,4162798.09,-122.4142015,37.610826,2.6,0.6,shrub
552887.38,4161195.09,-122.4008918,37.5963107,2.6,0.6,shrub
552725.38,4163055.09,-122.4025928,37.6130842,2.6,0.8,shrub
552156.38,4163023.09,-122.4090418,37.6128283,2.6,0.8,shrub
551287.38,4162982.09,-122.4188904,37.6125076,2.6,0.8,shrub
551202.38,4162526.09,-122.4198854,37.6084024,2.6,0.8,shrub
552179.38,4162539.09,-122.4088157,37.6084647,2.6,1.7,shrub
551768.38,4161540.09,-122.4135428,37.5994839,2.6,1.0,shrub
552167.38,4162939.09,-122.4089232,37.6120706,2.6,0.6,shrub
553033.38,4162783.09,-122.3991228,37.610615,2.6,1.3,shrub
552884.38,4161836.09,-122.4008794,37.6020882,2.6,0.6,shrub
551567.38,4162031.09,-122.4157851,37.6039206,2.6,0.6,shrub
552179.38,4162545.09,-122.4088153,37.6085187,2.6,5.3,shrub
552934.38,4161213.09,-122.4003581,37.5964703,2.6,0.6,shrub
551554.38,4161431.09,-122.4159746,37.5985135,2.6,0.6,shrub
551976.38,4162508.09,-122.4111178,37.6081968,2.6,0.6,shrub
552841.38,4161811.09,-122.4013683,37.6018654,2.6,0.6,shrub
551510.38,4162223.09,-122.4164173,37.6056543,2.6,1.0,shrub
552630.38,4161747.09,-122.4037632,37.6013007,2.6,0.6,shrub
551295.38,4162397.09,-122.4188408,37.6072346,2.6,0.6,shrub
552336.38,4162301.09,-122.4070541,37.6063106,2.6,0.6,shrub
552351.38,4161358.09,-122.4069516,37.5978105,2.6,0.6,shrub
551305.38,4162100.09,-122.4187483,37.6045571,2.6,0.6,shrub
552575.38,4161884.09,-122.4043764,37.6025386,2.6,0.6,shrub
552683.38,4161785.09,-122.4031601,37.6016401,2.6,0.6,shrub
551913.38,4162769.09,-122.411813,37.6105527,2.6,0.6,shrub
551520.38,4162031.09,-122.4163175,37.6039232,2.6,0.6,shrub
551359.38,4162263.09,-122.4181252,37.6060232,2.5,0.6,shrub
551578.38,4162459.09,-122.4156303,37.6077775,2.5,0.8,shrub
551296.38,4162392.09,-122.4188298,37.6071894,2.5,0.6,shrub
551315.38,4161359.09,-122.418687,37.5978779,2.5,1.0,shrub
552113.38,4162710.09,-122.4095513,37.6100096,2.5,0.8,shrub
551456.38,4161893.09,-122.4170523,37.602683,2.5,0.6,shrub
551861.38,4162958.09,-122.4123887,37.6122591,2.5,0.6,shrub
552180.38,4161557.09,-122.4088745,37.5996138,2.5,1.0,shrub
552116.38,4161552.09,-122.4095998,37.5995724,2.5,0.8,shrub
552798.38,4161940.09,-122.4018462,37.6030305,2.5,0.6,shrub
552667.38,4162618.09,-122.4032814,37.6091489,2.5,1.1,shrub
551899.38,4162765.09,-122.4119719,37.6105175,2.5,0.8,shrub
551373.38,4162251.09,-122.4179674,37.6059143,2.5,0.6,shrub
551286.38,4162342.09,-122.4189466,37.6067393,2.5,0.6,shrub
551409.38,4162256.09,-122.4175592,37.6059574,2.5,0.6,shrub
551265.38,4161929.09,-122.4192135,37.6030181,2.5,0.8,shrub
553006.38,4162823.09,-122.3994258,37.6109771,2.5,0.6,shrub
552240.38,4162863.09,-122.4081015,37.6113814,2.5,0.6,shrub
551281.38,4161629.09,-122.4190533,37.6003133,2.5,0.6,shrub
553068.38,4162615.09,-122.3987385,37.6090988,2.5,0.6,shrub
552009.38,4162733.09,-122.4107279,37.6102228,2.5,0.8,shrub
551296.38,4161301.09,-122.4189063,37.5973562,2.5,0.6,shrub
552451.38,4161530.09,-122.4058065,37.5993551,2.5,0.8,shrub
552452.38,4162088.09,-122.4057552,37.6043843,2.5,0.6,shrub
552301.38,4161122.09,-122.4075349,37.5956863,2.5,0.6,shrub
552983.38,4162385.09,-122.3997182,37.6070307,2.5,0.6,shrub
552357.38,4161633.09,-122.406864,37.6002888,2.5,0.6,shrub
551748.38,4161423.09,-122.4137776,37.5984305,2.5,0.6,shrub
552716.38,4162984.09,-122.4026998,37.6124448,2.5,0.6,shrub
552430.38,4162454.09,-122.4059782,37.6076843,2.5,1.0,shrub
553041.38,4162538.09,-122.39905,37.6084063,2.5,0.6,shrub
552853.38,4163080.09,-122.4011407,37.6133022,2.5,0.6,shrub
551790.38,4161638.09,-122.4132866,37.6003659,2.5,0.6,shrub
552594.38,4161407.09,-122.4041955,37.5982383,2.5,0.6,shrub
552604.38,4161642.09,-122.4040653,37.6003558,2.5,0.6,shrub
552858.38,4163094.09,-122.401083,37.6134281,2.5,0.6,shrub
552645.38,4161404.09,-122.403618,37.5982083,2.5,0.6,shrub
551266.38,4161431.09,-122.419237,37.5985296,2.5,0.6,shrub
552591.38,4162876.09,-122.4041238,37.6114786,2.5,0.6,shrub
553007.38,4161929.09,-122.3994793,37.6029194,2.5,0.8,shrub
552483.38,4161779.09,-122.4054262,37.6015975,2.5,0.6,shrub
552228.38,4163034.09,-122.4082253,37.6129233,2.5,0.6,shrub
552039.38,4161364.09,-122.4104854,37.5978823,2.5,0.8,shrub
552893.38,4161943.09,-122.4007697,37.6030521,2.5,0.6,shrub
551759.38,4162048.09,-122.4136088,37.604063,2.5,0.6,shrub
552805.38,4162541.09,-122.4017235,37.608447,2.5,0.6,shrub
551388.38,4162823.09,-122.4177573,37.6110689,2.5,0.8,shrub
551748.38,4163042.09,-122.4136631,37.6130226,2.5,0.6,shrub
552657.38,4162689.09,-122.4033895,37.6097894,2.5,0.6,shrub
553072.38,4161133.09,-122.3988007,37.5957413,2.5,0.6,shrub
552982.38,4162394.09,-122.3997288,37.6071119,2.5,0.6,shrub
552083.38,4162357.09,-122.4099163,37.6068297,2.5,0.8,shrub
552637.38,4162253.09,-122.4036475,37.6058608,2.5,0.6,shrub
551428.38,4162956.09,-122.4172947,37.6122654,2.5,0.6,shrub
552547.38,4161856.09,-122.4046956,37.6022878,2.5,0.6,shrub
552319.38,4161694.09,-122.4072901,37.6008407,2.5,0.6,shrub
551806.38,4163110.09,-122.4130011,37.6136322,2.5,0.6,shrub
552321.38,4163039.09,-122.4071712,37.6129631,2.5,0.6,shrub
552300.38,4161582.09,-122.4075133,37.5998323,2.5,0.8,shrub
552690.38,4162450.09,-122.4030329,37.6076334,2.5,0.6,shrub
552307.38,4162936.09,-122.4073372,37.6120356,2.5,0.6,shrub
551804.38,4161292.09,-122.4131525,37.5972466,2.5,0.8,shrub
551692.38,4162601.09,-122.4143287,37.609051,2.5,0.8,shrub
551549.38,4162843.09,-122.4159318,37.6112402,2.5,0.6,shrub
551515.38,4161120.09,-122.4164383,37.5957126,2.5,0.6,shrub
551195.38,4162011.09,-122.4200007,37.6037611,2.5,0.6,shrub
551215.38,4162214.09,-122.41976,37.6055896,2.5,0.6,shrub
552321.38,4162330.09,-122.4072219,37.6065729,2.5,0.6,shrub
552837.38,4161984.09,-122.4014012,37.6034249,2.5,0.6,shrub
552142.38,4162454.09,-122.409241,37.6077007,2.5,0.6,shrub
551845.38,4162913.09,-122.4125732,37.6118544,2.5,0.6,shrub
551448.38,4161892.09,-122.417143,37.6026744,2.5,0.6,shrub
551363.38,4162065.09,-122.4180937,37.6042384,2.5,0.6,shrub
552505.38,4162535.09,-122.4051227,37.6084101,2.5,0.6,shrub
552962.38,4162690.09,-122.399934,37.6097809,2.5,0.8,shrub
552103.38,4162509.09,-122.4096789,37.6081986,2.5,0.6,shrub
552541.38,4162964.09,-122.404684,37.6122746,2.5,0.6,shrub
551915.38,4163100.09,-122.4117669,37.6135359,2.5,0.6,shrub
552065.38,4162740.09,-122.410093,37.6102827,2.5,0.6,shrub
552618.38,4161780.09,-122.4038968,37.6015988,2.5,0.6,shrub
552041.38,4161413.09,-122.4104593,37.5983238,2.5,0.6,shrub
552482.38,4162510.09,-122.4053851,37.608186,2.5,0.6,shrub
552652.38,4162695.09,-122.4034458,37.6098437,2.5,0.8,shrub
552397.38,4161541.09,-122.4064174,37.5994573,2.5,0.6,shrub
551231.38,4161852.09,-122.419604,37.602326,2.5,0.6,shrub
551300.38,4162111.09,-122.4188042,37.6046566,2.5,0.6,shrub
551272.38,4162426.09,-122.4190993,37.6074972,2.5,0.6,shrub
552662.38,4162707.09,-122.4033316,37.6099513,2.5,0.6,shrub
551668.38,4162953.09,-122.4145758,37.6122249,2.5,1.1,shrub
552934.38,4161679.09,-122.4003244,37.6006703,2.5,0.8,shrub
552483.38,4161343.09,-122.4054574,37.5976678,2.5,0.6,shrub
551358.38,4161928.09,-122.41816,37.6030039,2.5,0.6,shrub
551572.38,4161576.09,-122.4157605,37.5998194,2.5,0.6,shrub
552180.38,4163136.09,-122.4087618,37.6138454,2.5,1.0,shrub
551654.38,4161395.09,-122.4148444,37.5981834,2.5,0.6,shrub
552911.38,4161232.09,-122.4006172,37.5966428,2.5,0.8,shrub
551907.38,4162712.09,-122.411885,37.6100393,2.5,0.6,shrub
552538.38,4162868.09,-122.4047249,37.6114095,2.5,0.6,shrub
552535.38,4162550.09,-122.4047817,37.6085435,2.5,0.6,shrub
552319.38,4163139.09,-122.4071867,37.6138645,2.5,0.8,shrub
552682.38,4162720.09,-122.4031041,37.6100673,2.5,0.6,shrub
553164.38,4162141.09,-122.3976853,37.6048211,2.5,0.6,shrub
551270.38,4162636.09,-122.4191073,37.6093901,2.5,0.6,shrub
552417.38,4162223.09,-122.406142,37.605603,2.5,0.6,shrub
553140.38,4161712.09,-122.3979884,37.6009559,2.5,0.8,shrub
552513.38,4162554.09,-122.4050307,37.6085808,2.5,0.6,shrub
552295.38,4161564.09,-122.4075712,37.5996704,2.5,0.6,shrub
552035.38,4161382.09,-122.4105295,37.5980448,2.5,0.6,shrub
551554.38,4162490.09,-122.4159,37.6080583,2.5,0.6,shrub
551754.38,4161983.09,-122.41367,37.6034774,2.5,0.6,shrub
553225.38,4161967.09,-122.3970069,37.6032493,2.5,0.6,shrub
552148.38,4162398.09,-122.409177,37.6071956,2.5,0.6,shrub
552744.38,4161852.09,-122.4024642,37.6022405,2.5,0.6,shrub
552225.38,4162162.09,-122.4083215,37.6050641,2.5,0.6,shrub
551290.38,4162410.09,-122.4188965,37.607352,2.5,0.6,shrub
553229.38,4162384.09,-122.3969313,37.6070075,2.5,0.6,shrub
553041.38,4161284.09,-122.3991409,37.597104,2.5,0.6,shrub
552913.38,4161925.09,-122.4005445,37.6028887,2.5,0.6,shrub
552433.38,4162207.09,-122.4059619,37.6054579,2.5,0.6,shrub
552179.38,4162892.09,-122.4087906,37.6116463,2.5,0.6,shrub
552693.38,4161211.09,-122.4030881,37.5964661,2.5,0.6,shrub
552573.38,4162503.09,-122.4043546,37.6081178,2.5,0.6,shrub
551288.38,4162308.09,-122.4189264,37.6064328,2.5,0.6,shrub
552486.38,4162941.09,-122.4053088,37.6120704,2.5,0.6,shrub
551220.38,4161439.09,-122.4197576,37.5986042,2.5,0.6,shrub
551505.38,4161139.09,-122.4165502,37.5958844,2.5,0.6,shrub
551599.38,4161711.09,-122.4154451,37.6010346,2.5,0.6,shrub
551814.38,4162482.09,-122.412955,37.6079716,2.5,0.6,shrub
552682.38,4162449.09,-122.4031236,37.6076248,2.5,0.6,shrub
551666.38,4162780.09,-122.4146106,37.6106658,2.5,0.6,shrub
552519.38,4162951.09,-122.4049342,37.6121587,2.5,0.6,shrub
551381.38,4161504.09,-122.4179292,37.5991811,2.5,0.6,shrub
551423.38,4161276.09,-122.4174695,37.5971238,2.5,0.6,shrub
552909.38,4161571.09,-122.4006154,37.5996984,2.5,0.6,shrub
552146.38,4162689.09,-122.4091789,37.6098185,2.5,0.6,shrub
552221.38,4161282.09,-122.4084296,37.5971329,2.5,0.6,shrub
551543.38,4161606.09,-122.4160869,37.6000914,2.5,0.6,shrub
552671.38,4162461.09,-122.4032474,37.6077336,2.5,0.6,shrub
551329.38,4161894.09,-122.4184909,37.6026991,2.5,0.6,shrub
551637.38,4161125.09,-122.415056,37.5957508,2.5,0.6,shrub
552857.38,4161219.09,-122.4012299,37.5965288,2.5,0.6,shrub
552736.38,4162452.09,-122.4025116,37.6076488,2.5,0.6,shrub
552359.38,4161684.09,-122.4068377,37.6007483,2.5,0.6,shrub
552195.38,4161401.09,-122.4087157,37.5982069,2.5,0.6,shrub
551661.38,4161515.09,-122.4147566,37.5992646,2.5,0.6,shrub
553049.38,4162082.09,-122.3989924,37.6042959,2.5,0.6,shrub
552647.38,4162659.09,-122.403505,37.6095195,2.5,0.6,shrub
551931.38,4161188.09,-122.4117213,37.5963021,2.5,0.6,shrub
551288.38,4162426.09,-122.4189181,37.6074963,2.5,0.6,shrub
